Fitter report for gpu
<<<<<<< HEAD
Tue Sep  1 16:44:11 2026
=======
Sat Oct 10 17:23:08 2026
>>>>>>> 1ee5570 (busca ativa com erros de exibição)
Quartus Prime Version 25.1std.0 Build 1129 10/21/2025 SC Lite Edition


---------------------
; Table of Contents ;
---------------------
  1. Legal Notice
  2. Fitter Summary
  3. Fitter Settings
  4. Parallel Compilation
  5. Fitter Netlist Optimizations
  6. Ignored Assignments
  7. Incremental Compilation Preservation Summary
  8. Incremental Compilation Partition Settings
  9. Incremental Compilation Placement Preservation
 10. Pin-Out File
 11. Fitter Resource Usage Summary
 12. Fitter Partition Statistics
 13. Input Pins
 14. Output Pins
 15. I/O Bank Usage
 16. All Package Pins
 17. I/O Assignment Warnings
 18. Fitter Resource Utilization by Entity
 19. Delay Chain Summary
 20. Pad To Core Delay Chain Fanout
 21. Control Signals
 22. Global & Other Fast Signals
<<<<<<< HEAD
 23. Non-Global High Fan-Out Signals
 24. Fitter RAM Summary
 25. Fitter DSP Block Usage Summary
 26. DSP Block Details
 27. Routing Usage Summary
 28. I/O Rules Summary
 29. I/O Rules Details
 30. I/O Rules Matrix
 31. Fitter Device Options
 32. Operating Settings and Conditions
 33. Estimated Delay Added for Hold Timing Summary
 34. Estimated Delay Added for Hold Timing Details
 35. Fitter Messages
=======
 23. Fitter RAM Summary
 24. Fitter DSP Block Usage Summary
 25. DSP Block Details
 26. Routing Usage Summary
 27. I/O Rules Summary
 28. I/O Rules Details
 29. I/O Rules Matrix
 30. Fitter Device Options
 31. Operating Settings and Conditions
 32. Estimated Delay Added for Hold Timing Summary
 33. Estimated Delay Added for Hold Timing Details
 34. Fitter Messages
>>>>>>> 1ee5570 (busca ativa com erros de exibição)



----------------
; Legal Notice ;
----------------
Copyright (C) 2025  Altera Corporation. All rights reserved.
Your use of Altera Corporation's design tools, logic functions 
and other software and tools, and any partner logic 
functions, and any output files from any of the foregoing 
(including device programming or simulation files), and any 
associated documentation or information are expressly subject 
to the terms and conditions of the Altera Program License 
Subscription Agreement, the Altera Quartus Prime License Agreement,
the Altera IP License Agreement, or other applicable license
agreement, including, without limitation, that your use is for
the sole purpose of programming logic devices manufactured by
Altera and sold by Altera or its authorized distributors.  Please
refer to the Altera Software License Subscription Agreements 
on the Quartus Prime software download page.



+-----------------------------------------------------------------------------------+
; Fitter Summary                                                                    ;
+---------------------------------+-------------------------------------------------+
<<<<<<< HEAD
; Fitter Status                   ; Successful - Tue Sep  1 16:44:11 2026           ;
=======
; Fitter Status                   ; Successful - Sat Oct 10 17:23:08 2026           ;
>>>>>>> 1ee5570 (busca ativa com erros de exibição)
; Quartus Prime Version           ; 25.1std.0 Build 1129 10/21/2025 SC Lite Edition ;
; Revision Name                   ; gpu                                             ;
; Top-level Entity Name           ; gpu_de1_soc_top                                 ;
; Family                          ; Cyclone V                                       ;
; Device                          ; 5CSEMA5F31C6                                    ;
; Timing Models                   ; Final                                           ;
<<<<<<< HEAD
; Logic utilization (in ALMs)     ; 2,204 / 32,070 ( 7 % )                          ;
; Total registers                 ; 2870                                            ;
; Total pins                      ; 54 / 457 ( 12 % )                               ;
; Total virtual pins              ; 0                                               ;
; Total block memory bits         ; 751,616 / 4,065,280 ( 18 % )                    ;
; Total RAM Blocks                ; 93 / 397 ( 23 % )                               ;
; Total DSP Blocks                ; 6 / 87 ( 7 % )                                  ;
=======
; Logic utilization (in ALMs)     ; 404 / 32,070 ( 1 % )                            ;
; Total registers                 ; 321                                             ;
; Total pins                      ; 54 / 457 ( 12 % )                               ;
; Total virtual pins              ; 0                                               ;
; Total block memory bits         ; 137,216 / 4,065,280 ( 3 % )                     ;
; Total RAM Blocks                ; 17 / 397 ( 4 % )                                ;
; Total DSP Blocks                ; 2 / 87 ( 2 % )                                  ;
>>>>>>> 1ee5570 (busca ativa com erros de exibição)
; Total HSSI RX PCSs              ; 0                                               ;
; Total HSSI PMA RX Deserializers ; 0                                               ;
; Total HSSI TX PCSs              ; 0                                               ;
; Total HSSI PMA TX Serializers   ; 0                                               ;
; Total PLLs                      ; 0 / 6 ( 0 % )                                   ;
; Total DLLs                      ; 0 / 4 ( 0 % )                                   ;
+---------------------------------+-------------------------------------------------+


+----------------------------------------------------------------------------------------------------------------------------------------------------+
; Fitter Settings                                                                                                                                    ;
+--------------------------------------------------------------------+---------------------------------------+---------------------------------------+
; Option                                                             ; Setting                               ; Default Value                         ;
+--------------------------------------------------------------------+---------------------------------------+---------------------------------------+
; Device                                                             ; 5CSEMA5F31C6                          ;                                       ;
; Minimum Core Junction Temperature                                  ; 0                                     ;                                       ;
; Maximum Core Junction Temperature                                  ; 85                                    ;                                       ;
; Use smart compilation                                              ; Off                                   ; Off                                   ;
; Enable parallel Assembler and Timing Analyzer during compilation   ; On                                    ; On                                    ;
; Enable compact report table                                        ; Off                                   ; Off                                   ;
; Router Timing Optimization Level                                   ; Normal                                ; Normal                                ;
; Perform Clocking Topology Analysis During Routing                  ; Off                                   ; Off                                   ;
; Placement Effort Multiplier                                        ; 1.0                                   ; 1.0                                   ;
; Device initialization clock source                                 ; INIT_INTOSC                           ; INIT_INTOSC                           ;
; Optimize Hold Timing                                               ; All Paths                             ; All Paths                             ;
; Optimize Multi-Corner Timing                                       ; On                                    ; On                                    ;
; Auto RAM to MLAB Conversion                                        ; On                                    ; On                                    ;
; Equivalent RAM and MLAB Power Up                                   ; Auto                                  ; Auto                                  ;
; Equivalent RAM and MLAB Paused Read Capabilities                   ; Care                                  ; Care                                  ;
; Power Optimization During Fitting                                  ; Normal compilation                    ; Normal compilation                    ;
; SSN Optimization                                                   ; Off                                   ; Off                                   ;
; Optimize Timing                                                    ; Normal compilation                    ; Normal compilation                    ;
; Optimize Timing for ECOs                                           ; Off                                   ; Off                                   ;
; Regenerate Full Fit Report During ECO Compiles                     ; Off                                   ; Off                                   ;
; Optimize IOC Register Placement for Timing                         ; Normal                                ; Normal                                ;
; Final Placement Optimizations                                      ; Automatically                         ; Automatically                         ;
; Fitter Aggressive Routability Optimizations                        ; Automatically                         ; Automatically                         ;
; Fitter Initial Placement Seed                                      ; 1                                     ; 1                                     ;
; Periphery to Core Placement and Routing Optimization               ; Off                                   ; Off                                   ;
; Weak Pull-Up Resistor                                              ; Off                                   ; Off                                   ;
; Enable Bus-Hold Circuitry                                          ; Off                                   ; Off                                   ;
; Auto Packed Registers                                              ; Auto                                  ; Auto                                  ;
; Auto Delay Chains                                                  ; On                                    ; On                                    ;
; Auto Delay Chains for High Fanout Input Pins                       ; Off                                   ; Off                                   ;
; Treat Bidirectional Pin as Output Pin                              ; Off                                   ; Off                                   ;
; Perform Physical Synthesis for Combinational Logic for Fitting     ; Off                                   ; Off                                   ;
; Perform Physical Synthesis for Combinational Logic for Performance ; Off                                   ; Off                                   ;
; Perform Register Duplication for Performance                       ; Off                                   ; Off                                   ;
; Perform Register Retiming for Performance                          ; Off                                   ; Off                                   ;
; Perform Asynchronous Signal Pipelining                             ; Off                                   ; Off                                   ;
; Fitter Effort                                                      ; Auto Fit                              ; Auto Fit                              ;
; Physical Synthesis Effort Level                                    ; Normal                                ; Normal                                ;
; Logic Cell Insertion - Logic Duplication                           ; Auto                                  ; Auto                                  ;
; Auto Register Duplication                                          ; Auto                                  ; Auto                                  ;
; Auto Global Clock                                                  ; On                                    ; On                                    ;
; Auto Global Register Control Signals                               ; On                                    ; On                                    ;
; Reserve all unused pins                                            ; As input tri-stated with weak pull-up ; As input tri-stated with weak pull-up ;
; Synchronizer Identification                                        ; Auto                                  ; Auto                                  ;
; Enable Beneficial Skew Optimization                                ; On                                    ; On                                    ;
; Optimize Design for Metastability                                  ; On                                    ; On                                    ;
; Active Serial clock source                                         ; FREQ_100MHz                           ; FREQ_100MHz                           ;
; Force Fitter to Avoid Periphery Placement Warnings                 ; Off                                   ; Off                                   ;
; Clamping Diode                                                     ; Off                                   ; Off                                   ;
; Enable input tri-state on active configuration pins in user mode   ; Off                                   ; Off                                   ;
; Advanced Physical Optimization                                     ; On                                    ; On                                    ;
+--------------------------------------------------------------------+---------------------------------------+---------------------------------------+


+------------------------------------------+
; Parallel Compilation                     ;
+----------------------------+-------------+
; Processors                 ; Number      ;
+----------------------------+-------------+
; Number detected on machine ; 20          ;
; Maximum allowed            ; 14          ;
;                            ;             ;
<<<<<<< HEAD
; Average used               ; 1.49        ;
=======
; Average used               ; 1.19        ;
>>>>>>> 1ee5570 (busca ativa com erros de exibição)
; Maximum used               ; 14          ;
;                            ;             ;
; Usage by Processor         ; % Time Used ;
;     Processor 1            ; 100.0%      ;
<<<<<<< HEAD
;     Processor 2            ;   5.4%      ;
;     Processor 3            ;   4.8%      ;
;     Processor 4            ;   4.6%      ;
;     Processor 5            ;   3.8%      ;
;     Processor 6            ;   3.7%      ;
;     Processor 7            ;   3.7%      ;
;     Processor 8            ;   3.5%      ;
;     Processor 9            ;   3.3%      ;
;     Processor 10           ;   3.3%      ;
;     Processor 11           ;   3.3%      ;
;     Processor 12           ;   3.3%      ;
;     Processor 13           ;   3.3%      ;
;     Processor 14           ;   3.3%      ;
+----------------------------+-------------+


+---------------------------------------------------------------------------------------------------------------------------------------------------------------------------------------------------------------------------------------------------------------------------------------------+
; Fitter Netlist Optimizations                                                                                                                                                                                                                                                                ;
+------------------------------------------------------+------------+---------------------------------------------------+----------------------------+-----------+----------------+----------------------------------------------------------------+------------------+-----------------------+
; Node                                                 ; Action     ; Operation                                         ; Reason                     ; Node Port ; Node Port Name ; Destination Node                                               ; Destination Port ; Destination Port Name ;
+------------------------------------------------------+------------+---------------------------------------------------+----------------------------+-----------+----------------+----------------------------------------------------------------+------------------+-----------------------+
; CLOCK_50~inputCLKENA0                                ; Created    ; Placement                                         ; Fitter Periphery Placement ;           ;                ;                                                                ;                  ;                       ;
; KEY[0]~inputCLKENA0                                  ; Created    ; Placement                                         ; Fitter Periphery Placement ;           ;                ;                                                                ;                  ;                       ;
; board_input_controller:u_input_ctrl|bg_scroll_x[6]   ; Duplicated ; Router Logic Cell Insertion and Logic Duplication ; Routability optimization   ;           ;                ; board_input_controller:u_input_ctrl|bg_scroll_x[6]~DUPLICATE   ;                  ;                       ;
; board_input_controller:u_input_ctrl|bird_y_sub[5]    ; Duplicated ; Router Logic Cell Insertion and Logic Duplication ; Routability optimization   ;           ;                ; board_input_controller:u_input_ctrl|bird_y_sub[5]~DUPLICATE    ;                  ;                       ;
; board_input_controller:u_input_ctrl|bird_y_sub[6]    ; Duplicated ; Router Logic Cell Insertion and Logic Duplication ; Routability optimization   ;           ;                ; board_input_controller:u_input_ctrl|bird_y_sub[6]~DUPLICATE    ;                  ;                       ;
; board_input_controller:u_input_ctrl|bird_y_sub[9]    ; Duplicated ; Router Logic Cell Insertion and Logic Duplication ; Routability optimization   ;           ;                ; board_input_controller:u_input_ctrl|bird_y_sub[9]~DUPLICATE    ;                  ;                       ;
; board_input_controller:u_input_ctrl|bird_y_sub[10]   ; Duplicated ; Router Logic Cell Insertion and Logic Duplication ; Routability optimization   ;           ;                ; board_input_controller:u_input_ctrl|bird_y_sub[10]~DUPLICATE   ;                  ;                       ;
; board_input_controller:u_input_ctrl|bird_y_sub[11]   ; Duplicated ; Router Logic Cell Insertion and Logic Duplication ; Routability optimization   ;           ;                ; board_input_controller:u_input_ctrl|bird_y_sub[11]~DUPLICATE   ;                  ;                       ;
; board_input_controller:u_input_ctrl|cmd_data[11]     ; Duplicated ; Router Logic Cell Insertion and Logic Duplication ; Routability optimization   ;           ;                ; board_input_controller:u_input_ctrl|cmd_data[11]~DUPLICATE     ;                  ;                       ;
; board_input_controller:u_input_ctrl|frame_cnt[4]     ; Duplicated ; Router Logic Cell Insertion and Logic Duplication ; Routability optimization   ;           ;                ; board_input_controller:u_input_ctrl|frame_cnt[4]~DUPLICATE     ;                  ;                       ;
; board_input_controller:u_input_ctrl|state.S_IDLE     ; Duplicated ; Router Logic Cell Insertion and Logic Duplication ; Routability optimization   ;           ;                ; board_input_controller:u_input_ctrl|state.S_IDLE~DUPLICATE     ;                  ;                       ;
; board_input_controller:u_input_ctrl|state.S_SEND_P2  ; Duplicated ; Router Logic Cell Insertion and Logic Duplication ; Routability optimization   ;           ;                ; board_input_controller:u_input_ctrl|state.S_SEND_P2~DUPLICATE  ;                  ;                       ;
; board_input_controller:u_input_ctrl|state.S_SEND_SCR ; Duplicated ; Router Logic Cell Insertion and Logic Duplication ; Routability optimization   ;           ;                ; board_input_controller:u_input_ctrl|state.S_SEND_SCR~DUPLICATE ;                  ;                       ;
; board_input_controller:u_input_ctrl|velocity_y[0]    ; Duplicated ; Router Logic Cell Insertion and Logic Duplication ; Routability optimization   ;           ;                ; board_input_controller:u_input_ctrl|velocity_y[0]~DUPLICATE    ;                  ;                       ;
; board_input_controller:u_input_ctrl|velocity_y[4]    ; Duplicated ; Router Logic Cell Insertion and Logic Duplication ; Routability optimization   ;           ;                ; board_input_controller:u_input_ctrl|velocity_y[4]~DUPLICATE    ;                  ;                       ;
; board_input_controller:u_input_ctrl|velocity_y[6]    ; Duplicated ; Router Logic Cell Insertion and Logic Duplication ; Routability optimization   ;           ;                ; board_input_controller:u_input_ctrl|velocity_y[6]~DUPLICATE    ;                  ;                       ;
; board_input_controller:u_input_ctrl|velocity_y[7]    ; Duplicated ; Router Logic Cell Insertion and Logic Duplication ; Routability optimization   ;           ;                ; board_input_controller:u_input_ctrl|velocity_y[7]~DUPLICATE    ;                  ;                       ;
; cmd_decoder:u_cmd_decoder|rast_start                 ; Duplicated ; Router Logic Cell Insertion and Logic Duplication ; Routability optimization   ;           ;                ; cmd_decoder:u_cmd_decoder|rast_start~DUPLICATE                 ;                  ;                       ;
; cmd_decoder:u_cmd_decoder|rast_x0[0]                 ; Duplicated ; Router Logic Cell Insertion and Logic Duplication ; Routability optimization   ;           ;                ; cmd_decoder:u_cmd_decoder|rast_x0[0]~DUPLICATE                 ;                  ;                       ;
; cmd_decoder:u_cmd_decoder|rast_x0[3]                 ; Duplicated ; Router Logic Cell Insertion and Logic Duplication ; Routability optimization   ;           ;                ; cmd_decoder:u_cmd_decoder|rast_x0[3]~DUPLICATE                 ;                  ;                       ;
; cmd_decoder:u_cmd_decoder|rast_x0[4]                 ; Duplicated ; Router Logic Cell Insertion and Logic Duplication ; Routability optimization   ;           ;                ; cmd_decoder:u_cmd_decoder|rast_x0[4]~DUPLICATE                 ;                  ;                       ;
; cmd_decoder:u_cmd_decoder|rast_x0[6]                 ; Duplicated ; Router Logic Cell Insertion and Logic Duplication ; Routability optimization   ;           ;                ; cmd_decoder:u_cmd_decoder|rast_x0[6]~DUPLICATE                 ;                  ;                       ;
; cmd_decoder:u_cmd_decoder|rast_x0[7]                 ; Duplicated ; Router Logic Cell Insertion and Logic Duplication ; Routability optimization   ;           ;                ; cmd_decoder:u_cmd_decoder|rast_x0[7]~DUPLICATE                 ;                  ;                       ;
; cmd_decoder:u_cmd_decoder|rast_x0[8]                 ; Duplicated ; Router Logic Cell Insertion and Logic Duplication ; Routability optimization   ;           ;                ; cmd_decoder:u_cmd_decoder|rast_x0[8]~DUPLICATE                 ;                  ;                       ;
; cmd_decoder:u_cmd_decoder|rast_x1[1]                 ; Duplicated ; Router Logic Cell Insertion and Logic Duplication ; Routability optimization   ;           ;                ; cmd_decoder:u_cmd_decoder|rast_x1[1]~DUPLICATE                 ;                  ;                       ;
; cmd_decoder:u_cmd_decoder|rast_x1[2]                 ; Duplicated ; Router Logic Cell Insertion and Logic Duplication ; Routability optimization   ;           ;                ; cmd_decoder:u_cmd_decoder|rast_x1[2]~DUPLICATE                 ;                  ;                       ;
; cmd_decoder:u_cmd_decoder|rast_x1[3]                 ; Duplicated ; Router Logic Cell Insertion and Logic Duplication ; Routability optimization   ;           ;                ; cmd_decoder:u_cmd_decoder|rast_x1[3]~DUPLICATE                 ;                  ;                       ;
; cmd_decoder:u_cmd_decoder|rast_x1[6]                 ; Duplicated ; Router Logic Cell Insertion and Logic Duplication ; Routability optimization   ;           ;                ; cmd_decoder:u_cmd_decoder|rast_x1[6]~DUPLICATE                 ;                  ;                       ;
; cmd_decoder:u_cmd_decoder|rast_x1[8]                 ; Duplicated ; Router Logic Cell Insertion and Logic Duplication ; Routability optimization   ;           ;                ; cmd_decoder:u_cmd_decoder|rast_x1[8]~DUPLICATE                 ;                  ;                       ;
; cmd_decoder:u_cmd_decoder|rast_x2[5]                 ; Duplicated ; Router Logic Cell Insertion and Logic Duplication ; Routability optimization   ;           ;                ; cmd_decoder:u_cmd_decoder|rast_x2[5]~DUPLICATE                 ;                  ;                       ;
; cmd_decoder:u_cmd_decoder|rast_y0[1]                 ; Duplicated ; Router Logic Cell Insertion and Logic Duplication ; Routability optimization   ;           ;                ; cmd_decoder:u_cmd_decoder|rast_y0[1]~DUPLICATE                 ;                  ;                       ;
; cmd_decoder:u_cmd_decoder|rast_y0[3]                 ; Duplicated ; Router Logic Cell Insertion and Logic Duplication ; Routability optimization   ;           ;                ; cmd_decoder:u_cmd_decoder|rast_y0[3]~DUPLICATE                 ;                  ;                       ;
; cmd_decoder:u_cmd_decoder|rast_y0[5]                 ; Duplicated ; Router Logic Cell Insertion and Logic Duplication ; Routability optimization   ;           ;                ; cmd_decoder:u_cmd_decoder|rast_y0[5]~DUPLICATE                 ;                  ;                       ;
; cmd_decoder:u_cmd_decoder|rast_y0[6]                 ; Duplicated ; Router Logic Cell Insertion and Logic Duplication ; Routability optimization   ;           ;                ; cmd_decoder:u_cmd_decoder|rast_y0[6]~DUPLICATE                 ;                  ;                       ;
; cmd_decoder:u_cmd_decoder|rast_y1[2]                 ; Duplicated ; Router Logic Cell Insertion and Logic Duplication ; Routability optimization   ;           ;                ; cmd_decoder:u_cmd_decoder|rast_y1[2]~DUPLICATE                 ;                  ;                       ;
; cmd_decoder:u_cmd_decoder|rast_y1[5]                 ; Duplicated ; Router Logic Cell Insertion and Logic Duplication ; Routability optimization   ;           ;                ; cmd_decoder:u_cmd_decoder|rast_y1[5]~DUPLICATE                 ;                  ;                       ;
; cmd_decoder:u_cmd_decoder|rast_y1[6]                 ; Duplicated ; Router Logic Cell Insertion and Logic Duplication ; Routability optimization   ;           ;                ; cmd_decoder:u_cmd_decoder|rast_y1[6]~DUPLICATE                 ;                  ;                       ;
; cmd_decoder:u_cmd_decoder|rast_y1[7]                 ; Duplicated ; Router Logic Cell Insertion and Logic Duplication ; Routability optimization   ;           ;                ; cmd_decoder:u_cmd_decoder|rast_y1[7]~DUPLICATE                 ;                  ;                       ;
; cmd_decoder:u_cmd_decoder|rast_y2[4]                 ; Duplicated ; Router Logic Cell Insertion and Logic Duplication ; Routability optimization   ;           ;                ; cmd_decoder:u_cmd_decoder|rast_y2[4]~DUPLICATE                 ;                  ;                       ;
; cmd_decoder:u_cmd_decoder|rast_y2[5]                 ; Duplicated ; Router Logic Cell Insertion and Logic Duplication ; Routability optimization   ;           ;                ; cmd_decoder:u_cmd_decoder|rast_y2[5]~DUPLICATE                 ;                  ;                       ;
; cmd_decoder:u_cmd_decoder|rast_y2[6]                 ; Duplicated ; Router Logic Cell Insertion and Logic Duplication ; Routability optimization   ;           ;                ; cmd_decoder:u_cmd_decoder|rast_y2[6]~DUPLICATE                 ;                  ;                       ;
; cmd_decoder:u_cmd_decoder|rast_y2[7]                 ; Duplicated ; Router Logic Cell Insertion and Logic Duplication ; Routability optimization   ;           ;                ; cmd_decoder:u_cmd_decoder|rast_y2[7]~DUPLICATE                 ;                  ;                       ;
; cmd_decoder:u_cmd_decoder|tm_y[4]                    ; Duplicated ; Router Logic Cell Insertion and Logic Duplication ; Routability optimization   ;           ;                ; cmd_decoder:u_cmd_decoder|tm_y[4]~DUPLICATE                    ;                  ;                       ;
; polygon_rasterizer:u_rasterizer|buf_addr[13]         ; Duplicated ; Router Logic Cell Insertion and Logic Duplication ; Routability optimization   ;           ;                ; polygon_rasterizer:u_rasterizer|buf_addr[13]~DUPLICATE         ;                  ;                       ;
; polygon_rasterizer:u_rasterizer|curr_x[1]            ; Duplicated ; Router Logic Cell Insertion and Logic Duplication ; Routability optimization   ;           ;                ; polygon_rasterizer:u_rasterizer|curr_x[1]~DUPLICATE            ;                  ;                       ;
; polygon_rasterizer:u_rasterizer|curr_x[2]            ; Duplicated ; Router Logic Cell Insertion and Logic Duplication ; Routability optimization   ;           ;                ; polygon_rasterizer:u_rasterizer|curr_x[2]~DUPLICATE            ;                  ;                       ;
; polygon_rasterizer:u_rasterizer|curr_x[3]            ; Duplicated ; Router Logic Cell Insertion and Logic Duplication ; Routability optimization   ;           ;                ; polygon_rasterizer:u_rasterizer|curr_x[3]~DUPLICATE            ;                  ;                       ;
; polygon_rasterizer:u_rasterizer|curr_x[4]            ; Duplicated ; Router Logic Cell Insertion and Logic Duplication ; Routability optimization   ;           ;                ; polygon_rasterizer:u_rasterizer|curr_x[4]~DUPLICATE            ;                  ;                       ;
; polygon_rasterizer:u_rasterizer|curr_x[5]            ; Duplicated ; Router Logic Cell Insertion and Logic Duplication ; Routability optimization   ;           ;                ; polygon_rasterizer:u_rasterizer|curr_x[5]~DUPLICATE            ;                  ;                       ;
; polygon_rasterizer:u_rasterizer|curr_x[6]            ; Duplicated ; Router Logic Cell Insertion and Logic Duplication ; Routability optimization   ;           ;                ; polygon_rasterizer:u_rasterizer|curr_x[6]~DUPLICATE            ;                  ;                       ;
; polygon_rasterizer:u_rasterizer|curr_x[7]            ; Duplicated ; Router Logic Cell Insertion and Logic Duplication ; Routability optimization   ;           ;                ; polygon_rasterizer:u_rasterizer|curr_x[7]~DUPLICATE            ;                  ;                       ;
; polygon_rasterizer:u_rasterizer|curr_x[8]            ; Duplicated ; Router Logic Cell Insertion and Logic Duplication ; Routability optimization   ;           ;                ; polygon_rasterizer:u_rasterizer|curr_x[8]~DUPLICATE            ;                  ;                       ;
; polygon_rasterizer:u_rasterizer|curr_y[8]            ; Duplicated ; Router Logic Cell Insertion and Logic Duplication ; Routability optimization   ;           ;                ; polygon_rasterizer:u_rasterizer|curr_y[8]~DUPLICATE            ;                  ;                       ;
; polygon_rasterizer:u_rasterizer|state.RAST_CLEAR     ; Duplicated ; Router Logic Cell Insertion and Logic Duplication ; Routability optimization   ;           ;                ; polygon_rasterizer:u_rasterizer|state.RAST_CLEAR~DUPLICATE     ;                  ;                       ;
; sprite_engine:u_sprite_engine|sat_ram[0][14]         ; Duplicated ; Router Logic Cell Insertion and Logic Duplication ; Routability optimization   ;           ;                ; sprite_engine:u_sprite_engine|sat_ram[0][14]~DUPLICATE         ;                  ;                       ;
; vga_sync:u_vga_sync|h_cnt[1]                         ; Duplicated ; Router Logic Cell Insertion and Logic Duplication ; Routability optimization   ;           ;                ; vga_sync:u_vga_sync|h_cnt[1]~DUPLICATE                         ;                  ;                       ;
; vga_sync:u_vga_sync|h_cnt[7]                         ; Duplicated ; Router Logic Cell Insertion and Logic Duplication ; Routability optimization   ;           ;                ; vga_sync:u_vga_sync|h_cnt[7]~DUPLICATE                         ;                  ;                       ;
; vga_sync:u_vga_sync|h_cnt[8]                         ; Duplicated ; Router Logic Cell Insertion and Logic Duplication ; Routability optimization   ;           ;                ; vga_sync:u_vga_sync|h_cnt[8]~DUPLICATE                         ;                  ;                       ;
; vga_sync:u_vga_sync|h_cnt[9]                         ; Duplicated ; Router Logic Cell Insertion and Logic Duplication ; Routability optimization   ;           ;                ; vga_sync:u_vga_sync|h_cnt[9]~DUPLICATE                         ;                  ;                       ;
; vga_sync:u_vga_sync|v_cnt[1]                         ; Duplicated ; Router Logic Cell Insertion and Logic Duplication ; Routability optimization   ;           ;                ; vga_sync:u_vga_sync|v_cnt[1]~DUPLICATE                         ;                  ;                       ;
; vga_sync:u_vga_sync|v_cnt[4]                         ; Duplicated ; Router Logic Cell Insertion and Logic Duplication ; Routability optimization   ;           ;                ; vga_sync:u_vga_sync|v_cnt[4]~DUPLICATE                         ;                  ;                       ;
+------------------------------------------------------+------------+---------------------------------------------------+----------------------------+-----------+----------------+----------------------------------------------------------------+------------------+-----------------------+
=======
;     Processor 2            ;   2.0%      ;
;     Processor 3            ;   1.8%      ;
;     Processor 4            ;   1.7%      ;
;     Processor 5            ;   1.4%      ;
;     Processor 6            ;   1.4%      ;
;     Processor 7            ;   1.4%      ;
;     Processor 8            ;   1.3%      ;
;     Processor 9            ;   1.3%      ;
;     Processor 10           ;   1.3%      ;
;     Processor 11           ;   1.3%      ;
;     Processor 12           ;   1.3%      ;
;     Processor 13           ;   1.3%      ;
;     Processor 14           ;   1.3%      ;
+----------------------------+-------------+


+-------------------------------------------------------------------------------------------------------------------------------------------------------------------------------------------------------------------------------------------------------------------------------------------+
; Fitter Netlist Optimizations                                                                                                                                                                                                                                                              ;
+-----------------------------------------------------+------------+---------------------------------------------------+----------------------------+-----------+----------------+---------------------------------------------------------------+------------------+-----------------------+
; Node                                                ; Action     ; Operation                                         ; Reason                     ; Node Port ; Node Port Name ; Destination Node                                              ; Destination Port ; Destination Port Name ;
+-----------------------------------------------------+------------+---------------------------------------------------+----------------------------+-----------+----------------+---------------------------------------------------------------+------------------+-----------------------+
; CLOCK_50~inputCLKENA0                               ; Created    ; Placement                                         ; Fitter Periphery Placement ;           ;                ;                                                               ;                  ;                       ;
; KEY[0]~inputCLKENA0                                 ; Created    ; Placement                                         ; Fitter Periphery Placement ;           ;                ;                                                               ;                  ;                       ;
; board_input_controller:u_input_ctrl|bg_scroll_x[6]  ; Duplicated ; Router Logic Cell Insertion and Logic Duplication ; Routability optimization   ;           ;                ; board_input_controller:u_input_ctrl|bg_scroll_x[6]~DUPLICATE  ;                  ;                       ;
; board_input_controller:u_input_ctrl|frame_cnt[3]    ; Duplicated ; Router Logic Cell Insertion and Logic Duplication ; Routability optimization   ;           ;                ; board_input_controller:u_input_ctrl|frame_cnt[3]~DUPLICATE    ;                  ;                       ;
; board_input_controller:u_input_ctrl|frame_cnt[4]    ; Duplicated ; Router Logic Cell Insertion and Logic Duplication ; Routability optimization   ;           ;                ; board_input_controller:u_input_ctrl|frame_cnt[4]~DUPLICATE    ;                  ;                       ;
; board_input_controller:u_input_ctrl|frame_cnt[6]    ; Duplicated ; Router Logic Cell Insertion and Logic Duplication ; Routability optimization   ;           ;                ; board_input_controller:u_input_ctrl|frame_cnt[6]~DUPLICATE    ;                  ;                       ;
; board_input_controller:u_input_ctrl|frame_cnt[9]    ; Duplicated ; Router Logic Cell Insertion and Logic Duplication ; Routability optimization   ;           ;                ; board_input_controller:u_input_ctrl|frame_cnt[9]~DUPLICATE    ;                  ;                       ;
; board_input_controller:u_input_ctrl|frame_cnt[11]   ; Duplicated ; Router Logic Cell Insertion and Logic Duplication ; Routability optimization   ;           ;                ; board_input_controller:u_input_ctrl|frame_cnt[11]~DUPLICATE   ;                  ;                       ;
; board_input_controller:u_input_ctrl|frame_cnt[12]   ; Duplicated ; Router Logic Cell Insertion and Logic Duplication ; Routability optimization   ;           ;                ; board_input_controller:u_input_ctrl|frame_cnt[12]~DUPLICATE   ;                  ;                       ;
; board_input_controller:u_input_ctrl|frame_cnt[15]   ; Duplicated ; Router Logic Cell Insertion and Logic Duplication ; Routability optimization   ;           ;                ; board_input_controller:u_input_ctrl|frame_cnt[15]~DUPLICATE   ;                  ;                       ;
; board_input_controller:u_input_ctrl|frame_cnt[16]   ; Duplicated ; Router Logic Cell Insertion and Logic Duplication ; Routability optimization   ;           ;                ; board_input_controller:u_input_ctrl|frame_cnt[16]~DUPLICATE   ;                  ;                       ;
; board_input_controller:u_input_ctrl|state.S_IDLE    ; Duplicated ; Router Logic Cell Insertion and Logic Duplication ; Routability optimization   ;           ;                ; board_input_controller:u_input_ctrl|state.S_IDLE~DUPLICATE    ;                  ;                       ;
; board_input_controller:u_input_ctrl|state.S_SEND_P1 ; Duplicated ; Router Logic Cell Insertion and Logic Duplication ; Routability optimization   ;           ;                ; board_input_controller:u_input_ctrl|state.S_SEND_P1~DUPLICATE ;                  ;                       ;
; board_input_controller:u_input_ctrl|state.S_SEND_P3 ; Duplicated ; Router Logic Cell Insertion and Logic Duplication ; Routability optimization   ;           ;                ; board_input_controller:u_input_ctrl|state.S_SEND_P3~DUPLICATE ;                  ;                       ;
; board_input_controller:u_input_ctrl|state.S_SEND_R3 ; Duplicated ; Router Logic Cell Insertion and Logic Duplication ; Routability optimization   ;           ;                ; board_input_controller:u_input_ctrl|state.S_SEND_R3~DUPLICATE ;                  ;                       ;
; cmd_decoder:u_cmd_decoder|rast_x0[1]                ; Duplicated ; Router Logic Cell Insertion and Logic Duplication ; Routability optimization   ;           ;                ; cmd_decoder:u_cmd_decoder|rast_x0[1]~DUPLICATE                ;                  ;                       ;
; cmd_decoder:u_cmd_decoder|rast_x0[3]                ; Duplicated ; Router Logic Cell Insertion and Logic Duplication ; Routability optimization   ;           ;                ; cmd_decoder:u_cmd_decoder|rast_x0[3]~DUPLICATE                ;                  ;                       ;
; cmd_decoder:u_cmd_decoder|rast_x0[4]                ; Duplicated ; Router Logic Cell Insertion and Logic Duplication ; Routability optimization   ;           ;                ; cmd_decoder:u_cmd_decoder|rast_x0[4]~DUPLICATE                ;                  ;                       ;
; cmd_decoder:u_cmd_decoder|rast_x0[6]                ; Duplicated ; Router Logic Cell Insertion and Logic Duplication ; Routability optimization   ;           ;                ; cmd_decoder:u_cmd_decoder|rast_x0[6]~DUPLICATE                ;                  ;                       ;
; cmd_decoder:u_cmd_decoder|rast_x1[4]                ; Duplicated ; Router Logic Cell Insertion and Logic Duplication ; Routability optimization   ;           ;                ; cmd_decoder:u_cmd_decoder|rast_x1[4]~DUPLICATE                ;                  ;                       ;
; cmd_decoder:u_cmd_decoder|rast_x1[7]                ; Duplicated ; Router Logic Cell Insertion and Logic Duplication ; Routability optimization   ;           ;                ; cmd_decoder:u_cmd_decoder|rast_x1[7]~DUPLICATE                ;                  ;                       ;
; cmd_decoder:u_cmd_decoder|rast_y0[6]                ; Duplicated ; Router Logic Cell Insertion and Logic Duplication ; Routability optimization   ;           ;                ; cmd_decoder:u_cmd_decoder|rast_y0[6]~DUPLICATE                ;                  ;                       ;
; cmd_decoder:u_cmd_decoder|rast_y1[1]                ; Duplicated ; Router Logic Cell Insertion and Logic Duplication ; Routability optimization   ;           ;                ; cmd_decoder:u_cmd_decoder|rast_y1[1]~DUPLICATE                ;                  ;                       ;
; polygon_rasterizer:u_rasterizer|curr_x[6]           ; Duplicated ; Router Logic Cell Insertion and Logic Duplication ; Routability optimization   ;           ;                ; polygon_rasterizer:u_rasterizer|curr_x[6]~DUPLICATE           ;                  ;                       ;
; polygon_rasterizer:u_rasterizer|curr_x[8]           ; Duplicated ; Router Logic Cell Insertion and Logic Duplication ; Routability optimization   ;           ;                ; polygon_rasterizer:u_rasterizer|curr_x[8]~DUPLICATE           ;                  ;                       ;
; polygon_rasterizer:u_rasterizer|curr_y[2]           ; Duplicated ; Router Logic Cell Insertion and Logic Duplication ; Routability optimization   ;           ;                ; polygon_rasterizer:u_rasterizer|curr_y[2]~DUPLICATE           ;                  ;                       ;
; polygon_rasterizer:u_rasterizer|curr_y[7]           ; Duplicated ; Router Logic Cell Insertion and Logic Duplication ; Routability optimization   ;           ;                ; polygon_rasterizer:u_rasterizer|curr_y[7]~DUPLICATE           ;                  ;                       ;
; polygon_rasterizer:u_rasterizer|state.RAST_TRI      ; Duplicated ; Router Logic Cell Insertion and Logic Duplication ; Routability optimization   ;           ;                ; polygon_rasterizer:u_rasterizer|state.RAST_TRI~DUPLICATE      ;                  ;                       ;
; polygon_rasterizer:u_rasterizer|vx0[2]              ; Duplicated ; Router Logic Cell Insertion and Logic Duplication ; Routability optimization   ;           ;                ; polygon_rasterizer:u_rasterizer|vx0[2]~DUPLICATE              ;                  ;                       ;
; polygon_rasterizer:u_rasterizer|vx0[5]              ; Duplicated ; Router Logic Cell Insertion and Logic Duplication ; Routability optimization   ;           ;                ; polygon_rasterizer:u_rasterizer|vx0[5]~DUPLICATE              ;                  ;                       ;
; polygon_rasterizer:u_rasterizer|vx0[6]              ; Duplicated ; Router Logic Cell Insertion and Logic Duplication ; Routability optimization   ;           ;                ; polygon_rasterizer:u_rasterizer|vx0[6]~DUPLICATE              ;                  ;                       ;
; polygon_rasterizer:u_rasterizer|vx0[7]              ; Duplicated ; Router Logic Cell Insertion and Logic Duplication ; Routability optimization   ;           ;                ; polygon_rasterizer:u_rasterizer|vx0[7]~DUPLICATE              ;                  ;                       ;
; polygon_rasterizer:u_rasterizer|vy0[1]              ; Duplicated ; Router Logic Cell Insertion and Logic Duplication ; Routability optimization   ;           ;                ; polygon_rasterizer:u_rasterizer|vy0[1]~DUPLICATE              ;                  ;                       ;
; polygon_rasterizer:u_rasterizer|vy0[5]              ; Duplicated ; Router Logic Cell Insertion and Logic Duplication ; Routability optimization   ;           ;                ; polygon_rasterizer:u_rasterizer|vy0[5]~DUPLICATE              ;                  ;                       ;
; polygon_rasterizer:u_rasterizer|vy0[6]              ; Duplicated ; Router Logic Cell Insertion and Logic Duplication ; Routability optimization   ;           ;                ; polygon_rasterizer:u_rasterizer|vy0[6]~DUPLICATE              ;                  ;                       ;
+-----------------------------------------------------+------------+---------------------------------------------------+----------------------------+-----------+----------------+---------------------------------------------------------------+------------------+-----------------------+
>>>>>>> 1ee5570 (busca ativa com erros de exibição)


+---------------------------------------------------------------------------------------------+
; Ignored Assignments                                                                         ;
+--------------+-----------------+--------------+------------+---------------+----------------+
; Name         ; Ignored Entity  ; Ignored From ; Ignored To ; Ignored Value ; Ignored Source ;
+--------------+-----------------+--------------+------------+---------------+----------------+
; I/O Standard ; gpu_de1_soc_top ;              ; KEY[*]     ; 3.3-V LVTTL   ; QSF Assignment ;
; I/O Standard ; gpu_de1_soc_top ;              ; LEDR[*]    ; 3.3-V LVTTL   ; QSF Assignment ;
; I/O Standard ; gpu_de1_soc_top ;              ; SW[*]      ; 3.3-V LVTTL   ; QSF Assignment ;
; I/O Standard ; gpu_de1_soc_top ;              ; VGA_B[*]   ; 3.3-V LVTTL   ; QSF Assignment ;
; I/O Standard ; gpu_de1_soc_top ;              ; VGA_G[*]   ; 3.3-V LVTTL   ; QSF Assignment ;
; I/O Standard ; gpu_de1_soc_top ;              ; VGA_R[*]   ; 3.3-V LVTTL   ; QSF Assignment ;
+--------------+-----------------+--------------+------------+---------------+----------------+


+---------------------------------------------------------------------------------------------------+
; Incremental Compilation Preservation Summary                                                      ;
+---------------------+---------------------+----------------------------+--------------------------+
; Type                ; Total [A + B]       ; From Design Partitions [A] ; From Rapid Recompile [B] ;
+---------------------+---------------------+----------------------------+--------------------------+
; Placement (by node) ;                     ;                            ;                          ;
<<<<<<< HEAD
;     -- Requested    ; 0.00 % ( 0 / 6779 ) ; 0.00 % ( 0 / 6779 )        ; 0.00 % ( 0 / 6779 )      ;
;     -- Achieved     ; 0.00 % ( 0 / 6779 ) ; 0.00 % ( 0 / 6779 )        ; 0.00 % ( 0 / 6779 )      ;
=======
;     -- Requested    ; 0.00 % ( 0 / 1068 ) ; 0.00 % ( 0 / 1068 )        ; 0.00 % ( 0 / 1068 )      ;
;     -- Achieved     ; 0.00 % ( 0 / 1068 ) ; 0.00 % ( 0 / 1068 )        ; 0.00 % ( 0 / 1068 )      ;
>>>>>>> 1ee5570 (busca ativa com erros de exibição)
;                     ;                     ;                            ;                          ;
; Routing (by net)    ;                     ;                            ;                          ;
;     -- Requested    ; 0.00 % ( 0 / 0 )    ; 0.00 % ( 0 / 0 )           ; 0.00 % ( 0 / 0 )         ;
;     -- Achieved     ; 0.00 % ( 0 / 0 )    ; 0.00 % ( 0 / 0 )           ; 0.00 % ( 0 / 0 )         ;
+---------------------+---------------------+----------------------------+--------------------------+


+----------------------------------------------------------------------------------------------------------------------------------------------------------------------------------------+
; Incremental Compilation Partition Settings                                                                                                                                             ;
+--------------------------------+----------------+-------------------+-------------------------+------------------------+------------------------------+--------------------------------+
; Partition Name                 ; Partition Type ; Netlist Type Used ; Preservation Level Used ; Netlist Type Requested ; Preservation Level Requested ; Contents                       ;
+--------------------------------+----------------+-------------------+-------------------------+------------------------+------------------------------+--------------------------------+
; Top                            ; User-created   ; Source File       ; N/A                     ; Source File            ; N/A                          ;                                ;
; hard_block:auto_generated_inst ; Auto-generated ; Source File       ; N/A                     ; Source File            ; N/A                          ; hard_block:auto_generated_inst ;
+--------------------------------+----------------+-------------------+-------------------------+------------------------+------------------------------+--------------------------------+


+------------------------------------------------------------------------------------------------------------------------------------+
; Incremental Compilation Placement Preservation                                                                                     ;
+--------------------------------+-----------------------+-------------------------+-------------------+---------------------+-------+
; Partition Name                 ; Preservation Achieved ; Preservation Level Used ; Netlist Type Used ; Preservation Method ; Notes ;
+--------------------------------+-----------------------+-------------------------+-------------------+---------------------+-------+
<<<<<<< HEAD
; Top                            ; 0.00 % ( 0 / 6779 )   ; N/A                     ; Source File       ; N/A                 ;       ;
=======
; Top                            ; 0.00 % ( 0 / 1068 )   ; N/A                     ; Source File       ; N/A                 ;       ;
>>>>>>> 1ee5570 (busca ativa com erros de exibição)
; hard_block:auto_generated_inst ; 0.00 % ( 0 / 0 )      ; N/A                     ; Source File       ; N/A                 ;       ;
+--------------------------------+-----------------------+-------------------------+-------------------+---------------------+-------+


+--------------+
; Pin-Out File ;
+--------------+
<<<<<<< HEAD
The pin-out file can be found in /home/aluno/Downloads/PBL1_rml/output_files/gpu.pin.


+---------------------------------------------------------------------------------------------+
; Fitter Resource Usage Summary                                                               ;
+-------------------------------------------------------------+-----------------------+-------+
; Resource                                                    ; Usage                 ; %     ;
+-------------------------------------------------------------+-----------------------+-------+
; Logic utilization (ALMs needed / total ALMs on device)      ; 2,204 / 32,070        ; 7 %   ;
; ALMs needed [=A-B+C]                                        ; 2,204                 ;       ;
;     [A] ALMs used in final placement [=a+b+c+d]             ; 2,609 / 32,070        ; 8 %   ;
;         [a] ALMs used for LUT logic and registers           ; 938                   ;       ;
;         [b] ALMs used for LUT logic                         ; 1,211                 ;       ;
;         [c] ALMs used for registers                         ; 460                   ;       ;
;         [d] ALMs used for memory (up to half of total ALMs) ; 0                     ;       ;
;     [B] Estimate of ALMs recoverable by dense packing       ; 406 / 32,070          ; 1 %   ;
;     [C] Estimate of ALMs unavailable [=a+b+c+d]             ; 1 / 32,070            ; < 1 % ;
;         [a] Due to location constrained logic               ; 0                     ;       ;
;         [b] Due to LAB-wide signal conflicts                ; 1                     ;       ;
;         [c] Due to LAB input limits                         ; 0                     ;       ;
;         [d] Due to virtual I/Os                             ; 0                     ;       ;
;                                                             ;                       ;       ;
; Difficulty packing design                                   ; Low                   ;       ;
;                                                             ;                       ;       ;
; Total LABs:  partially or completely used                   ; 356 / 3,207           ; 11 %  ;
;     -- Logic LABs                                           ; 356                   ;       ;
;     -- Memory LABs (up to half of total LABs)               ; 0                     ;       ;
;                                                             ;                       ;       ;
; Combinational ALUT usage for logic                          ; 3,734                 ;       ;
;     -- 7 input functions                                    ; 178                   ;       ;
;     -- 6 input functions                                    ; 560                   ;       ;
;     -- 5 input functions                                    ; 386                   ;       ;
;     -- 4 input functions                                    ; 1,076                 ;       ;
;     -- <=3 input functions                                  ; 1,534                 ;       ;
; Combinational ALUT usage for route-throughs                 ; 255                   ;       ;
;                                                             ;                       ;       ;
; Dedicated logic registers                                   ; 2,870                 ;       ;
;     -- By type:                                             ;                       ;       ;
;         -- Primary logic registers                          ; 2,795 / 64,140        ; 4 %   ;
;         -- Secondary logic registers                        ; 75 / 64,140           ; < 1 % ;
;     -- By function:                                         ;                       ;       ;
;         -- Design implementation registers                  ; 2,811                 ;       ;
;         -- Routing optimization registers                   ; 59                    ;       ;
;                                                             ;                       ;       ;
; Virtual pins                                                ; 0                     ;       ;
; I/O pins                                                    ; 54 / 457              ; 12 %  ;
;     -- Clock pins                                           ; 4 / 8                 ; 50 %  ;
;     -- Dedicated input pins                                 ; 0 / 21                ; 0 %   ;
;                                                             ;                       ;       ;
; Hard processor system peripheral utilization                ;                       ;       ;
;     -- Boot from FPGA                                       ; 0 / 1 ( 0 % )         ;       ;
;     -- Clock resets                                         ; 0 / 1 ( 0 % )         ;       ;
;     -- Cross trigger                                        ; 0 / 1 ( 0 % )         ;       ;
;     -- S2F AXI                                              ; 0 / 1 ( 0 % )         ;       ;
;     -- F2S AXI                                              ; 0 / 1 ( 0 % )         ;       ;
;     -- AXI Lightweight                                      ; 0 / 1 ( 0 % )         ;       ;
;     -- SDRAM                                                ; 0 / 1 ( 0 % )         ;       ;
;     -- Interrupts                                           ; 0 / 1 ( 0 % )         ;       ;
;     -- JTAG                                                 ; 0 / 1 ( 0 % )         ;       ;
;     -- Loan I/O                                             ; 0 / 1 ( 0 % )         ;       ;
;     -- MPU event standby                                    ; 0 / 1 ( 0 % )         ;       ;
;     -- MPU general purpose                                  ; 0 / 1 ( 0 % )         ;       ;
;     -- STM event                                            ; 0 / 1 ( 0 % )         ;       ;
;     -- TPIU trace                                           ; 0 / 1 ( 0 % )         ;       ;
;     -- DMA                                                  ; 0 / 1 ( 0 % )         ;       ;
;     -- CAN                                                  ; 0 / 2 ( 0 % )         ;       ;
;     -- EMAC                                                 ; 0 / 2 ( 0 % )         ;       ;
;     -- I2C                                                  ; 0 / 4 ( 0 % )         ;       ;
;     -- NAND Flash                                           ; 0 / 1 ( 0 % )         ;       ;
;     -- QSPI                                                 ; 0 / 1 ( 0 % )         ;       ;
;     -- SDMMC                                                ; 0 / 1 ( 0 % )         ;       ;
;     -- SPI Master                                           ; 0 / 2 ( 0 % )         ;       ;
;     -- SPI Slave                                            ; 0 / 2 ( 0 % )         ;       ;
;     -- UART                                                 ; 0 / 2 ( 0 % )         ;       ;
;     -- USB                                                  ; 0 / 2 ( 0 % )         ;       ;
;                                                             ;                       ;       ;
; M10K blocks                                                 ; 93 / 397              ; 23 %  ;
; Total MLAB memory bits                                      ; 0                     ;       ;
; Total block memory bits                                     ; 751,616 / 4,065,280   ; 18 %  ;
; Total block memory implementation bits                      ; 952,320 / 4,065,280   ; 23 %  ;
;                                                             ;                       ;       ;
; Total DSP Blocks                                            ; 6 / 87                ; 7 %   ;
;                                                             ;                       ;       ;
; Fractional PLLs                                             ; 0 / 6                 ; 0 %   ;
; Global signals                                              ; 2                     ;       ;
;     -- Global clocks                                        ; 2 / 16                ; 13 %  ;
;     -- Quadrant clocks                                      ; 0 / 66                ; 0 %   ;
;     -- Horizontal periphery clocks                          ; 0 / 18                ; 0 %   ;
; SERDES Transmitters                                         ; 0 / 100               ; 0 %   ;
; SERDES Receivers                                            ; 0 / 100               ; 0 %   ;
; JTAGs                                                       ; 0 / 1                 ; 0 %   ;
; ASMI blocks                                                 ; 0 / 1                 ; 0 %   ;
; CRC blocks                                                  ; 0 / 1                 ; 0 %   ;
; Remote update blocks                                        ; 0 / 1                 ; 0 %   ;
; Oscillator blocks                                           ; 0 / 1                 ; 0 %   ;
; Impedance control blocks                                    ; 0 / 4                 ; 0 %   ;
; Hard Memory Controllers                                     ; 0 / 2                 ; 0 %   ;
; Average interconnect usage (total/H/V)                      ; 3.1% / 3.1% / 3.2%    ;       ;
; Peak interconnect usage (total/H/V)                         ; 30.7% / 31.8% / 29.9% ;       ;
; Maximum fan-out                                             ; 2948                  ;       ;
; Highest non-global fan-out                                  ; 1131                  ;       ;
; Total fan-out                                               ; 25312                 ;       ;
; Average fan-out                                             ; 3.58                  ;       ;
+-------------------------------------------------------------+-----------------------+-------+


+---------------------------------------------------------------------------------------------------------------------+
; Fitter Partition Statistics                                                                                         ;
+-------------------------------------------------------------+----------------------+--------------------------------+
; Statistic                                                   ; Top                  ; hard_block:auto_generated_inst ;
+-------------------------------------------------------------+----------------------+--------------------------------+
; Logic utilization (ALMs needed / total ALMs on device)      ; 2204 / 32070 ( 7 % ) ; 0 / 32070 ( 0 % )              ;
; ALMs needed [=A-B+C]                                        ; 2204                 ; 0                              ;
;     [A] ALMs used in final placement [=a+b+c+d]             ; 2609 / 32070 ( 8 % ) ; 0 / 32070 ( 0 % )              ;
;         [a] ALMs used for LUT logic and registers           ; 938                  ; 0                              ;
;         [b] ALMs used for LUT logic                         ; 1211                 ; 0                              ;
;         [c] ALMs used for registers                         ; 460                  ; 0                              ;
;         [d] ALMs used for memory (up to half of total ALMs) ; 0                    ; 0                              ;
;     [B] Estimate of ALMs recoverable by dense packing       ; 406 / 32070 ( 1 % )  ; 0 / 32070 ( 0 % )              ;
;     [C] Estimate of ALMs unavailable [=a+b+c+d]             ; 1 / 32070 ( < 1 % )  ; 0 / 32070 ( 0 % )              ;
;         [a] Due to location constrained logic               ; 0                    ; 0                              ;
;         [b] Due to LAB-wide signal conflicts                ; 1                    ; 0                              ;
;         [c] Due to LAB input limits                         ; 0                    ; 0                              ;
;         [d] Due to virtual I/Os                             ; 0                    ; 0                              ;
;                                                             ;                      ;                                ;
; Difficulty packing design                                   ; Low                  ; Low                            ;
;                                                             ;                      ;                                ;
; Total LABs:  partially or completely used                   ; 356 / 3207 ( 11 % )  ; 0 / 3207 ( 0 % )               ;
;     -- Logic LABs                                           ; 356                  ; 0                              ;
;     -- Memory LABs (up to half of total LABs)               ; 0                    ; 0                              ;
;                                                             ;                      ;                                ;
; Combinational ALUT usage for logic                          ; 3734                 ; 0                              ;
;     -- 7 input functions                                    ; 178                  ; 0                              ;
;     -- 6 input functions                                    ; 560                  ; 0                              ;
;     -- 5 input functions                                    ; 386                  ; 0                              ;
;     -- 4 input functions                                    ; 1076                 ; 0                              ;
;     -- <=3 input functions                                  ; 1534                 ; 0                              ;
; Combinational ALUT usage for route-throughs                 ; 255                  ; 0                              ;
; Memory ALUT usage                                           ; 0                    ; 0                              ;
;     -- 64-address deep                                      ; 0                    ; 0                              ;
;     -- 32-address deep                                      ; 0                    ; 0                              ;
;                                                             ;                      ;                                ;
; Dedicated logic registers                                   ; 0                    ; 0                              ;
;     -- By type:                                             ;                      ;                                ;
;         -- Primary logic registers                          ; 2795 / 64140 ( 4 % ) ; 0 / 64140 ( 0 % )              ;
;         -- Secondary logic registers                        ; 75 / 64140 ( < 1 % ) ; 0 / 64140 ( 0 % )              ;
;     -- By function:                                         ;                      ;                                ;
;         -- Design implementation registers                  ; 2811                 ; 0                              ;
;         -- Routing optimization registers                   ; 59                   ; 0                              ;
;                                                             ;                      ;                                ;
;                                                             ;                      ;                                ;
; Virtual pins                                                ; 0                    ; 0                              ;
; I/O pins                                                    ; 54                   ; 0                              ;
; I/O registers                                               ; 0                    ; 0                              ;
; Total block memory bits                                     ; 751616               ; 0                              ;
; Total block memory implementation bits                      ; 952320               ; 0                              ;
; M10K block                                                  ; 93 / 397 ( 23 % )    ; 0 / 397 ( 0 % )                ;
; DSP block                                                   ; 6 / 87 ( 6 % )       ; 0 / 87 ( 0 % )                 ;
; Clock enable block                                          ; 2 / 116 ( 1 % )      ; 0 / 116 ( 0 % )                ;
;                                                             ;                      ;                                ;
; Connections                                                 ;                      ;                                ;
;     -- Input Connections                                    ; 0                    ; 0                              ;
;     -- Registered Input Connections                         ; 0                    ; 0                              ;
;     -- Output Connections                                   ; 0                    ; 0                              ;
;     -- Registered Output Connections                        ; 0                    ; 0                              ;
;                                                             ;                      ;                                ;
; Internal Connections                                        ;                      ;                                ;
;     -- Total Connections                                    ; 27164                ; 0                              ;
;     -- Registered Connections                               ; 9505                 ; 0                              ;
;                                                             ;                      ;                                ;
; External Connections                                        ;                      ;                                ;
;     -- Top                                                  ; 0                    ; 0                              ;
;     -- hard_block:auto_generated_inst                       ; 0                    ; 0                              ;
;                                                             ;                      ;                                ;
; Partition Interface                                         ;                      ;                                ;
;     -- Input Ports                                          ; 15                   ; 0                              ;
;     -- Output Ports                                         ; 39                   ; 0                              ;
;     -- Bidir Ports                                          ; 0                    ; 0                              ;
;                                                             ;                      ;                                ;
; Registered Ports                                            ;                      ;                                ;
;     -- Registered Input Ports                               ; 0                    ; 0                              ;
;     -- Registered Output Ports                              ; 0                    ; 0                              ;
;                                                             ;                      ;                                ;
; Port Connectivity                                           ;                      ;                                ;
;     -- Input Ports driven by GND                            ; 0                    ; 0                              ;
;     -- Output Ports driven by GND                           ; 0                    ; 0                              ;
;     -- Input Ports driven by VCC                            ; 0                    ; 0                              ;
;     -- Output Ports driven by VCC                           ; 0                    ; 0                              ;
;     -- Input Ports with no Source                           ; 0                    ; 0                              ;
;     -- Output Ports with no Source                          ; 0                    ; 0                              ;
;     -- Input Ports with no Fanout                           ; 0                    ; 0                              ;
;     -- Output Ports with no Fanout                          ; 0                    ; 0                              ;
+-------------------------------------------------------------+----------------------+--------------------------------+
=======
The pin-out file can be found in /home/aluno/Downloads/PBL2SD-pbl2-etapa3-conclusao-pbl1/output_files/gpu.pin.


+-------------------------------------------------------------------------------------------+
; Fitter Resource Usage Summary                                                             ;
+-------------------------------------------------------------+---------------------+-------+
; Resource                                                    ; Usage               ; %     ;
+-------------------------------------------------------------+---------------------+-------+
; Logic utilization (ALMs needed / total ALMs on device)      ; 404 / 32,070        ; 1 %   ;
; ALMs needed [=A-B+C]                                        ; 404                 ;       ;
;     [A] ALMs used in final placement [=a+b+c+d]             ; 418 / 32,070        ; 1 %   ;
;         [a] ALMs used for LUT logic and registers           ; 115                 ;       ;
;         [b] ALMs used for LUT logic                         ; 275                 ;       ;
;         [c] ALMs used for registers                         ; 28                  ;       ;
;         [d] ALMs used for memory (up to half of total ALMs) ; 0                   ;       ;
;     [B] Estimate of ALMs recoverable by dense packing       ; 14 / 32,070         ; < 1 % ;
;     [C] Estimate of ALMs unavailable [=a+b+c+d]             ; 0 / 32,070          ; 0 %   ;
;         [a] Due to location constrained logic               ; 0                   ;       ;
;         [b] Due to LAB-wide signal conflicts                ; 0                   ;       ;
;         [c] Due to LAB input limits                         ; 0                   ;       ;
;         [d] Due to virtual I/Os                             ; 0                   ;       ;
;                                                             ;                     ;       ;
; Difficulty packing design                                   ; Low                 ;       ;
;                                                             ;                     ;       ;
; Total LABs:  partially or completely used                   ; 57 / 3,207          ; 2 %   ;
;     -- Logic LABs                                           ; 57                  ;       ;
;     -- Memory LABs (up to half of total LABs)               ; 0                   ;       ;
;                                                             ;                     ;       ;
; Combinational ALUT usage for logic                          ; 630                 ;       ;
;     -- 7 input functions                                    ; 12                  ;       ;
;     -- 6 input functions                                    ; 182                 ;       ;
;     -- 5 input functions                                    ; 98                  ;       ;
;     -- 4 input functions                                    ; 82                  ;       ;
;     -- <=3 input functions                                  ; 256                 ;       ;
; Combinational ALUT usage for route-throughs                 ; 9                   ;       ;
;                                                             ;                     ;       ;
; Dedicated logic registers                                   ; 321                 ;       ;
;     -- By type:                                             ;                     ;       ;
;         -- Primary logic registers                          ; 286 / 64,140        ; < 1 % ;
;         -- Secondary logic registers                        ; 35 / 64,140         ; < 1 % ;
;     -- By function:                                         ;                     ;       ;
;         -- Design implementation registers                  ; 288                 ;       ;
;         -- Routing optimization registers                   ; 33                  ;       ;
;                                                             ;                     ;       ;
; Virtual pins                                                ; 0                   ;       ;
; I/O pins                                                    ; 54 / 457            ; 12 %  ;
;     -- Clock pins                                           ; 4 / 8               ; 50 %  ;
;     -- Dedicated input pins                                 ; 0 / 21              ; 0 %   ;
;                                                             ;                     ;       ;
; Hard processor system peripheral utilization                ;                     ;       ;
;     -- Boot from FPGA                                       ; 0 / 1 ( 0 % )       ;       ;
;     -- Clock resets                                         ; 0 / 1 ( 0 % )       ;       ;
;     -- Cross trigger                                        ; 0 / 1 ( 0 % )       ;       ;
;     -- S2F AXI                                              ; 0 / 1 ( 0 % )       ;       ;
;     -- F2S AXI                                              ; 0 / 1 ( 0 % )       ;       ;
;     -- AXI Lightweight                                      ; 0 / 1 ( 0 % )       ;       ;
;     -- SDRAM                                                ; 0 / 1 ( 0 % )       ;       ;
;     -- Interrupts                                           ; 0 / 1 ( 0 % )       ;       ;
;     -- JTAG                                                 ; 0 / 1 ( 0 % )       ;       ;
;     -- Loan I/O                                             ; 0 / 1 ( 0 % )       ;       ;
;     -- MPU event standby                                    ; 0 / 1 ( 0 % )       ;       ;
;     -- MPU general purpose                                  ; 0 / 1 ( 0 % )       ;       ;
;     -- STM event                                            ; 0 / 1 ( 0 % )       ;       ;
;     -- TPIU trace                                           ; 0 / 1 ( 0 % )       ;       ;
;     -- DMA                                                  ; 0 / 1 ( 0 % )       ;       ;
;     -- CAN                                                  ; 0 / 2 ( 0 % )       ;       ;
;     -- EMAC                                                 ; 0 / 2 ( 0 % )       ;       ;
;     -- I2C                                                  ; 0 / 4 ( 0 % )       ;       ;
;     -- NAND Flash                                           ; 0 / 1 ( 0 % )       ;       ;
;     -- QSPI                                                 ; 0 / 1 ( 0 % )       ;       ;
;     -- SDMMC                                                ; 0 / 1 ( 0 % )       ;       ;
;     -- SPI Master                                           ; 0 / 2 ( 0 % )       ;       ;
;     -- SPI Slave                                            ; 0 / 2 ( 0 % )       ;       ;
;     -- UART                                                 ; 0 / 2 ( 0 % )       ;       ;
;     -- USB                                                  ; 0 / 2 ( 0 % )       ;       ;
;                                                             ;                     ;       ;
; M10K blocks                                                 ; 17 / 397            ; 4 %   ;
; Total MLAB memory bits                                      ; 0                   ;       ;
; Total block memory bits                                     ; 137,216 / 4,065,280 ; 3 %   ;
; Total block memory implementation bits                      ; 174,080 / 4,065,280 ; 4 %   ;
;                                                             ;                     ;       ;
; Total DSP Blocks                                            ; 2 / 87              ; 2 %   ;
;                                                             ;                     ;       ;
; Fractional PLLs                                             ; 0 / 6               ; 0 %   ;
; Global signals                                              ; 2                   ;       ;
;     -- Global clocks                                        ; 2 / 16              ; 13 %  ;
;     -- Quadrant clocks                                      ; 0 / 66              ; 0 %   ;
;     -- Horizontal periphery clocks                          ; 0 / 18              ; 0 %   ;
; SERDES Transmitters                                         ; 0 / 100             ; 0 %   ;
; SERDES Receivers                                            ; 0 / 100             ; 0 %   ;
; JTAGs                                                       ; 0 / 1               ; 0 %   ;
; ASMI blocks                                                 ; 0 / 1               ; 0 %   ;
; CRC blocks                                                  ; 0 / 1               ; 0 %   ;
; Remote update blocks                                        ; 0 / 1               ; 0 %   ;
; Oscillator blocks                                           ; 0 / 1               ; 0 %   ;
; Impedance control blocks                                    ; 0 / 4               ; 0 %   ;
; Hard Memory Controllers                                     ; 0 / 2               ; 0 %   ;
; Average interconnect usage (total/H/V)                      ; 0.3% / 0.3% / 0.3%  ;       ;
; Peak interconnect usage (total/H/V)                         ; 8.3% / 9.2% / 5.9%  ;       ;
; Maximum fan-out                                             ; 318                 ;       ;
; Highest non-global fan-out                                  ; 87                  ;       ;
; Total fan-out                                               ; 4279                ;       ;
; Average fan-out                                             ; 3.93                ;       ;
+-------------------------------------------------------------+---------------------+-------+


+----------------------------------------------------------------------------------------------------------------------+
; Fitter Partition Statistics                                                                                          ;
+-------------------------------------------------------------+-----------------------+--------------------------------+
; Statistic                                                   ; Top                   ; hard_block:auto_generated_inst ;
+-------------------------------------------------------------+-----------------------+--------------------------------+
; Logic utilization (ALMs needed / total ALMs on device)      ; 404 / 32070 ( 1 % )   ; 0 / 32070 ( 0 % )              ;
; ALMs needed [=A-B+C]                                        ; 404                   ; 0                              ;
;     [A] ALMs used in final placement [=a+b+c+d]             ; 418 / 32070 ( 1 % )   ; 0 / 32070 ( 0 % )              ;
;         [a] ALMs used for LUT logic and registers           ; 115                   ; 0                              ;
;         [b] ALMs used for LUT logic                         ; 275                   ; 0                              ;
;         [c] ALMs used for registers                         ; 28                    ; 0                              ;
;         [d] ALMs used for memory (up to half of total ALMs) ; 0                     ; 0                              ;
;     [B] Estimate of ALMs recoverable by dense packing       ; 14 / 32070 ( < 1 % )  ; 0 / 32070 ( 0 % )              ;
;     [C] Estimate of ALMs unavailable [=a+b+c+d]             ; 0 / 32070 ( 0 % )     ; 0 / 32070 ( 0 % )              ;
;         [a] Due to location constrained logic               ; 0                     ; 0                              ;
;         [b] Due to LAB-wide signal conflicts                ; 0                     ; 0                              ;
;         [c] Due to LAB input limits                         ; 0                     ; 0                              ;
;         [d] Due to virtual I/Os                             ; 0                     ; 0                              ;
;                                                             ;                       ;                                ;
; Difficulty packing design                                   ; Low                   ; Low                            ;
;                                                             ;                       ;                                ;
; Total LABs:  partially or completely used                   ; 57 / 3207 ( 2 % )     ; 0 / 3207 ( 0 % )               ;
;     -- Logic LABs                                           ; 57                    ; 0                              ;
;     -- Memory LABs (up to half of total LABs)               ; 0                     ; 0                              ;
;                                                             ;                       ;                                ;
; Combinational ALUT usage for logic                          ; 630                   ; 0                              ;
;     -- 7 input functions                                    ; 12                    ; 0                              ;
;     -- 6 input functions                                    ; 182                   ; 0                              ;
;     -- 5 input functions                                    ; 98                    ; 0                              ;
;     -- 4 input functions                                    ; 82                    ; 0                              ;
;     -- <=3 input functions                                  ; 256                   ; 0                              ;
; Combinational ALUT usage for route-throughs                 ; 9                     ; 0                              ;
; Memory ALUT usage                                           ; 0                     ; 0                              ;
;     -- 64-address deep                                      ; 0                     ; 0                              ;
;     -- 32-address deep                                      ; 0                     ; 0                              ;
;                                                             ;                       ;                                ;
; Dedicated logic registers                                   ; 0                     ; 0                              ;
;     -- By type:                                             ;                       ;                                ;
;         -- Primary logic registers                          ; 286 / 64140 ( < 1 % ) ; 0 / 64140 ( 0 % )              ;
;         -- Secondary logic registers                        ; 35 / 64140 ( < 1 % )  ; 0 / 64140 ( 0 % )              ;
;     -- By function:                                         ;                       ;                                ;
;         -- Design implementation registers                  ; 288                   ; 0                              ;
;         -- Routing optimization registers                   ; 33                    ; 0                              ;
;                                                             ;                       ;                                ;
;                                                             ;                       ;                                ;
; Virtual pins                                                ; 0                     ; 0                              ;
; I/O pins                                                    ; 54                    ; 0                              ;
; I/O registers                                               ; 0                     ; 0                              ;
; Total block memory bits                                     ; 137216                ; 0                              ;
; Total block memory implementation bits                      ; 174080                ; 0                              ;
; M10K block                                                  ; 17 / 397 ( 4 % )      ; 0 / 397 ( 0 % )                ;
; DSP block                                                   ; 2 / 87 ( 2 % )        ; 0 / 87 ( 0 % )                 ;
; Clock enable block                                          ; 2 / 116 ( 1 % )       ; 0 / 116 ( 0 % )                ;
;                                                             ;                       ;                                ;
; Connections                                                 ;                       ;                                ;
;     -- Input Connections                                    ; 0                     ; 0                              ;
;     -- Registered Input Connections                         ; 0                     ; 0                              ;
;     -- Output Connections                                   ; 0                     ; 0                              ;
;     -- Registered Output Connections                        ; 0                     ; 0                              ;
;                                                             ;                       ;                                ;
; Internal Connections                                        ;                       ;                                ;
;     -- Total Connections                                    ; 4456                  ; 0                              ;
;     -- Registered Connections                               ; 1262                  ; 0                              ;
;                                                             ;                       ;                                ;
; External Connections                                        ;                       ;                                ;
;     -- Top                                                  ; 0                     ; 0                              ;
;     -- hard_block:auto_generated_inst                       ; 0                     ; 0                              ;
;                                                             ;                       ;                                ;
; Partition Interface                                         ;                       ;                                ;
;     -- Input Ports                                          ; 15                    ; 0                              ;
;     -- Output Ports                                         ; 39                    ; 0                              ;
;     -- Bidir Ports                                          ; 0                     ; 0                              ;
;                                                             ;                       ;                                ;
; Registered Ports                                            ;                       ;                                ;
;     -- Registered Input Ports                               ; 0                     ; 0                              ;
;     -- Registered Output Ports                              ; 0                     ; 0                              ;
;                                                             ;                       ;                                ;
; Port Connectivity                                           ;                       ;                                ;
;     -- Input Ports driven by GND                            ; 0                     ; 0                              ;
;     -- Output Ports driven by GND                           ; 0                     ; 0                              ;
;     -- Input Ports driven by VCC                            ; 0                     ; 0                              ;
;     -- Output Ports driven by VCC                           ; 0                     ; 0                              ;
;     -- Input Ports with no Source                           ; 0                     ; 0                              ;
;     -- Output Ports with no Source                          ; 0                     ; 0                              ;
;     -- Input Ports with no Fanout                           ; 0                     ; 0                              ;
;     -- Output Ports with no Fanout                          ; 0                     ; 0                              ;
+-------------------------------------------------------------+-----------------------+--------------------------------+
>>>>>>> 1ee5570 (busca ativa com erros de exibição)


+-----------------------------------------------------------------------------------------------------------------------------------------------------------------------------------------------------------------------------------------------------------------------------------------+
; Input Pins                                                                                                                                                                                                                                                                              ;
+----------+-------+----------+--------------+--------------+--------------+-----------------------+--------------------+--------+----------------+-----------------+----------+--------------+--------------+-------------+---------------------------+----------------------+-----------+
; Name     ; Pin # ; I/O Bank ; X coordinate ; Y coordinate ; Z coordinate ; Combinational Fan-Out ; Registered Fan-Out ; Global ; Input Register ; PCI I/O Enabled ; Bus Hold ; Weak Pull Up ; I/O Standard ; Termination ; Termination Control Block ; Location assigned by ; Slew Rate ;
+----------+-------+----------+--------------+--------------+--------------+-----------------------+--------------------+--------+----------------+-----------------+----------+--------------+--------------+-------------+---------------------------+----------------------+-----------+
<<<<<<< HEAD
; CLOCK_50 ; AF14  ; 3B       ; 32           ; 0            ; 0            ; 2948                  ; 0                  ; yes    ; no             ; no              ; no       ; Off          ; 3.3-V LVTTL  ; Off         ; --                        ; User                 ; no        ;
; KEY[0]   ; AA14  ; 3B       ; 36           ; 0            ; 0            ; 368                   ; 0                  ; yes    ; no             ; no              ; no       ; Off          ; 3.3-V LVTTL  ; Off         ; --                        ; User                 ; no        ;
=======
; CLOCK_50 ; AF14  ; 3B       ; 32           ; 0            ; 0            ; 318                   ; 0                  ; yes    ; no             ; no              ; no       ; Off          ; 3.3-V LVTTL  ; Off         ; --                        ; User                 ; no        ;
; KEY[0]   ; AA14  ; 3B       ; 36           ; 0            ; 0            ; 309                   ; 0                  ; yes    ; no             ; no              ; no       ; Off          ; 3.3-V LVTTL  ; Off         ; --                        ; User                 ; no        ;
>>>>>>> 1ee5570 (busca ativa com erros de exibição)
; KEY[1]   ; AA15  ; 3B       ; 36           ; 0            ; 17           ; 1                     ; 0                  ; no     ; no             ; no              ; no       ; Off          ; 3.3-V LVTTL  ; Off         ; --                        ; User                 ; no        ;
; KEY[2]   ; W15   ; 3B       ; 40           ; 0            ; 0            ; 1                     ; 0                  ; no     ; no             ; no              ; no       ; Off          ; 3.3-V LVTTL  ; Off         ; --                        ; User                 ; no        ;
; KEY[3]   ; Y16   ; 3B       ; 40           ; 0            ; 17           ; 1                     ; 0                  ; no     ; no             ; no              ; no       ; Off          ; 3.3-V LVTTL  ; Off         ; --                        ; User                 ; no        ;
; SW[0]    ; AB12  ; 3A       ; 12           ; 0            ; 17           ; 1                     ; 0                  ; no     ; no             ; no              ; no       ; Off          ; 3.3-V LVTTL  ; Off         ; --                        ; User                 ; no        ;
; SW[1]    ; AC12  ; 3A       ; 16           ; 0            ; 0            ; 0                     ; 0                  ; no     ; no             ; no              ; no       ; Off          ; 3.3-V LVTTL  ; Off         ; --                        ; User                 ; no        ;
; SW[2]    ; AF9   ; 3A       ; 8            ; 0            ; 34           ; 0                     ; 0                  ; no     ; no             ; no              ; no       ; Off          ; 3.3-V LVTTL  ; Off         ; --                        ; User                 ; no        ;
; SW[3]    ; AF10  ; 3A       ; 4            ; 0            ; 51           ; 0                     ; 0                  ; no     ; no             ; no              ; no       ; Off          ; 3.3-V LVTTL  ; Off         ; --                        ; User                 ; no        ;
; SW[4]    ; AD11  ; 3A       ; 2            ; 0            ; 40           ; 0                     ; 0                  ; no     ; no             ; no              ; no       ; Off          ; 3.3-V LVTTL  ; Off         ; --                        ; User                 ; no        ;
; SW[5]    ; AD12  ; 3A       ; 16           ; 0            ; 17           ; 0                     ; 0                  ; no     ; no             ; no              ; no       ; Off          ; 3.3-V LVTTL  ; Off         ; --                        ; User                 ; no        ;
; SW[6]    ; AE11  ; 3A       ; 4            ; 0            ; 34           ; 0                     ; 0                  ; no     ; no             ; no              ; no       ; Off          ; 3.3-V LVTTL  ; Off         ; --                        ; User                 ; no        ;
; SW[7]    ; AC9   ; 3A       ; 4            ; 0            ; 0            ; 0                     ; 0                  ; no     ; no             ; no              ; no       ; Off          ; 3.3-V LVTTL  ; Off         ; --                        ; User                 ; no        ;
; SW[8]    ; AD10  ; 3A       ; 4            ; 0            ; 17           ; 0                     ; 0                  ; no     ; no             ; no              ; no       ; Off          ; 3.3-V LVTTL  ; Off         ; --                        ; User                 ; no        ;
; SW[9]    ; AE12  ; 3A       ; 2            ; 0            ; 57           ; 0                     ; 0                  ; no     ; no             ; no              ; no       ; Off          ; 3.3-V LVTTL  ; Off         ; --                        ; User                 ; no        ;
+----------+-------+----------+--------------+--------------+--------------+-----------------------+--------------------+--------+----------------+-----------------+----------+--------------+--------------+-------------+---------------------------+----------------------+-----------+


+----------------------------------------------------------------------------------------------------------------------------------------------------------------------------------------------------------------------------------------------------------------------------------------------------------------------------------------------------------------------------------------------------------------------------------------------------------------------------+
; Output Pins                                                                                                                                                                                                                                                                                                                                                                                                                                                                ;
+-------------+-------+----------+--------------+--------------+--------------+-----------------+------------------------+-----------+-----------------+------------+---------------+----------+--------------+--------------+------------------+-------------+---------------------------+----------------------------+-----------------------------+---------------------+-----------------------------+----------------------+----------------------+---------------------+
; Name        ; Pin # ; I/O Bank ; X coordinate ; Y coordinate ; Z coordinate ; Output Register ; Output Enable Register ; Slew Rate ; PCI I/O Enabled ; Open Drain ; TRI Primitive ; Bus Hold ; Weak Pull Up ; I/O Standard ; Current Strength ; Termination ; Termination Control Block ; Output Buffer Pre-emphasis ; Voltage Output Differential ; Output Buffer Delay ; Output Buffer Delay Control ; Location assigned by ; Output Enable Source ; Output Enable Group ;
+-------------+-------+----------+--------------+--------------+--------------+-----------------+------------------------+-----------+-----------------+------------+---------------+----------+--------------+--------------+------------------+-------------+---------------------------+----------------------------+-----------------------------+---------------------+-----------------------------+----------------------+----------------------+---------------------+
; LEDR[0]     ; V16   ; 4A       ; 52           ; 0            ; 0            ; no              ; no                     ; 1         ; no              ; no         ; no            ; no       ; Off          ; 3.3-V LVTTL  ; 16mA             ; Off         ; --                        ; no                         ; no                          ; 0                   ; Off                         ; User                 ; -                    ; -                   ;
; LEDR[1]     ; W16   ; 4A       ; 52           ; 0            ; 17           ; no              ; no                     ; 1         ; no              ; no         ; no            ; no       ; Off          ; 3.3-V LVTTL  ; 16mA             ; Off         ; --                        ; no                         ; no                          ; 0                   ; Off                         ; User                 ; -                    ; -                   ;
; LEDR[2]     ; V17   ; 4A       ; 60           ; 0            ; 0            ; no              ; no                     ; 1         ; no              ; no         ; no            ; no       ; Off          ; 3.3-V LVTTL  ; 16mA             ; Off         ; --                        ; no                         ; no                          ; 0                   ; Off                         ; User                 ; -                    ; -                   ;
; LEDR[3]     ; V18   ; 4A       ; 80           ; 0            ; 0            ; no              ; no                     ; 1         ; no              ; no         ; no            ; no       ; Off          ; 3.3-V LVTTL  ; 16mA             ; Off         ; --                        ; no                         ; no                          ; 0                   ; Off                         ; User                 ; -                    ; -                   ;
; LEDR[4]     ; W17   ; 4A       ; 60           ; 0            ; 17           ; no              ; no                     ; 1         ; no              ; no         ; no            ; no       ; Off          ; 3.3-V LVTTL  ; 16mA             ; Off         ; --                        ; no                         ; no                          ; 0                   ; Off                         ; User                 ; -                    ; -                   ;
; LEDR[5]     ; W19   ; 4A       ; 80           ; 0            ; 17           ; no              ; no                     ; 1         ; no              ; no         ; no            ; no       ; Off          ; 3.3-V LVTTL  ; 16mA             ; Off         ; --                        ; no                         ; no                          ; 0                   ; Off                         ; User                 ; -                    ; -                   ;
; LEDR[6]     ; Y19   ; 4A       ; 84           ; 0            ; 0            ; no              ; no                     ; 1         ; no              ; no         ; no            ; no       ; Off          ; 3.3-V LVTTL  ; 16mA             ; Off         ; --                        ; no                         ; no                          ; 0                   ; Off                         ; User                 ; -                    ; -                   ;
; LEDR[7]     ; W20   ; 5A       ; 89           ; 6            ; 3            ; no              ; no                     ; 1         ; no              ; no         ; no            ; no       ; Off          ; 3.3-V LVTTL  ; 16mA             ; Off         ; --                        ; no                         ; no                          ; 0                   ; Off                         ; User                 ; -                    ; -                   ;
; LEDR[8]     ; W21   ; 5A       ; 89           ; 8            ; 3            ; no              ; no                     ; 1         ; no              ; no         ; no            ; no       ; Off          ; 3.3-V LVTTL  ; 16mA             ; Off         ; --                        ; no                         ; no                          ; 0                   ; Off                         ; User                 ; -                    ; -                   ;
; LEDR[9]     ; Y21   ; 5A       ; 89           ; 6            ; 20           ; no              ; no                     ; 1         ; no              ; no         ; no            ; no       ; Off          ; 3.3-V LVTTL  ; 16mA             ; Off         ; --                        ; no                         ; no                          ; 0                   ; Off                         ; User                 ; -                    ; -                   ;
; VGA_BLANK_N ; F10   ; 8A       ; 6            ; 81           ; 17           ; no              ; no                     ; 1         ; no              ; no         ; no            ; no       ; Off          ; 3.3-V LVTTL  ; 16mA             ; Off         ; --                        ; no                         ; no                          ; 0                   ; Off                         ; User                 ; -                    ; -                   ;
; VGA_B[0]    ; B13   ; 8A       ; 40           ; 81           ; 34           ; no              ; no                     ; 1         ; no              ; no         ; no            ; no       ; Off          ; 3.3-V LVTTL  ; 16mA             ; Off         ; --                        ; no                         ; no                          ; 0                   ; Off                         ; User                 ; -                    ; -                   ;
; VGA_B[1]    ; G13   ; 8A       ; 28           ; 81           ; 17           ; no              ; no                     ; 1         ; no              ; no         ; no            ; no       ; Off          ; 3.3-V LVTTL  ; 16mA             ; Off         ; --                        ; no                         ; no                          ; 0                   ; Off                         ; User                 ; -                    ; -                   ;
; VGA_B[2]    ; H13   ; 8A       ; 20           ; 81           ; 0            ; no              ; no                     ; 1         ; no              ; no         ; no            ; no       ; Off          ; 3.3-V LVTTL  ; 16mA             ; Off         ; --                        ; no                         ; no                          ; 0                   ; Off                         ; User                 ; -                    ; -                   ;
; VGA_B[3]    ; F14   ; 8A       ; 36           ; 81           ; 17           ; no              ; no                     ; 1         ; no              ; no         ; no            ; no       ; Off          ; 3.3-V LVTTL  ; 16mA             ; Off         ; --                        ; no                         ; no                          ; 0                   ; Off                         ; User                 ; -                    ; -                   ;
; VGA_B[4]    ; H14   ; 8A       ; 28           ; 81           ; 0            ; no              ; no                     ; 1         ; no              ; no         ; no            ; no       ; Off          ; 3.3-V LVTTL  ; 16mA             ; Off         ; --                        ; no                         ; no                          ; 0                   ; Off                         ; User                 ; -                    ; -                   ;
; VGA_B[5]    ; F15   ; 8A       ; 36           ; 81           ; 0            ; no              ; no                     ; 1         ; no              ; no         ; no            ; no       ; Off          ; 3.3-V LVTTL  ; 16mA             ; Off         ; --                        ; no                         ; no                          ; 0                   ; Off                         ; User                 ; -                    ; -                   ;
; VGA_B[6]    ; G15   ; 8A       ; 40           ; 81           ; 17           ; no              ; no                     ; 1         ; no              ; no         ; no            ; no       ; Off          ; 3.3-V LVTTL  ; 16mA             ; Off         ; --                        ; no                         ; no                          ; 0                   ; Off                         ; User                 ; -                    ; -                   ;
; VGA_B[7]    ; J14   ; 8A       ; 32           ; 81           ; 17           ; no              ; no                     ; 1         ; no              ; no         ; no            ; no       ; Off          ; 3.3-V LVTTL  ; 16mA             ; Off         ; --                        ; no                         ; no                          ; 0                   ; Off                         ; User                 ; -                    ; -                   ;
; VGA_CLK     ; A11   ; 8A       ; 38           ; 81           ; 34           ; no              ; no                     ; 1         ; no              ; no         ; no            ; no       ; Off          ; 3.3-V LVTTL  ; 16mA             ; Off         ; --                        ; no                         ; no                          ; 0                   ; Off                         ; User                 ; -                    ; -                   ;
; VGA_G[0]    ; J9    ; 8A       ; 4            ; 81           ; 17           ; no              ; no                     ; 1         ; no              ; no         ; no            ; no       ; Off          ; 3.3-V LVTTL  ; 16mA             ; Off         ; --                        ; no                         ; no                          ; 0                   ; Off                         ; User                 ; -                    ; -                   ;
; VGA_G[1]    ; J10   ; 8A       ; 4            ; 81           ; 0            ; no              ; no                     ; 1         ; no              ; no         ; no            ; no       ; Off          ; 3.3-V LVTTL  ; 16mA             ; Off         ; --                        ; no                         ; no                          ; 0                   ; Off                         ; User                 ; -                    ; -                   ;
; VGA_G[2]    ; H12   ; 8A       ; 20           ; 81           ; 17           ; no              ; no                     ; 1         ; no              ; no         ; no            ; no       ; Off          ; 3.3-V LVTTL  ; 16mA             ; Off         ; --                        ; no                         ; no                          ; 0                   ; Off                         ; User                 ; -                    ; -                   ;
; VGA_G[3]    ; G10   ; 8A       ; 6            ; 81           ; 0            ; no              ; no                     ; 1         ; no              ; no         ; no            ; no       ; Off          ; 3.3-V LVTTL  ; 16mA             ; Off         ; --                        ; no                         ; no                          ; 0                   ; Off                         ; User                 ; -                    ; -                   ;
; VGA_G[4]    ; G11   ; 8A       ; 10           ; 81           ; 57           ; no              ; no                     ; 1         ; no              ; no         ; no            ; no       ; Off          ; 3.3-V LVTTL  ; 16mA             ; Off         ; --                        ; no                         ; no                          ; 0                   ; Off                         ; User                 ; -                    ; -                   ;
; VGA_G[5]    ; G12   ; 8A       ; 10           ; 81           ; 40           ; no              ; no                     ; 1         ; no              ; no         ; no            ; no       ; Off          ; 3.3-V LVTTL  ; 16mA             ; Off         ; --                        ; no                         ; no                          ; 0                   ; Off                         ; User                 ; -                    ; -                   ;
; VGA_G[6]    ; F11   ; 8A       ; 18           ; 81           ; 40           ; no              ; no                     ; 1         ; no              ; no         ; no            ; no       ; Off          ; 3.3-V LVTTL  ; 16mA             ; Off         ; --                        ; no                         ; no                          ; 0                   ; Off                         ; User                 ; -                    ; -                   ;
; VGA_G[7]    ; E11   ; 8A       ; 18           ; 81           ; 57           ; no              ; no                     ; 1         ; no              ; no         ; no            ; no       ; Off          ; 3.3-V LVTTL  ; 16mA             ; Off         ; --                        ; no                         ; no                          ; 0                   ; Off                         ; User                 ; -                    ; -                   ;
; VGA_HS      ; B11   ; 8A       ; 36           ; 81           ; 51           ; no              ; no                     ; 1         ; no              ; no         ; no            ; no       ; Off          ; 3.3-V LVTTL  ; 16mA             ; Off         ; --                        ; no                         ; no                          ; 0                   ; Off                         ; User                 ; -                    ; -                   ;
; VGA_R[0]    ; A13   ; 8A       ; 40           ; 81           ; 51           ; no              ; no                     ; 1         ; no              ; no         ; no            ; no       ; Off          ; 3.3-V LVTTL  ; 16mA             ; Off         ; --                        ; no                         ; no                          ; 0                   ; Off                         ; User                 ; -                    ; -                   ;
; VGA_R[1]    ; C13   ; 8A       ; 38           ; 81           ; 0            ; no              ; no                     ; 1         ; no              ; no         ; no            ; no       ; Off          ; 3.3-V LVTTL  ; 16mA             ; Off         ; --                        ; no                         ; no                          ; 0                   ; Off                         ; User                 ; -                    ; -                   ;
; VGA_R[2]    ; E13   ; 8A       ; 26           ; 81           ; 57           ; no              ; no                     ; 1         ; no              ; no         ; no            ; no       ; Off          ; 3.3-V LVTTL  ; 16mA             ; Off         ; --                        ; no                         ; no                          ; 0                   ; Off                         ; User                 ; -                    ; -                   ;
; VGA_R[3]    ; B12   ; 8A       ; 38           ; 81           ; 17           ; no              ; no                     ; 1         ; no              ; no         ; no            ; no       ; Off          ; 3.3-V LVTTL  ; 16mA             ; Off         ; --                        ; no                         ; no                          ; 0                   ; Off                         ; User                 ; -                    ; -                   ;
; VGA_R[4]    ; C12   ; 8A       ; 36           ; 81           ; 34           ; no              ; no                     ; 1         ; no              ; no         ; no            ; no       ; Off          ; 3.3-V LVTTL  ; 16mA             ; Off         ; --                        ; no                         ; no                          ; 0                   ; Off                         ; User                 ; -                    ; -                   ;
; VGA_R[5]    ; D12   ; 8A       ; 22           ; 81           ; 17           ; no              ; no                     ; 1         ; no              ; no         ; no            ; no       ; Off          ; 3.3-V LVTTL  ; 16mA             ; Off         ; --                        ; no                         ; no                          ; 0                   ; Off                         ; User                 ; -                    ; -                   ;
; VGA_R[6]    ; E12   ; 8A       ; 22           ; 81           ; 0            ; no              ; no                     ; 1         ; no              ; no         ; no            ; no       ; Off          ; 3.3-V LVTTL  ; 16mA             ; Off         ; --                        ; no                         ; no                          ; 0                   ; Off                         ; User                 ; -                    ; -                   ;
; VGA_R[7]    ; F13   ; 8A       ; 26           ; 81           ; 40           ; no              ; no                     ; 1         ; no              ; no         ; no            ; no       ; Off          ; 3.3-V LVTTL  ; 16mA             ; Off         ; --                        ; no                         ; no                          ; 0                   ; Off                         ; User                 ; -                    ; -                   ;
; VGA_SYNC_N  ; C10   ; 8A       ; 28           ; 81           ; 34           ; no              ; no                     ; 1         ; no              ; no         ; no            ; no       ; Off          ; 3.3-V LVTTL  ; 16mA             ; Off         ; --                        ; no                         ; no                          ; 0                   ; Off                         ; User                 ; -                    ; -                   ;
; VGA_VS      ; D11   ; 8A       ; 34           ; 81           ; 40           ; no              ; no                     ; 1         ; no              ; no         ; no            ; no       ; Off          ; 3.3-V LVTTL  ; 16mA             ; Off         ; --                        ; no                         ; no                          ; 0                   ; Off                         ; User                 ; -                    ; -                   ;
+-------------+-------+----------+--------------+--------------+--------------+-----------------+------------------------+-----------+-----------------+------------+---------------+----------+--------------+--------------+------------------+-------------+---------------------------+----------------------------+-----------------------------+---------------------+-----------------------------+----------------------+----------------------+---------------------+


+----------------------------------------------------------------------------+
; I/O Bank Usage                                                             ;
+----------+------------------+---------------+--------------+---------------+
; I/O Bank ; Usage            ; VCCIO Voltage ; VREF Voltage ; VCCPD Voltage ;
+----------+------------------+---------------+--------------+---------------+
; B2L      ; 0 / 0 ( -- )     ; --            ; --           ; --            ;
; B1L      ; 0 / 0 ( -- )     ; --            ; --           ; --            ;
; 3A       ; 10 / 32 ( 31 % ) ; 3.3V          ; --           ; 3.3V          ;
; 3B       ; 5 / 48 ( 10 % )  ; 3.3V          ; --           ; 3.3V          ;
; 4A       ; 7 / 80 ( 9 % )   ; 3.3V          ; --           ; 3.3V          ;
; 5A       ; 3 / 32 ( 9 % )   ; 3.3V          ; --           ; 3.3V          ;
; 5B       ; 0 / 16 ( 0 % )   ; 2.5V          ; --           ; 2.5V          ;
; 6B       ; 0 / 44 ( 0 % )   ; 2.5V          ; --           ; 2.5V          ;
; 6A       ; 0 / 56 ( 0 % )   ; 2.5V          ; --           ; 2.5V          ;
; 7A       ; 0 / 19 ( 0 % )   ; 2.5V          ; --           ; 2.5V          ;
; 7B       ; 0 / 22 ( 0 % )   ; 2.5V          ; --           ; 2.5V          ;
; 7C       ; 0 / 12 ( 0 % )   ; 2.5V          ; --           ; 2.5V          ;
; 7D       ; 0 / 14 ( 0 % )   ; 2.5V          ; --           ; 2.5V          ;
; 8A       ; 29 / 80 ( 36 % ) ; 3.3V          ; --           ; 3.3V          ;
+----------+------------------+---------------+--------------+---------------+


+-----------------------------------------------------------------------------------------------------------------------------------------------------------------------------------+
; All Package Pins                                                                                                                                                                  ;
+----------+------------+----------------+---------------------------------+--------+--------------+---------------------+--------------+-----------------+----------+--------------+
; Location ; Pad Number ; I/O Bank       ; Pin Name/Usage                  ; Dir.   ; I/O Standard ; Voltage             ; I/O Type     ; User Assignment ; Bus Hold ; Weak Pull Up ;
+----------+------------+----------------+---------------------------------+--------+--------------+---------------------+--------------+-----------------+----------+--------------+
; A2       ;            ;                ; GND                             ; gnd    ;              ;                     ; --           ;                 ; --       ; --           ;
; A3       ; 493        ; 8A             ; RESERVED_INPUT_WITH_WEAK_PULLUP ;        ;              ;                     ; Column I/O   ;                 ; no       ; On           ;
; A4       ; 491        ; 8A             ; RESERVED_INPUT_WITH_WEAK_PULLUP ;        ;              ;                     ; Column I/O   ;                 ; no       ; On           ;
; A5       ; 489        ; 8A             ; RESERVED_INPUT_WITH_WEAK_PULLUP ;        ;              ;                     ; Column I/O   ;                 ; no       ; On           ;
; A6       ; 487        ; 8A             ; RESERVED_INPUT_WITH_WEAK_PULLUP ;        ;              ;                     ; Column I/O   ;                 ; no       ; On           ;
; A7       ;            ; 8A             ; VCCIO8A                         ; power  ;              ; 3.3V                ; --           ;                 ; --       ; --           ;
; A8       ; 473        ; 8A             ; RESERVED_INPUT_WITH_WEAK_PULLUP ;        ;              ;                     ; Column I/O   ;                 ; no       ; On           ;
; A9       ; 471        ; 8A             ; RESERVED_INPUT_WITH_WEAK_PULLUP ;        ;              ;                     ; Column I/O   ;                 ; no       ; On           ;
; A10      ; 465        ; 8A             ; RESERVED_INPUT_WITH_WEAK_PULLUP ;        ;              ;                     ; Column I/O   ;                 ; no       ; On           ;
; A11      ; 463        ; 8A             ; VGA_CLK                         ; output ; 3.3-V LVTTL  ;                     ; Column I/O   ; Y               ; no       ; Off          ;
; A12      ;            ;                ; GND                             ; gnd    ;              ;                     ; --           ;                 ; --       ; --           ;
; A13      ; 461        ; 8A             ; VGA_R[0]                        ; output ; 3.3-V LVTTL  ;                     ; Column I/O   ; Y               ; no       ; Off          ;
; A14      ; 455        ; 7D             ; RESERVED_INPUT_WITH_WEAK_PULLUP ;        ;              ;                     ; Column I/O   ;                 ; no       ; On           ;
; A15      ; 447        ; 7D             ; RESERVED_INPUT_WITH_WEAK_PULLUP ;        ;              ;                     ; Column I/O   ;                 ; no       ; On           ;
; A16      ; 439        ; 7C             ; RESERVED_INPUT_WITH_WEAK_PULLUP ;        ;              ;                     ; Column I/O   ;                 ; no       ; On           ;
; A17      ;            ;                ; GND                             ; gnd    ;              ;                     ; --           ;                 ; --       ; --           ;
; A18      ; 425        ; 7B             ; RESERVED_INPUT_WITH_WEAK_PULLUP ;        ;              ;                     ; Column I/O   ;                 ; no       ; On           ;
; A19      ; 423        ; 7B             ; RESERVED_INPUT_WITH_WEAK_PULLUP ;        ;              ;                     ; Column I/O   ;                 ; no       ; On           ;
; A20      ; 415        ; 7B             ; RESERVED_INPUT_WITH_WEAK_PULLUP ;        ;              ;                     ; Column I/O   ;                 ; no       ; On           ;
; A21      ; 411        ; 7B             ; RESERVED_INPUT_WITH_WEAK_PULLUP ;        ;              ;                     ; Column I/O   ;                 ; no       ; On           ;
; A22      ;            ;                ; GND                             ; gnd    ;              ;                     ; --           ;                 ; --       ; --           ;
; A23      ; 395        ; 7A             ; RESERVED_INPUT_WITH_WEAK_PULLUP ;        ;              ;                     ; Column I/O   ;                 ; no       ; On           ;
; A24      ; 391        ; 7A             ; RESERVED_INPUT_WITH_WEAK_PULLUP ;        ;              ;                     ; Column I/O   ;                 ; no       ; On           ;
; A25      ; 389        ; 7A             ; RESERVED_INPUT_WITH_WEAK_PULLUP ;        ;              ;                     ; Column I/O   ;                 ; no       ; On           ;
; A26      ; 382        ; 7A             ; ^GND                            ;        ;              ;                     ; --           ;                 ; --       ; --           ;
; A27      ;            ;                ; GND                             ; gnd    ;              ;                     ; --           ;                 ; --       ; --           ;
; A28      ; 380        ; 7A             ; ^HPS_TRST                       ;        ;              ;                     ; --           ;                 ; --       ; --           ;
; A29      ; 378        ; 7A             ; ^HPS_TMS                        ;        ;              ;                     ; --           ;                 ; --       ; --           ;
; AA1      ;            ;                ; GND                             ; gnd    ;              ;                     ; --           ;                 ; --       ; --           ;
; AA2      ;            ;                ; GND                             ; gnd    ;              ;                     ; --           ;                 ; --       ; --           ;
; AA3      ;            ;                ; GND                             ; gnd    ;              ;                     ; --           ;                 ; --       ; --           ;
; AA4      ;            ;                ; GND                             ; gnd    ;              ;                     ; --           ;                 ; --       ; --           ;
; AA5      ;            ; --             ; VCC                             ; power  ;              ; 1.1V                ; --           ;                 ; --       ; --           ;
; AA6      ;            ;                ; GND                             ; gnd    ;              ;                     ; --           ;                 ; --       ; --           ;
; AA7      ;            ;                ; DNU                             ;        ;              ;                     ; --           ;                 ; --       ; --           ;
; AA8      ;            ; --             ; VCCA_FPLL                       ; power  ;              ; 2.5V                ; --           ;                 ; --       ; --           ;
; AA9      ;            ;                ; GND                             ; gnd    ;              ;                     ; --           ;                 ; --       ; --           ;
; AA10     ;            ; 3A             ; VCCPD3A                         ; power  ;              ; 3.3V                ; --           ;                 ; --       ; --           ;
; AA11     ;            ;                ; GND                             ; gnd    ;              ;                     ; --           ;                 ; --       ; --           ;
; AA12     ; 74         ; 3A             ; RESERVED_INPUT_WITH_WEAK_PULLUP ;        ;              ;                     ; Column I/O   ;                 ; no       ; On           ;
; AA13     ; 90         ; 3B             ; RESERVED_INPUT_WITH_WEAK_PULLUP ;        ;              ;                     ; Column I/O   ;                 ; no       ; On           ;
; AA14     ; 122        ; 3B             ; KEY[0]                          ; input  ; 3.3-V LVTTL  ;                     ; Column I/O   ; Y               ; no       ; Off          ;
; AA15     ; 120        ; 3B             ; KEY[1]                          ; input  ; 3.3-V LVTTL  ;                     ; Column I/O   ; Y               ; no       ; Off          ;
; AA16     ; 146        ; 4A             ; RESERVED_INPUT_WITH_WEAK_PULLUP ;        ;              ;                     ; Column I/O   ;                 ; no       ; On           ;
; AA17     ;            ; 4A             ; VCCIO4A                         ; power  ;              ; 3.3V                ; --           ;                 ; --       ; --           ;
; AA18     ; 168        ; 4A             ; RESERVED_INPUT_WITH_WEAK_PULLUP ;        ;              ;                     ; Column I/O   ;                 ; no       ; On           ;
; AA19     ; 176        ; 4A             ; RESERVED_INPUT_WITH_WEAK_PULLUP ;        ;              ;                     ; Column I/O   ;                 ; no       ; On           ;
; AA20     ; 200        ; 4A             ; RESERVED_INPUT_WITH_WEAK_PULLUP ;        ;              ;                     ; Column I/O   ;                 ; no       ; On           ;
; AA21     ; 210        ; 4A             ; RESERVED_INPUT_WITH_WEAK_PULLUP ;        ;              ;                     ; Column I/O   ;                 ; no       ; On           ;
; AA22     ;            ;                ; GND                             ; gnd    ;              ;                     ; --           ;                 ; --       ; --           ;
; AA23     ;            ; --             ; VCCPGM                          ; power  ;              ; 1.8V/2.5V/3.0V/3.3V ; --           ;                 ; --       ; --           ;
; AA24     ; 228        ; 5A             ; RESERVED_INPUT_WITH_WEAK_PULLUP ;        ;              ;                     ; Row I/O      ;                 ; no       ; On           ;
; AA25     ; 224        ; 5A             ; RESERVED_INPUT_WITH_WEAK_PULLUP ;        ;              ;                     ; Row I/O      ;                 ; no       ; On           ;
; AA26     ; 252        ; 5B             ; RESERVED_INPUT_WITH_WEAK_PULLUP ;        ;              ;                     ; Row I/O      ;                 ; no       ; On           ;
; AA27     ;            ; 5B             ; VCCIO5B                         ; power  ;              ; 2.5V                ; --           ;                 ; --       ; --           ;
; AA28     ; 251        ; 5B             ; RESERVED_INPUT_WITH_WEAK_PULLUP ;        ;              ;                     ; Row I/O      ;                 ; no       ; On           ;
; AA29     ;            ; 5B             ; VREFB5BN0                       ; power  ;              ;                     ; --           ;                 ; --       ; --           ;
; AA30     ; 250        ; 5B             ; RESERVED_INPUT_WITH_WEAK_PULLUP ;        ;              ;                     ; Row I/O      ;                 ; no       ; On           ;
; AB1      ;            ;                ; GND                             ; gnd    ;              ;                     ; --           ;                 ; --       ; --           ;
; AB2      ;            ;                ; GND                             ; gnd    ;              ;                     ; --           ;                 ; --       ; --           ;
; AB3      ;            ;                ; DNU                             ;        ;              ;                     ; --           ;                 ; --       ; --           ;
; AB4      ;            ;                ; DNU                             ;        ;              ;                     ; --           ;                 ; --       ; --           ;
; AB5      ;            ;                ; GND                             ; gnd    ;              ;                     ; --           ;                 ; --       ; --           ;
; AB6      ;            ; --             ; VCCA_FPLL                       ; power  ;              ; 2.5V                ; --           ;                 ; --       ; --           ;
; AB7      ;            ;                ; GND                             ; gnd    ;              ;                     ; --           ;                 ; --       ; --           ;
; AB8      ; 43         ; 3A             ; ^nCSO, DATA4                    ;        ;              ;                     ; Weak Pull Up ;                 ; --       ; On           ;
; AB9      ; 42         ; 3A             ; #TDO                            ; output ;              ;                     ; --           ;                 ; --       ; --           ;
; AB10     ;            ; --             ; VCCPGM                          ; power  ;              ; 1.8V/2.5V/3.0V/3.3V ; --           ;                 ; --       ; --           ;
; AB11     ;            ; --             ; VCC_AUX                         ; power  ;              ; 2.5V                ; --           ;                 ; --       ; --           ;
; AB12     ; 72         ; 3A             ; SW[0]                           ; input  ; 3.3-V LVTTL  ;                     ; Column I/O   ; Y               ; no       ; Off          ;
; AB13     ; 88         ; 3B             ; RESERVED_INPUT_WITH_WEAK_PULLUP ;        ;              ;                     ; Column I/O   ;                 ; no       ; On           ;
; AB14     ;            ; 3B             ; VCCIO3B                         ; power  ;              ; 3.3V                ; --           ;                 ; --       ; --           ;
; AB15     ; 106        ; 3B             ; RESERVED_INPUT_WITH_WEAK_PULLUP ;        ;              ;                     ; Column I/O   ;                 ; no       ; On           ;
; AB16     ;            ; --             ; VCC_AUX                         ; power  ;              ; 2.5V                ; --           ;                 ; --       ; --           ;
; AB17     ; 144        ; 4A             ; RESERVED_INPUT_WITH_WEAK_PULLUP ;        ;              ;                     ; Column I/O   ;                 ; no       ; On           ;
; AB18     ;            ; 3B, 4A         ; VCCPD3B4A                       ; power  ;              ; 3.3V                ; --           ;                 ; --       ; --           ;
; AB19     ;            ;                ; GND                             ; gnd    ;              ;                     ; --           ;                 ; --       ; --           ;
; AB20     ;            ; 3B, 4A         ; VCCPD3B4A                       ; power  ;              ; 3.3V                ; --           ;                 ; --       ; --           ;
; AB21     ; 208        ; 4A             ; RESERVED_INPUT_WITH_WEAK_PULLUP ;        ;              ;                     ; Column I/O   ;                 ; no       ; On           ;
; AB22     ; 225        ; 5A             ; RESERVED_INPUT_WITH_WEAK_PULLUP ;        ;              ;                     ; Row I/O      ;                 ; no       ; On           ;
; AB23     ; 227        ; 5A             ; RESERVED_INPUT_WITH_WEAK_PULLUP ;        ;              ;                     ; Row I/O      ;                 ; no       ; On           ;
; AB24     ;            ; 5A             ; VCCIO5A                         ; power  ;              ; 3.3V                ; --           ;                 ; --       ; --           ;
; AB25     ; 230        ; 5A             ; RESERVED_INPUT_WITH_WEAK_PULLUP ;        ;              ;                     ; Row I/O      ;                 ; no       ; On           ;
; AB26     ; 226        ; 5A             ; RESERVED_INPUT_WITH_WEAK_PULLUP ;        ;              ;                     ; Row I/O      ;                 ; no       ; On           ;
; AB27     ; 254        ; 5B             ; RESERVED_INPUT_WITH_WEAK_PULLUP ;        ;              ;                     ; Row I/O      ;                 ; no       ; On           ;
; AB28     ; 249        ; 5B             ; RESERVED_INPUT_WITH_WEAK_PULLUP ;        ;              ;                     ; Row I/O      ;                 ; no       ; On           ;
; AB29     ;            ;                ; GND                             ; gnd    ;              ;                     ; --           ;                 ; --       ; --           ;
; AB30     ; 248        ; 5B             ; RESERVED_INPUT_WITH_WEAK_PULLUP ;        ;              ;                     ; Row I/O      ;                 ; no       ; On           ;
; AC1      ;            ;                ; GND                             ; gnd    ;              ;                     ; --           ;                 ; --       ; --           ;
; AC2      ;            ;                ; GND                             ; gnd    ;              ;                     ; --           ;                 ; --       ; --           ;
; AC3      ;            ;                ; GND                             ; gnd    ;              ;                     ; --           ;                 ; --       ; --           ;
; AC4      ;            ;                ; GND                             ; gnd    ;              ;                     ; --           ;                 ; --       ; --           ;
; AC5      ; 46         ; 3A             ; #TCK                            ; input  ;              ;                     ; --           ;                 ; --       ; --           ;
; AC6      ;            ;                ; GND                             ; gnd    ;              ;                     ; --           ;                 ; --       ; --           ;
; AC7      ; 45         ; 3A             ; ^AS_DATA3, DATA3                ;        ;              ;                     ; Weak Pull Up ;                 ; --       ; On           ;
; AC8      ;            ;                ; GND                             ; gnd    ;              ;                     ; --           ;                 ; --       ; --           ;
; AC9      ; 58         ; 3A             ; SW[7]                           ; input  ; 3.3-V LVTTL  ;                     ; Column I/O   ; Y               ; no       ; Off          ;
; AC10     ;            ; 3A             ; VCCPD3A                         ; power  ;              ; 3.3V                ; --           ;                 ; --       ; --           ;
; AC11     ;            ; 3A             ; VCCIO3A                         ; power  ;              ; 3.3V                ; --           ;                 ; --       ; --           ;
; AC12     ; 82         ; 3A             ; SW[1]                           ; input  ; 3.3-V LVTTL  ;                     ; Column I/O   ; Y               ; no       ; Off          ;
; AC13     ;            ; 3B, 4A         ; VCCPD3B4A                       ; power  ;              ; 3.3V                ; --           ;                 ; --       ; --           ;
; AC14     ; 104        ; 3B             ; RESERVED_INPUT_WITH_WEAK_PULLUP ;        ;              ;                     ; Column I/O   ;                 ; no       ; On           ;
; AC15     ;            ; 3B, 4A         ; VCCPD3B4A                       ; power  ;              ; 3.3V                ; --           ;                 ; --       ; --           ;
; AC16     ;            ;                ; GND                             ; gnd    ;              ;                     ; --           ;                 ; --       ; --           ;
; AC17     ;            ; 3B, 4A         ; VCCPD3B4A                       ; power  ;              ; 3.3V                ; --           ;                 ; --       ; --           ;
; AC18     ; 162        ; 4A             ; RESERVED_INPUT_WITH_WEAK_PULLUP ;        ;              ;                     ; Column I/O   ;                 ; no       ; On           ;
; AC19     ;            ; 3B, 4A         ; VCCPD3B4A                       ; power  ;              ; 3.3V                ; --           ;                 ; --       ; --           ;
; AC20     ; 186        ; 4A             ; RESERVED_INPUT_WITH_WEAK_PULLUP ;        ;              ;                     ; Column I/O   ;                 ; no       ; On           ;
; AC21     ;            ; 4A             ; VCCIO4A                         ; power  ;              ; 3.3V                ; --           ;                 ; --       ; --           ;
; AC22     ; 207        ; 4A             ; RESERVED_INPUT_WITH_WEAK_PULLUP ;        ;              ;                     ; Column I/O   ;                 ; no       ; On           ;
; AC23     ; 205        ; 4A             ; RESERVED_INPUT_WITH_WEAK_PULLUP ;        ;              ;                     ; Column I/O   ;                 ; no       ; On           ;
; AC24     ;            ; 5A             ; VREFB5AN0                       ; power  ;              ;                     ; --           ;                 ; --       ; --           ;
; AC25     ; 215        ; 5A             ; RESERVED_INPUT_WITH_WEAK_PULLUP ;        ;              ;                     ; Row I/O      ;                 ; no       ; On           ;
; AC26     ;            ;                ; GND                             ; gnd    ;              ;                     ; --           ;                 ; --       ; --           ;
; AC27     ; 242        ; 5A             ; RESERVED_INPUT_WITH_WEAK_PULLUP ;        ;              ;                     ; Row I/O      ;                 ; no       ; On           ;
; AC28     ; 245        ; 5B             ; RESERVED_INPUT_WITH_WEAK_PULLUP ;        ;              ;                     ; Row I/O      ;                 ; no       ; On           ;
; AC29     ; 247        ; 5B             ; RESERVED_INPUT_WITH_WEAK_PULLUP ;        ;              ;                     ; Row I/O      ;                 ; no       ; On           ;
; AC30     ; 259        ; 5B             ; RESERVED_INPUT_WITH_WEAK_PULLUP ;        ;              ;                     ; Row I/O      ;                 ; no       ; On           ;
; AD1      ;            ;                ; GND                             ; gnd    ;              ;                     ; --           ;                 ; --       ; --           ;
; AD2      ;            ;                ; GND                             ; gnd    ;              ;                     ; --           ;                 ; --       ; --           ;
; AD3      ;            ;                ; DNU                             ;        ;              ;                     ; --           ;                 ; --       ; --           ;
; AD4      ;            ;                ; DNU                             ;        ;              ;                     ; --           ;                 ; --       ; --           ;
; AD5      ;            ;                ; GND                             ; gnd    ;              ;                     ; --           ;                 ; --       ; --           ;
; AD6      ;            ; 3A             ; VREFB3AN0                       ; power  ;              ;                     ; --           ;                 ; --       ; --           ;
; AD7      ; 62         ; 3A             ; RESERVED_INPUT_WITH_WEAK_PULLUP ;        ;              ;                     ; Column I/O   ;                 ; no       ; On           ;
; AD8      ;            ; 3A             ; VCCIO3A                         ; power  ;              ; 3.3V                ; --           ;                 ; --       ; --           ;
; AD9      ; 55         ; 3A             ; RESERVED_INPUT_WITH_WEAK_PULLUP ;        ;              ;                     ; Column I/O   ;                 ; no       ; On           ;
; AD10     ; 56         ; 3A             ; SW[8]                           ; input  ; 3.3-V LVTTL  ;                     ; Column I/O   ; Y               ; no       ; Off          ;
; AD11     ; 54         ; 3A             ; SW[4]                           ; input  ; 3.3-V LVTTL  ;                     ; Column I/O   ; Y               ; no       ; Off          ;
; AD12     ; 80         ; 3A             ; SW[5]                           ; input  ; 3.3-V LVTTL  ;                     ; Column I/O   ; Y               ; no       ; Off          ;
; AD13     ;            ; 3B             ; VCCIO3B                         ; power  ;              ; 3.3V                ; --           ;                 ; --       ; --           ;
; AD14     ; 98         ; 3B             ; RESERVED_INPUT_WITH_WEAK_PULLUP ;        ;              ;                     ; Column I/O   ;                 ; no       ; On           ;
; AD15     ;            ;                ; DNU                             ;        ;              ;                     ; --           ;                 ; --       ; --           ;
; AD16     ;            ; 3B, 4A         ; VCCPD3B4A                       ; power  ;              ; 3.3V                ; --           ;                 ; --       ; --           ;
; AD17     ; 160        ; 4A             ; RESERVED_INPUT_WITH_WEAK_PULLUP ;        ;              ;                     ; Column I/O   ;                 ; no       ; On           ;
; AD18     ;            ; 4A             ; VCCIO4A                         ; power  ;              ; 3.3V                ; --           ;                 ; --       ; --           ;
; AD19     ; 184        ; 4A             ; RESERVED_INPUT_WITH_WEAK_PULLUP ;        ;              ;                     ; Column I/O   ;                 ; no       ; On           ;
; AD20     ; 199        ; 4A             ; RESERVED_INPUT_WITH_WEAK_PULLUP ;        ;              ;                     ; Column I/O   ;                 ; no       ; On           ;
; AD21     ; 197        ; 4A             ; RESERVED_INPUT_WITH_WEAK_PULLUP ;        ;              ;                     ; Column I/O   ;                 ; no       ; On           ;
; AD22     ;            ; --             ; VCC_AUX                         ; power  ;              ; 2.5V                ; --           ;                 ; --       ; --           ;
; AD23     ;            ;                ; GND                             ; gnd    ;              ;                     ; --           ;                 ; --       ; --           ;
; AD24     ; 211        ; 4A             ; RESERVED_INPUT_WITH_WEAK_PULLUP ;        ;              ;                     ; Column I/O   ;                 ; no       ; On           ;
; AD25     ; 213        ; 5A             ; RESERVED_INPUT_WITH_WEAK_PULLUP ;        ;              ;                     ; Row I/O      ;                 ; no       ; On           ;
; AD26     ; 240        ; 5A             ; RESERVED_INPUT_WITH_WEAK_PULLUP ;        ;              ;                     ; Row I/O      ;                 ; no       ; On           ;
; AD27     ; 222        ; 5A             ; RESERVED_INPUT_WITH_WEAK_PULLUP ;        ;              ;                     ; Row I/O      ;                 ; no       ; On           ;
; AD28     ;            ; 5A             ; VCCIO5A                         ; power  ;              ; 3.3V                ; --           ;                 ; --       ; --           ;
; AD29     ; 255        ; 5B             ; RESERVED_INPUT_WITH_WEAK_PULLUP ;        ;              ;                     ; Row I/O      ;                 ; no       ; On           ;
; AD30     ; 257        ; 5B             ; RESERVED_INPUT_WITH_WEAK_PULLUP ;        ;              ;                     ; Row I/O      ;                 ; no       ; On           ;
; AE1      ;            ;                ; GND                             ; gnd    ;              ;                     ; --           ;                 ; --       ; --           ;
; AE2      ;            ;                ; GND                             ; gnd    ;              ;                     ; --           ;                 ; --       ; --           ;
; AE3      ;            ;                ; GND                             ; gnd    ;              ;                     ; --           ;                 ; --       ; --           ;
; AE4      ;            ;                ; GND                             ; gnd    ;              ;                     ; --           ;                 ; --       ; --           ;
; AE5      ; 49         ; 3A             ; ^AS_DATA1, DATA1                ;        ;              ;                     ; Weak Pull Up ;                 ; --       ; On           ;
; AE6      ; 51         ; 3A             ; ^AS_DATA0, ASDO, DATA0          ;        ;              ;                     ; Weak Pull Up ;                 ; --       ; On           ;
; AE7      ; 60         ; 3A             ; RESERVED_INPUT_WITH_WEAK_PULLUP ;        ;              ;                     ; Column I/O   ;                 ; no       ; On           ;
; AE8      ; 47         ; 3A             ; ^AS_DATA2, DATA2                ;        ;              ;                     ; Weak Pull Up ;                 ; --       ; On           ;
; AE9      ; 53         ; 3A             ; RESERVED_INPUT_WITH_WEAK_PULLUP ;        ;              ;                     ; Column I/O   ;                 ; no       ; On           ;
; AE10     ;            ;                ; GND                             ; gnd    ;              ;                     ; --           ;                 ; --       ; --           ;
; AE11     ; 59         ; 3A             ; SW[6]                           ; input  ; 3.3-V LVTTL  ;                     ; Column I/O   ; Y               ; no       ; Off          ;
; AE12     ; 52         ; 3A             ; SW[9]                           ; input  ; 3.3-V LVTTL  ;                     ; Column I/O   ; Y               ; no       ; Off          ;
; AE13     ; 95         ; 3B             ; RESERVED_INPUT_WITH_WEAK_PULLUP ;        ;              ;                     ; Column I/O   ;                 ; no       ; On           ;
; AE14     ; 96         ; 3B             ; RESERVED_INPUT_WITH_WEAK_PULLUP ;        ;              ;                     ; Column I/O   ;                 ; no       ; On           ;
; AE15     ;            ; 3B             ; VCCIO3B                         ; power  ;              ; 3.3V                ; --           ;                 ; --       ; --           ;
; AE16     ; 139        ; 4A             ; RESERVED_INPUT_WITH_WEAK_PULLUP ;        ;              ;                     ; Column I/O   ;                 ; no       ; On           ;
; AE17     ; 135        ; 4A             ; RESERVED_INPUT_WITH_WEAK_PULLUP ;        ;              ;                     ; Column I/O   ;                 ; no       ; On           ;
; AE18     ; 167        ; 4A             ; RESERVED_INPUT_WITH_WEAK_PULLUP ;        ;              ;                     ; Column I/O   ;                 ; no       ; On           ;
; AE19     ; 165        ; 4A             ; RESERVED_INPUT_WITH_WEAK_PULLUP ;        ;              ;                     ; Column I/O   ;                 ; no       ; On           ;
; AE20     ;            ;                ; GND                             ; gnd    ;              ;                     ; --           ;                 ; --       ; --           ;
; AE21     ;            ; 3B, 4A         ; VCCPD3B4A                       ; power  ;              ; 3.3V                ; --           ;                 ; --       ; --           ;
; AE22     ; 191        ; 4A             ; RESERVED_INPUT_WITH_WEAK_PULLUP ;        ;              ;                     ; Column I/O   ;                 ; no       ; On           ;
; AE23     ; 189        ; 4A             ; RESERVED_INPUT_WITH_WEAK_PULLUP ;        ;              ;                     ; Column I/O   ;                 ; no       ; On           ;
; AE24     ; 209        ; 4A             ; RESERVED_INPUT_WITH_WEAK_PULLUP ;        ;              ;                     ; Column I/O   ;                 ; no       ; On           ;
; AE25     ;            ; 4A             ; VCCIO4A                         ; power  ;              ; 3.3V                ; --           ;                 ; --       ; --           ;
; AE26     ; 220        ; 5A             ; RESERVED_INPUT_WITH_WEAK_PULLUP ;        ;              ;                     ; Row I/O      ;                 ; no       ; On           ;
; AE27     ; 229        ; 5A             ; RESERVED_INPUT_WITH_WEAK_PULLUP ;        ;              ;                     ; Row I/O      ;                 ; no       ; On           ;
; AE28     ; 231        ; 5A             ; RESERVED_INPUT_WITH_WEAK_PULLUP ;        ;              ;                     ; Row I/O      ;                 ; no       ; On           ;
; AE29     ; 253        ; 5B             ; RESERVED_INPUT_WITH_WEAK_PULLUP ;        ;              ;                     ; Row I/O      ;                 ; no       ; On           ;
; AE30     ;            ; 5B             ; VCCIO5B                         ; power  ;              ; 2.5V                ; --           ;                 ; --       ; --           ;
; AF1      ;            ;                ; GND                             ; gnd    ;              ;                     ; --           ;                 ; --       ; --           ;
; AF2      ;            ;                ; GND                             ; gnd    ;              ;                     ; --           ;                 ; --       ; --           ;
; AF3      ;            ;                ; GND                             ; gnd    ;              ;                     ; --           ;                 ; --       ; --           ;
; AF4      ; 66         ; 3A             ; RESERVED_INPUT_WITH_WEAK_PULLUP ;        ;              ;                     ; Column I/O   ;                 ; no       ; On           ;
; AF5      ; 64         ; 3A             ; RESERVED_INPUT_WITH_WEAK_PULLUP ;        ;              ;                     ; Column I/O   ;                 ; no       ; On           ;
; AF6      ; 75         ; 3A             ; RESERVED_INPUT_WITH_WEAK_PULLUP ;        ;              ;                     ; Column I/O   ;                 ; no       ; On           ;
; AF7      ;            ; 3A             ; VCCIO3A                         ; power  ;              ; 3.3V                ; --           ;                 ; --       ; --           ;
; AF8      ; 70         ; 3A             ; RESERVED_INPUT_WITH_WEAK_PULLUP ;        ;              ;                     ; Column I/O   ;                 ; no       ; On           ;
; AF9      ; 67         ; 3A             ; SW[2]                           ; input  ; 3.3-V LVTTL  ;                     ; Column I/O   ; Y               ; no       ; Off          ;
; AF10     ; 57         ; 3A             ; SW[3]                           ; input  ; 3.3-V LVTTL  ;                     ; Column I/O   ; Y               ; no       ; Off          ;
; AF11     ; 87         ; 3B             ; RESERVED_INPUT_WITH_WEAK_PULLUP ;        ;              ;                     ; Column I/O   ;                 ; no       ; On           ;
; AF12     ;            ;                ; GND                             ; gnd    ;              ;                     ; --           ;                 ; --       ; --           ;
; AF13     ; 93         ; 3B             ; RESERVED_INPUT_WITH_WEAK_PULLUP ;        ;              ;                     ; Column I/O   ;                 ; no       ; On           ;
; AF14     ; 114        ; 3B             ; CLOCK_50                        ; input  ; 3.3-V LVTTL  ;                     ; Column I/O   ; Y               ; no       ; Off          ;
; AF15     ; 112        ; 3B             ; RESERVED_INPUT_WITH_WEAK_PULLUP ;        ;              ;                     ; Column I/O   ;                 ; no       ; On           ;
; AF16     ; 137        ; 4A             ; RESERVED_INPUT_WITH_WEAK_PULLUP ;        ;              ;                     ; Column I/O   ;                 ; no       ; On           ;
; AF17     ;            ;                ; GND                             ; gnd    ;              ;                     ; --           ;                 ; --       ; --           ;
; AF18     ; 133        ; 4A             ; RESERVED_INPUT_WITH_WEAK_PULLUP ;        ;              ;                     ; Column I/O   ;                 ; no       ; On           ;
; AF19     ; 159        ; 4A             ; RESERVED_INPUT_WITH_WEAK_PULLUP ;        ;              ;                     ; Column I/O   ;                 ; no       ; On           ;
; AF20     ; 175        ; 4A             ; RESERVED_INPUT_WITH_WEAK_PULLUP ;        ;              ;                     ; Column I/O   ;                 ; no       ; On           ;
; AF21     ; 173        ; 4A             ; RESERVED_INPUT_WITH_WEAK_PULLUP ;        ;              ;                     ; Column I/O   ;                 ; no       ; On           ;
; AF22     ;            ; 4A             ; VCCIO4A                         ; power  ;              ; 3.3V                ; --           ;                 ; --       ; --           ;
; AF23     ; 183        ; 4A             ; RESERVED_INPUT_WITH_WEAK_PULLUP ;        ;              ;                     ; Column I/O   ;                 ; no       ; On           ;
; AF24     ; 181        ; 4A             ; RESERVED_INPUT_WITH_WEAK_PULLUP ;        ;              ;                     ; Column I/O   ;                 ; no       ; On           ;
; AF25     ; 206        ; 4A             ; RESERVED_INPUT_WITH_WEAK_PULLUP ;        ;              ;                     ; Column I/O   ;                 ; no       ; On           ;
; AF26     ; 204        ; 4A             ; RESERVED_INPUT_WITH_WEAK_PULLUP ;        ;              ;                     ; Column I/O   ;                 ; no       ; On           ;
; AF27     ;            ;                ; GND                             ; gnd    ;              ;                     ; --           ;                 ; --       ; --           ;
; AF28     ; 235        ; 5A             ; RESERVED_INPUT_WITH_WEAK_PULLUP ;        ;              ;                     ; Row I/O      ;                 ; no       ; On           ;
; AF29     ; 237        ; 5A             ; RESERVED_INPUT_WITH_WEAK_PULLUP ;        ;              ;                     ; Row I/O      ;                 ; no       ; On           ;
; AF30     ; 239        ; 5A             ; RESERVED_INPUT_WITH_WEAK_PULLUP ;        ;              ;                     ; Row I/O      ;                 ; no       ; On           ;
; AG1      ; 71         ; 3A             ; RESERVED_INPUT_WITH_WEAK_PULLUP ;        ;              ;                     ; Column I/O   ;                 ; no       ; On           ;
; AG2      ; 83         ; 3A             ; RESERVED_INPUT_WITH_WEAK_PULLUP ;        ;              ;                     ; Column I/O   ;                 ; no       ; On           ;
; AG3      ; 63         ; 3A             ; RESERVED_INPUT_WITH_WEAK_PULLUP ;        ;              ;                     ; Column I/O   ;                 ; no       ; On           ;
; AG4      ;            ; 3A             ; VCCIO3A                         ; power  ;              ; 3.3V                ; --           ;                 ; --       ; --           ;
; AG5      ; 78         ; 3A             ; RESERVED_INPUT_WITH_WEAK_PULLUP ;        ;              ;                     ; Column I/O   ;                 ; no       ; On           ;
; AG6      ; 73         ; 3A             ; RESERVED_INPUT_WITH_WEAK_PULLUP ;        ;              ;                     ; Column I/O   ;                 ; no       ; On           ;
; AG7      ; 68         ; 3A             ; RESERVED_INPUT_WITH_WEAK_PULLUP ;        ;              ;                     ; Column I/O   ;                 ; no       ; On           ;
; AG8      ; 65         ; 3A             ; RESERVED_INPUT_WITH_WEAK_PULLUP ;        ;              ;                     ; Column I/O   ;                 ; no       ; On           ;
; AG9      ;            ;                ; GND                             ; gnd    ;              ;                     ; --           ;                 ; --       ; --           ;
; AG10     ; 86         ; 3B             ; RESERVED_INPUT_WITH_WEAK_PULLUP ;        ;              ;                     ; Column I/O   ;                 ; no       ; On           ;
; AG11     ; 85         ; 3B             ; RESERVED_INPUT_WITH_WEAK_PULLUP ;        ;              ;                     ; Column I/O   ;                 ; no       ; On           ;
; AG12     ; 103        ; 3B             ; RESERVED_INPUT_WITH_WEAK_PULLUP ;        ;              ;                     ; Column I/O   ;                 ; no       ; On           ;
; AG13     ; 101        ; 3B             ; RESERVED_INPUT_WITH_WEAK_PULLUP ;        ;              ;                     ; Column I/O   ;                 ; no       ; On           ;
; AG14     ;            ;                ; GND                             ; gnd    ;              ;                     ; --           ;                 ; --       ; --           ;
; AG15     ; 127        ; 3B             ; RESERVED_INPUT_WITH_WEAK_PULLUP ;        ;              ;                     ; Column I/O   ;                 ; no       ; On           ;
; AG16     ; 134        ; 4A             ; RESERVED_INPUT_WITH_WEAK_PULLUP ;        ;              ;                     ; Column I/O   ;                 ; no       ; On           ;
; AG17     ; 132        ; 4A             ; RESERVED_INPUT_WITH_WEAK_PULLUP ;        ;              ;                     ; Column I/O   ;                 ; no       ; On           ;
; AG18     ; 150        ; 4A             ; RESERVED_INPUT_WITH_WEAK_PULLUP ;        ;              ;                     ; Column I/O   ;                 ; no       ; On           ;
; AG19     ;            ; 4A             ; VCCIO4A                         ; power  ;              ; 3.3V                ; --           ;                 ; --       ; --           ;
; AG20     ; 157        ; 4A             ; RESERVED_INPUT_WITH_WEAK_PULLUP ;        ;              ;                     ; Column I/O   ;                 ; no       ; On           ;
; AG21     ; 143        ; 4A             ; RESERVED_INPUT_WITH_WEAK_PULLUP ;        ;              ;                     ; Column I/O   ;                 ; no       ; On           ;
; AG22     ; 166        ; 4A             ; RESERVED_INPUT_WITH_WEAK_PULLUP ;        ;              ;                     ; Column I/O   ;                 ; no       ; On           ;
; AG23     ; 163        ; 4A             ; RESERVED_INPUT_WITH_WEAK_PULLUP ;        ;              ;                     ; Column I/O   ;                 ; no       ; On           ;
; AG24     ;            ;                ; GND                             ; gnd    ;              ;                     ; --           ;                 ; --       ; --           ;
; AG25     ; 190        ; 4A             ; RESERVED_INPUT_WITH_WEAK_PULLUP ;        ;              ;                     ; Column I/O   ;                 ; no       ; On           ;
; AG26     ; 203        ; 4A             ; RESERVED_INPUT_WITH_WEAK_PULLUP ;        ;              ;                     ; Column I/O   ;                 ; no       ; On           ;
; AG27     ; 212        ; 5A             ; RESERVED_INPUT_WITH_WEAK_PULLUP ;        ;              ;                     ; Row I/O      ;                 ; no       ; On           ;
; AG28     ; 233        ; 5A             ; RESERVED_INPUT_WITH_WEAK_PULLUP ;        ;              ;                     ; Row I/O      ;                 ; no       ; On           ;
; AG29     ;            ; 5A             ; VCCIO5A                         ; power  ;              ; 3.3V                ; --           ;                 ; --       ; --           ;
; AG30     ; 243        ; 5A             ; RESERVED_INPUT_WITH_WEAK_PULLUP ;        ;              ;                     ; Row I/O      ;                 ; no       ; On           ;
; AH1      ;            ;                ; GND                             ; gnd    ;              ;                     ; --           ;                 ; --       ; --           ;
; AH2      ; 69         ; 3A             ; RESERVED_INPUT_WITH_WEAK_PULLUP ;        ;              ;                     ; Column I/O   ;                 ; no       ; On           ;
; AH3      ; 81         ; 3A             ; RESERVED_INPUT_WITH_WEAK_PULLUP ;        ;              ;                     ; Column I/O   ;                 ; no       ; On           ;
; AH4      ; 61         ; 3A             ; RESERVED_INPUT_WITH_WEAK_PULLUP ;        ;              ;                     ; Column I/O   ;                 ; no       ; On           ;
; AH5      ; 76         ; 3A             ; RESERVED_INPUT_WITH_WEAK_PULLUP ;        ;              ;                     ; Column I/O   ;                 ; no       ; On           ;
; AH6      ;            ;                ; GND                             ; gnd    ;              ;                     ; --           ;                 ; --       ; --           ;
; AH7      ; 115        ; 3B             ; RESERVED_INPUT_WITH_WEAK_PULLUP ;        ;              ;                     ; Column I/O   ;                 ; no       ; On           ;
; AH8      ; 113        ; 3B             ; RESERVED_INPUT_WITH_WEAK_PULLUP ;        ;              ;                     ; Column I/O   ;                 ; no       ; On           ;
; AH9      ; 84         ; 3B             ; RESERVED_INPUT_WITH_WEAK_PULLUP ;        ;              ;                     ; Column I/O   ;                 ; no       ; On           ;
; AH10     ; 118        ; 3B             ; RESERVED_INPUT_WITH_WEAK_PULLUP ;        ;              ;                     ; Column I/O   ;                 ; no       ; On           ;
; AH11     ;            ;                ; GND                             ; gnd    ;              ;                     ; --           ;                 ; --       ; --           ;
; AH12     ; 126        ; 3B             ; RESERVED_INPUT_WITH_WEAK_PULLUP ;        ;              ;                     ; Column I/O   ;                 ; no       ; On           ;
; AH13     ; 111        ; 3B             ; RESERVED_INPUT_WITH_WEAK_PULLUP ;        ;              ;                     ; Column I/O   ;                 ; no       ; On           ;
; AH14     ; 109        ; 3B             ; RESERVED_INPUT_WITH_WEAK_PULLUP ;        ;              ;                     ; Column I/O   ;                 ; no       ; On           ;
; AH15     ; 125        ; 3B             ; RESERVED_INPUT_WITH_WEAK_PULLUP ;        ;              ;                     ; Column I/O   ;                 ; no       ; On           ;
; AH16     ;            ; 4A             ; VCCIO4A                         ; power  ;              ; 3.3V                ; --           ;                 ; --       ; --           ;
; AH17     ; 147        ; 4A             ; RESERVED_INPUT_WITH_WEAK_PULLUP ;        ;              ;                     ; Column I/O   ;                 ; no       ; On           ;
; AH18     ; 145        ; 4A             ; RESERVED_INPUT_WITH_WEAK_PULLUP ;        ;              ;                     ; Column I/O   ;                 ; no       ; On           ;
; AH19     ; 148        ; 4A             ; RESERVED_INPUT_WITH_WEAK_PULLUP ;        ;              ;                     ; Column I/O   ;                 ; no       ; On           ;
; AH20     ; 141        ; 4A             ; RESERVED_INPUT_WITH_WEAK_PULLUP ;        ;              ;                     ; Column I/O   ;                 ; no       ; On           ;
; AH21     ;            ;                ; GND                             ; gnd    ;              ;                     ; --           ;                 ; --       ; --           ;
; AH22     ; 164        ; 4A             ; RESERVED_INPUT_WITH_WEAK_PULLUP ;        ;              ;                     ; Column I/O   ;                 ; no       ; On           ;
; AH23     ; 174        ; 4A             ; RESERVED_INPUT_WITH_WEAK_PULLUP ;        ;              ;                     ; Column I/O   ;                 ; no       ; On           ;
; AH24     ; 161        ; 4A             ; RESERVED_INPUT_WITH_WEAK_PULLUP ;        ;              ;                     ; Column I/O   ;                 ; no       ; On           ;
; AH25     ; 188        ; 4A             ; RESERVED_INPUT_WITH_WEAK_PULLUP ;        ;              ;                     ; Column I/O   ;                 ; no       ; On           ;
; AH26     ;            ; 4A             ; VCCIO4A                         ; power  ;              ; 3.3V                ; --           ;                 ; --       ; --           ;
; AH27     ; 201        ; 4A             ; RESERVED_INPUT_WITH_WEAK_PULLUP ;        ;              ;                     ; Column I/O   ;                 ; no       ; On           ;
; AH28     ; 214        ; 5A             ; RESERVED_INPUT_WITH_WEAK_PULLUP ;        ;              ;                     ; Row I/O      ;                 ; no       ; On           ;
; AH29     ; 218        ; 5A             ; RESERVED_INPUT_WITH_WEAK_PULLUP ;        ;              ;                     ; Row I/O      ;                 ; no       ; On           ;
; AH30     ; 241        ; 5A             ; RESERVED_INPUT_WITH_WEAK_PULLUP ;        ;              ;                     ; Row I/O      ;                 ; no       ; On           ;
; AJ1      ; 79         ; 3A             ; RESERVED_INPUT_WITH_WEAK_PULLUP ;        ;              ;                     ; Column I/O   ;                 ; no       ; On           ;
; AJ2      ; 77         ; 3A             ; RESERVED_INPUT_WITH_WEAK_PULLUP ;        ;              ;                     ; Column I/O   ;                 ; no       ; On           ;
; AJ3      ;            ;                ; GND                             ; gnd    ;              ;                     ; --           ;                 ; --       ; --           ;
; AJ4      ; 94         ; 3B             ; RESERVED_INPUT_WITH_WEAK_PULLUP ;        ;              ;                     ; Column I/O   ;                 ; no       ; On           ;
; AJ5      ; 99         ; 3B             ; RESERVED_INPUT_WITH_WEAK_PULLUP ;        ;              ;                     ; Column I/O   ;                 ; no       ; On           ;
; AJ6      ; 102        ; 3B             ; RESERVED_INPUT_WITH_WEAK_PULLUP ;        ;              ;                     ; Column I/O   ;                 ; no       ; On           ;
; AJ7      ; 100        ; 3B             ; RESERVED_INPUT_WITH_WEAK_PULLUP ;        ;              ;                     ; Column I/O   ;                 ; no       ; On           ;
; AJ8      ;            ; 3B             ; VCCIO3B                         ; power  ;              ; 3.3V                ; --           ;                 ; --       ; --           ;
; AJ9      ; 110        ; 3B             ; RESERVED_INPUT_WITH_WEAK_PULLUP ;        ;              ;                     ; Column I/O   ;                 ; no       ; On           ;
; AJ10     ; 116        ; 3B             ; RESERVED_INPUT_WITH_WEAK_PULLUP ;        ;              ;                     ; Column I/O   ;                 ; no       ; On           ;
; AJ11     ; 119        ; 3B             ; RESERVED_INPUT_WITH_WEAK_PULLUP ;        ;              ;                     ; Column I/O   ;                 ; no       ; On           ;
; AJ12     ; 124        ; 3B             ; RESERVED_INPUT_WITH_WEAK_PULLUP ;        ;              ;                     ; Column I/O   ;                 ; no       ; On           ;
; AJ13     ;            ; 3B             ; VCCIO3B                         ; power  ;              ; 3.3V                ; --           ;                 ; --       ; --           ;
; AJ14     ; 131        ; 3B             ; RESERVED_INPUT_WITH_WEAK_PULLUP ;        ;              ;                     ; Column I/O   ;                 ; no       ; On           ;
; AJ15     ;            ; 3B             ; VREFB3BN0                       ; power  ;              ;                     ; --           ;                 ; --       ; --           ;
; AJ16     ; 142        ; 4A             ; RESERVED_INPUT_WITH_WEAK_PULLUP ;        ;              ;                     ; Column I/O   ;                 ; no       ; On           ;
; AJ17     ; 151        ; 4A             ; RESERVED_INPUT_WITH_WEAK_PULLUP ;        ;              ;                     ; Column I/O   ;                 ; no       ; On           ;
; AJ18     ;            ;                ; GND                             ; gnd    ;              ;                     ; --           ;                 ; --       ; --           ;
; AJ19     ; 155        ; 4A             ; RESERVED_INPUT_WITH_WEAK_PULLUP ;        ;              ;                     ; Column I/O   ;                 ; no       ; On           ;
; AJ20     ; 158        ; 4A             ; RESERVED_INPUT_WITH_WEAK_PULLUP ;        ;              ;                     ; Column I/O   ;                 ; no       ; On           ;
; AJ21     ; 156        ; 4A             ; RESERVED_INPUT_WITH_WEAK_PULLUP ;        ;              ;                     ; Column I/O   ;                 ; no       ; On           ;
; AJ22     ; 172        ; 4A             ; RESERVED_INPUT_WITH_WEAK_PULLUP ;        ;              ;                     ; Column I/O   ;                 ; no       ; On           ;
; AJ23     ;            ; 4A             ; VCCIO4A                         ; power  ;              ; 3.3V                ; --           ;                 ; --       ; --           ;
; AJ24     ; 182        ; 4A             ; RESERVED_INPUT_WITH_WEAK_PULLUP ;        ;              ;                     ; Column I/O   ;                 ; no       ; On           ;
; AJ25     ; 180        ; 4A             ; RESERVED_INPUT_WITH_WEAK_PULLUP ;        ;              ;                     ; Column I/O   ;                 ; no       ; On           ;
; AJ26     ; 187        ; 4A             ; RESERVED_INPUT_WITH_WEAK_PULLUP ;        ;              ;                     ; Column I/O   ;                 ; no       ; On           ;
; AJ27     ; 195        ; 4A             ; RESERVED_INPUT_WITH_WEAK_PULLUP ;        ;              ;                     ; Column I/O   ;                 ; no       ; On           ;
; AJ28     ;            ;                ; GND                             ; gnd    ;              ;                     ; --           ;                 ; --       ; --           ;
; AJ29     ; 216        ; 5A             ; RESERVED_INPUT_WITH_WEAK_PULLUP ;        ;              ;                     ; Row I/O      ;                 ; no       ; On           ;
; AJ30     ;            ;                ; GND                             ; gnd    ;              ;                     ; --           ;                 ; --       ; --           ;
; AK2      ; 91         ; 3B             ; RESERVED_INPUT_WITH_WEAK_PULLUP ;        ;              ;                     ; Column I/O   ;                 ; no       ; On           ;
; AK3      ; 89         ; 3B             ; RESERVED_INPUT_WITH_WEAK_PULLUP ;        ;              ;                     ; Column I/O   ;                 ; no       ; On           ;
; AK4      ; 92         ; 3B             ; RESERVED_INPUT_WITH_WEAK_PULLUP ;        ;              ;                     ; Column I/O   ;                 ; no       ; On           ;
; AK5      ;            ;                ; GND                             ; gnd    ;              ;                     ; --           ;                 ; --       ; --           ;
; AK6      ; 97         ; 3B             ; RESERVED_INPUT_WITH_WEAK_PULLUP ;        ;              ;                     ; Column I/O   ;                 ; no       ; On           ;
; AK7      ; 107        ; 3B             ; RESERVED_INPUT_WITH_WEAK_PULLUP ;        ;              ;                     ; Column I/O   ;                 ; no       ; On           ;
; AK8      ; 105        ; 3B             ; RESERVED_INPUT_WITH_WEAK_PULLUP ;        ;              ;                     ; Column I/O   ;                 ; no       ; On           ;
; AK9      ; 108        ; 3B             ; RESERVED_INPUT_WITH_WEAK_PULLUP ;        ;              ;                     ; Column I/O   ;                 ; no       ; On           ;
; AK10     ;            ; 3B             ; VCCIO3B                         ; power  ;              ; 3.3V                ; --           ;                 ; --       ; --           ;
; AK11     ; 117        ; 3B             ; RESERVED_INPUT_WITH_WEAK_PULLUP ;        ;              ;                     ; Column I/O   ;                 ; no       ; On           ;
; AK12     ; 123        ; 3B             ; RESERVED_INPUT_WITH_WEAK_PULLUP ;        ;              ;                     ; Column I/O   ;                 ; no       ; On           ;
; AK13     ; 121        ; 3B             ; RESERVED_INPUT_WITH_WEAK_PULLUP ;        ;              ;                     ; Column I/O   ;                 ; no       ; On           ;
; AK14     ; 129        ; 3B             ; RESERVED_INPUT_WITH_WEAK_PULLUP ;        ;              ;                     ; Column I/O   ;                 ; no       ; On           ;
; AK15     ;            ;                ; GND                             ; gnd    ;              ;                     ; --           ;                 ; --       ; --           ;
; AK16     ; 140        ; 4A             ; RESERVED_INPUT_WITH_WEAK_PULLUP ;        ;              ;                     ; Column I/O   ;                 ; no       ; On           ;
; AK17     ;            ; 4A             ; VREFB4AN0                       ; power  ;              ;                     ; --           ;                 ; --       ; --           ;
; AK18     ; 149        ; 4A             ; RESERVED_INPUT_WITH_WEAK_PULLUP ;        ;              ;                     ; Column I/O   ;                 ; no       ; On           ;
; AK19     ; 153        ; 4A             ; RESERVED_INPUT_WITH_WEAK_PULLUP ;        ;              ;                     ; Column I/O   ;                 ; no       ; On           ;
; AK20     ;            ; 4A             ; VCCIO4A                         ; power  ;              ; 3.3V                ; --           ;                 ; --       ; --           ;
; AK21     ; 171        ; 4A             ; RESERVED_INPUT_WITH_WEAK_PULLUP ;        ;              ;                     ; Column I/O   ;                 ; no       ; On           ;
; AK22     ; 169        ; 4A             ; RESERVED_INPUT_WITH_WEAK_PULLUP ;        ;              ;                     ; Column I/O   ;                 ; no       ; On           ;
; AK23     ; 179        ; 4A             ; RESERVED_INPUT_WITH_WEAK_PULLUP ;        ;              ;                     ; Column I/O   ;                 ; no       ; On           ;
; AK24     ; 177        ; 4A             ; RESERVED_INPUT_WITH_WEAK_PULLUP ;        ;              ;                     ; Column I/O   ;                 ; no       ; On           ;
; AK25     ;            ;                ; GND                             ; gnd    ;              ;                     ; --           ;                 ; --       ; --           ;
; AK26     ; 185        ; 4A             ; RESERVED_INPUT_WITH_WEAK_PULLUP ;        ;              ;                     ; Column I/O   ;                 ; no       ; On           ;
; AK27     ; 193        ; 4A             ; RESERVED_INPUT_WITH_WEAK_PULLUP ;        ;              ;                     ; Column I/O   ;                 ; no       ; On           ;
; AK28     ; 198        ; 4A             ; RESERVED_INPUT_WITH_WEAK_PULLUP ;        ;              ;                     ; Column I/O   ;                 ; no       ; On           ;
; AK29     ; 196        ; 4A             ; RESERVED_INPUT_WITH_WEAK_PULLUP ;        ;              ;                     ; Column I/O   ;                 ; no       ; On           ;
; B1       ; 509        ; 8A             ; RESERVED_INPUT_WITH_WEAK_PULLUP ;        ;              ;                     ; Column I/O   ;                 ; no       ; On           ;
; B2       ; 507        ; 8A             ; RESERVED_INPUT_WITH_WEAK_PULLUP ;        ;              ;                     ; Column I/O   ;                 ; no       ; On           ;
; B3       ; 513        ; 8A             ; RESERVED_INPUT_WITH_WEAK_PULLUP ;        ;              ;                     ; Column I/O   ;                 ; no       ; On           ;
; B4       ;            ; 8A             ; VCCIO8A                         ; power  ;              ; 3.3V                ; --           ;                 ; --       ; --           ;
; B5       ; 512        ; 8A             ; RESERVED_INPUT_WITH_WEAK_PULLUP ;        ;              ;                     ; Column I/O   ;                 ; no       ; On           ;
; B6       ; 510        ; 8A             ; RESERVED_INPUT_WITH_WEAK_PULLUP ;        ;              ;                     ; Column I/O   ;                 ; no       ; On           ;
; B7       ; 477        ; 8A             ; RESERVED_INPUT_WITH_WEAK_PULLUP ;        ;              ;                     ; Column I/O   ;                 ; no       ; On           ;
; B8       ; 481        ; 8A             ; RESERVED_INPUT_WITH_WEAK_PULLUP ;        ;              ;                     ; Column I/O   ;                 ; no       ; On           ;
; B9       ;            ;                ; GND                             ; gnd    ;              ;                     ; --           ;                 ; --       ; --           ;
; B10      ;            ; 8A             ; VREFB8AN0                       ; power  ;              ;                     ; --           ;                 ; --       ; --           ;
; B11      ; 469        ; 8A             ; VGA_HS                          ; output ; 3.3-V LVTTL  ;                     ; Column I/O   ; Y               ; no       ; Off          ;
; B12      ; 464        ; 8A             ; VGA_R[3]                        ; output ; 3.3-V LVTTL  ;                     ; Column I/O   ; Y               ; no       ; Off          ;
; B13      ; 459        ; 8A             ; VGA_B[0]                        ; output ; 3.3-V LVTTL  ;                     ; Column I/O   ; Y               ; no       ; Off          ;
; B14      ;            ;                ; GND                             ; gnd    ;              ;                     ; --           ;                 ; --       ; --           ;
; B15      ; 451        ; 7D             ; RESERVED_INPUT_WITH_WEAK_PULLUP ;        ;              ;                     ; Column I/O   ;                 ; no       ; On           ;
; B16      ; 441        ; 7C             ; RESERVED_INPUT_WITH_WEAK_PULLUP ;        ;              ;                     ; Column I/O   ;                 ; no       ; On           ;
; B17      ; 431        ; 7C             ; RESERVED_INPUT_WITH_WEAK_PULLUP ;        ;              ;                     ; Column I/O   ;                 ; no       ; On           ;
; B18      ; 418        ; 7B             ; RESERVED_INPUT_WITH_WEAK_PULLUP ;        ;              ;                     ; Column I/O   ;                 ; no       ; On           ;
; B19      ;            ;                ; GND                             ; gnd    ;              ;                     ; --           ;                 ; --       ; --           ;
; B20      ; 417        ; 7B             ; RESERVED_INPUT_WITH_WEAK_PULLUP ;        ;              ;                     ; Column I/O   ;                 ; no       ; On           ;
; B21      ; 413        ; 7B             ; RESERVED_INPUT_WITH_WEAK_PULLUP ;        ;              ;                     ; Column I/O   ;                 ; no       ; On           ;
; B22      ; 399        ; 7A             ; RESERVED_INPUT_WITH_WEAK_PULLUP ;        ;              ;                     ; Column I/O   ;                 ; no       ; On           ;
; B23      ; 397        ; 7A             ; RESERVED_INPUT_WITH_WEAK_PULLUP ;        ;              ;                     ; Column I/O   ;                 ; no       ; On           ;
; B24      ;            ;                ; GND                             ; gnd    ;              ;                     ; --           ;                 ; --       ; --           ;
; B25      ; 387        ; 7A             ; RESERVED_INPUT_WITH_WEAK_PULLUP ;        ;              ;                     ; Column I/O   ;                 ; no       ; On           ;
; B26      ; 386        ; 7A             ; RESERVED_INPUT_WITH_WEAK_PULLUP ;        ;              ;                     ; Column I/O   ;                 ; no       ; On           ;
; B27      ; 381        ; 7A             ; ^HPS_TDI                        ;        ;              ;                     ; --           ;                 ; --       ; --           ;
; B28      ; 376        ; 7A             ; ^HPS_TDO                        ;        ;              ;                     ; --           ;                 ; --       ; --           ;
; B29      ;            ;                ; GND                             ; gnd    ;              ;                     ; --           ;                 ; --       ; --           ;
; B30      ; 365        ; 6A             ; RESERVED_INPUT_WITH_WEAK_PULLUP ;        ;              ;                     ; Row I/O      ;                 ; no       ; On           ;
; C1       ;            ;                ; GND                             ; gnd    ;              ;                     ; --           ;                 ; --       ; --           ;
; C2       ; 517        ; 8A             ; RESERVED_INPUT_WITH_WEAK_PULLUP ;        ;              ;                     ; Column I/O   ;                 ; no       ; On           ;
; C3       ; 511        ; 8A             ; RESERVED_INPUT_WITH_WEAK_PULLUP ;        ;              ;                     ; Column I/O   ;                 ; no       ; On           ;
; C4       ; 501        ; 8A             ; RESERVED_INPUT_WITH_WEAK_PULLUP ;        ;              ;                     ; Column I/O   ;                 ; no       ; On           ;
; C5       ; 497        ; 8A             ; RESERVED_INPUT_WITH_WEAK_PULLUP ;        ;              ;                     ; Column I/O   ;                 ; no       ; On           ;
; C6       ;            ;                ; GND                             ; gnd    ;              ;                     ; --           ;                 ; --       ; --           ;
; C7       ; 475        ; 8A             ; RESERVED_INPUT_WITH_WEAK_PULLUP ;        ;              ;                     ; Column I/O   ;                 ; no       ; On           ;
; C8       ; 479        ; 8A             ; RESERVED_INPUT_WITH_WEAK_PULLUP ;        ;              ;                     ; Column I/O   ;                 ; no       ; On           ;
; C9       ; 485        ; 8A             ; RESERVED_INPUT_WITH_WEAK_PULLUP ;        ;              ;                     ; Column I/O   ;                 ; no       ; On           ;
; C10      ; 483        ; 8A             ; VGA_SYNC_N                      ; output ; 3.3-V LVTTL  ;                     ; Column I/O   ; Y               ; no       ; Off          ;
; C11      ;            ; 8A             ; VCCIO8A                         ; power  ;              ; 3.3V                ; --           ;                 ; --       ; --           ;
; C12      ; 467        ; 8A             ; VGA_R[4]                        ; output ; 3.3-V LVTTL  ;                     ; Column I/O   ; Y               ; no       ; Off          ;
; C13      ; 462        ; 8A             ; VGA_R[1]                        ; output ; 3.3-V LVTTL  ;                     ; Column I/O   ; Y               ; no       ; Off          ;
; C14      ; 448        ; 7D             ; RESERVED_INPUT_WITH_WEAK_PULLUP ;        ;              ;                     ; Column I/O   ;                 ; no       ; On           ;
; C15      ; 453        ; 7D             ; RESERVED_INPUT_WITH_WEAK_PULLUP ;        ;              ;                     ; Column I/O   ;                 ; no       ; On           ;
; C16      ;            ;                ; GND                             ; gnd    ;              ;                     ; --           ;                 ; --       ; --           ;
; C17      ; 433        ; 7C             ; RESERVED_INPUT_WITH_WEAK_PULLUP ;        ;              ;                     ; Column I/O   ;                 ; no       ; On           ;
; C18      ; 435        ; 7C             ; RESERVED_INPUT_WITH_WEAK_PULLUP ;        ;              ;                     ; Column I/O   ;                 ; no       ; On           ;
; C19      ; 427        ; 7B             ; RESERVED_INPUT_WITH_WEAK_PULLUP ;        ;              ;                     ; Column I/O   ;                 ; no       ; On           ;
; C20      ; 421        ; 7B             ; RESERVED_INPUT_WITH_WEAK_PULLUP ;        ;              ;                     ; Column I/O   ;                 ; no       ; On           ;
; C21      ;            ;                ; GND                             ; gnd    ;              ;                     ; --           ;                 ; --       ; --           ;
; C22      ; 396        ; 7A             ; RESERVED_INPUT_WITH_WEAK_PULLUP ;        ;              ;                     ; Column I/O   ;                 ; no       ; On           ;
; C23      ; 401        ; 7A             ; RESERVED_INPUT_WITH_WEAK_PULLUP ;        ;              ;                     ; Column I/O   ;                 ; no       ; On           ;
; C24      ; 393        ; 7A             ; RESERVED_INPUT_WITH_WEAK_PULLUP ;        ;              ;                     ; Column I/O   ;                 ; no       ; On           ;
; C25      ; 388        ; 7A             ; RESERVED_INPUT_WITH_WEAK_PULLUP ;        ;              ;                     ; Column I/O   ;                 ; no       ; On           ;
; C26      ;            ;                ; GND                             ; gnd    ;              ;                     ; --           ;                 ; --       ; --           ;
; C27      ; 374        ; 7A             ; ^HPS_nRST                       ;        ;              ;                     ; --           ;                 ; --       ; --           ;
; C28      ; 369        ; 6A             ; RESERVED_INPUT_WITH_WEAK_PULLUP ;        ;              ;                     ; Row I/O      ;                 ; no       ; On           ;
; C29      ; 367        ; 6A             ; RESERVED_INPUT_WITH_WEAK_PULLUP ;        ;              ;                     ; Row I/O      ;                 ; no       ; On           ;
; C30      ; 363        ; 6A             ; RESERVED_INPUT_WITH_WEAK_PULLUP ;        ;              ;                     ; Row I/O      ;                 ; no       ; On           ;
; D1       ; 529        ; 8A             ; RESERVED_INPUT_WITH_WEAK_PULLUP ;        ;              ;                     ; Column I/O   ;                 ; no       ; On           ;
; D2       ; 515        ; 8A             ; RESERVED_INPUT_WITH_WEAK_PULLUP ;        ;              ;                     ; Column I/O   ;                 ; no       ; On           ;
; D3       ;            ;                ; GND                             ; gnd    ;              ;                     ; --           ;                 ; --       ; --           ;
; D4       ; 521        ; 8A             ; RESERVED_INPUT_WITH_WEAK_PULLUP ;        ;              ;                     ; Column I/O   ;                 ; no       ; On           ;
; D5       ; 499        ; 8A             ; RESERVED_INPUT_WITH_WEAK_PULLUP ;        ;              ;                     ; Column I/O   ;                 ; no       ; On           ;
; D6       ; 495        ; 8A             ; RESERVED_INPUT_WITH_WEAK_PULLUP ;        ;              ;                     ; Column I/O   ;                 ; no       ; On           ;
; D7       ; 505        ; 8A             ; RESERVED_INPUT_WITH_WEAK_PULLUP ;        ;              ;                     ; Column I/O   ;                 ; no       ; On           ;
; D8       ;            ; 8A             ; VCCIO8A                         ; power  ;              ; 3.3V                ; --           ;                 ; --       ; --           ;
; D9       ; 480        ; 8A             ; RESERVED_INPUT_WITH_WEAK_PULLUP ;        ;              ;                     ; Column I/O   ;                 ; no       ; On           ;
; D10      ; 472        ; 8A             ; RESERVED_INPUT_WITH_WEAK_PULLUP ;        ;              ;                     ; Column I/O   ;                 ; no       ; On           ;
; D11      ; 470        ; 8A             ; VGA_VS                          ; output ; 3.3-V LVTTL  ;                     ; Column I/O   ; Y               ; no       ; Off          ;
; D12      ; 496        ; 8A             ; VGA_R[5]                        ; output ; 3.3-V LVTTL  ;                     ; Column I/O   ; Y               ; no       ; Off          ;
; D13      ;            ;                ; GND                             ; gnd    ;              ;                     ; --           ;                 ; --       ; --           ;
; D14      ; 446        ; 7D             ; RESERVED_INPUT_WITH_WEAK_PULLUP ;        ;              ;                     ; Column I/O   ;                 ; no       ; On           ;
; D15      ; 449        ; 7D             ; RESERVED_INPUT_WITH_WEAK_PULLUP ;        ;              ;                     ; Column I/O   ;                 ; no       ; On           ;
; D16      ; 445        ; 7D             ; RESERVED_INPUT_WITH_WEAK_PULLUP ;        ;              ;                     ; Column I/O   ;                 ; no       ; On           ;
; D17      ; 440        ; 7C             ; RESERVED_INPUT_WITH_WEAK_PULLUP ;        ;              ;                     ; Column I/O   ;                 ; no       ; On           ;
; D18      ;            ; 7C             ; VCCIO7C_HPS                     ; power  ;              ; 2.5V                ; --           ;                 ; --       ; --           ;
; D19      ; 426        ; 7B             ; RESERVED_INPUT_WITH_WEAK_PULLUP ;        ;              ;                     ; Column I/O   ;                 ; no       ; On           ;
; D20      ; 420        ; 7B             ; RESERVED_INPUT_WITH_WEAK_PULLUP ;        ;              ;                     ; Column I/O   ;                 ; no       ; On           ;
; D21      ; 419        ; 7B             ; RESERVED_INPUT_WITH_WEAK_PULLUP ;        ;              ;                     ; Column I/O   ;                 ; no       ; On           ;
; D22      ; 402        ; 7A             ; RESERVED_INPUT_WITH_WEAK_PULLUP ;        ;              ;                     ; Column I/O   ;                 ; no       ; On           ;
; D23      ;            ;                ; GND                             ; gnd    ;              ;                     ; --           ;                 ; --       ; --           ;
; D24      ; 404        ; 7A             ; RESERVED_INPUT_WITH_WEAK_PULLUP ;        ;              ;                     ; Column I/O   ;                 ; no       ; On           ;
; D25      ; 384        ; 7A             ; ^HPS_CLK1                       ;        ;              ;                     ; --           ;                 ; --       ; --           ;
; D26      ; 373        ; 7A             ; ^GND                            ;        ;              ;                     ; --           ;                 ; --       ; --           ;
; D27      ; 371        ; 6A             ; HPS_RZQ_0                       ;        ;              ;                     ; --           ;                 ; no       ; On           ;
; D28      ;            ; 6A             ; VCCIO6A_HPS                     ; power  ;              ; 2.5V                ; --           ;                 ; --       ; --           ;
; D29      ; 361        ; 6A             ; RESERVED_INPUT_WITH_WEAK_PULLUP ;        ;              ;                     ; Row I/O      ;                 ; no       ; On           ;
; D30      ; 359        ; 6A             ; RESERVED_INPUT_WITH_WEAK_PULLUP ;        ;              ;                     ; Row I/O      ;                 ; no       ; On           ;
; E1       ; 527        ; 8A             ; RESERVED_INPUT_WITH_WEAK_PULLUP ;        ;              ;                     ; Column I/O   ;                 ; no       ; On           ;
; E2       ; 525        ; 8A             ; RESERVED_INPUT_WITH_WEAK_PULLUP ;        ;              ;                     ; Column I/O   ;                 ; no       ; On           ;
; E3       ; 523        ; 8A             ; RESERVED_INPUT_WITH_WEAK_PULLUP ;        ;              ;                     ; Column I/O   ;                 ; no       ; On           ;
; E4       ; 519        ; 8A             ; RESERVED_INPUT_WITH_WEAK_PULLUP ;        ;              ;                     ; Column I/O   ;                 ; no       ; On           ;
; E5       ;            ; 8A             ; VCCIO8A                         ; power  ;              ; 3.3V                ; --           ;                 ; --       ; --           ;
; E6       ; 533        ; 8A             ; RESERVED_INPUT_WITH_WEAK_PULLUP ;        ;              ;                     ; Column I/O   ;                 ; no       ; On           ;
; E7       ; 531        ; 8A             ; RESERVED_INPUT_WITH_WEAK_PULLUP ;        ;              ;                     ; Column I/O   ;                 ; no       ; On           ;
; E8       ; 503        ; 8A             ; RESERVED_INPUT_WITH_WEAK_PULLUP ;        ;              ;                     ; Column I/O   ;                 ; no       ; On           ;
; E9       ; 478        ; 8A             ; RESERVED_INPUT_WITH_WEAK_PULLUP ;        ;              ;                     ; Column I/O   ;                 ; no       ; On           ;
; E10      ;            ;                ; GND                             ; gnd    ;              ;                     ; --           ;                 ; --       ; --           ;
; E11      ; 504        ; 8A             ; VGA_G[7]                        ; output ; 3.3-V LVTTL  ;                     ; Column I/O   ; Y               ; no       ; Off          ;
; E12      ; 494        ; 8A             ; VGA_R[6]                        ; output ; 3.3-V LVTTL  ;                     ; Column I/O   ; Y               ; no       ; Off          ;
; E13      ; 488        ; 8A             ; VGA_R[2]                        ; output ; 3.3-V LVTTL  ;                     ; Column I/O   ; Y               ; no       ; Off          ;
; E14      ; 454        ; 7D             ; RESERVED_INPUT_WITH_WEAK_PULLUP ;        ;              ;                     ; Column I/O   ;                 ; no       ; On           ;
; E15      ;            ; 7D             ; VCCIO7D_HPS                     ; power  ;              ; 2.5V                ; --           ;                 ; --       ; --           ;
; E16      ; 443        ; 7D             ; RESERVED_INPUT_WITH_WEAK_PULLUP ;        ;              ;                     ; Column I/O   ;                 ; no       ; On           ;
; E17      ; 438        ; 7C             ; RESERVED_INPUT_WITH_WEAK_PULLUP ;        ;              ;                     ; Column I/O   ;                 ; no       ; On           ;
; E18      ; 437        ; 7C             ; RESERVED_INPUT_WITH_WEAK_PULLUP ;        ;              ;                     ; Column I/O   ;                 ; no       ; On           ;
; E19      ; 424        ; 7B             ; RESERVED_INPUT_WITH_WEAK_PULLUP ;        ;              ;                     ; Column I/O   ;                 ; no       ; On           ;
; E20      ;            ; 7B             ; VCCIO7B_HPS                     ; power  ;              ; 2.5V                ; --           ;                 ; --       ; --           ;
; E21      ; 412        ; 7B             ; RESERVED_INPUT_WITH_WEAK_PULLUP ;        ;              ;                     ; Column I/O   ;                 ; no       ; On           ;
; E22      ;            ; 7A, 7B, 7C, 7D ; VREFB7A7B7C7DN0_HPS             ; power  ;              ;                     ; --           ;                 ; --       ; --           ;
; E23      ; 394        ; 7A             ; RESERVED_INPUT_WITH_WEAK_PULLUP ;        ;              ;                     ; Column I/O   ;                 ; no       ; On           ;
; E24      ; 403        ; 7A             ; RESERVED_INPUT_WITH_WEAK_PULLUP ;        ;              ;                     ; Column I/O   ;                 ; no       ; On           ;
; E25      ;            ;                ; GND                             ; gnd    ;              ;                     ; --           ;                 ; --       ; --           ;
; E26      ;            ;                ; DNU                             ;        ;              ;                     ; --           ;                 ; --       ; --           ;
; E27      ; 357        ; 6A             ; RESERVED_INPUT_WITH_WEAK_PULLUP ;        ;              ;                     ; Row I/O      ;                 ; no       ; On           ;
; E28      ; 351        ; 6A             ; RESERVED_INPUT_WITH_WEAK_PULLUP ;        ;              ;                     ; Row I/O      ;                 ; no       ; On           ;
; E29      ; 353        ; 6A             ; RESERVED_INPUT_WITH_WEAK_PULLUP ;        ;              ;                     ; Row I/O      ;                 ; no       ; On           ;
; E30      ;            ;                ; GND                             ; gnd    ;              ;                     ; --           ;                 ; --       ; --           ;
; F1       ;            ;                ; DNU                             ;        ;              ;                     ; --           ;                 ; --       ; --           ;
; F2       ;            ;                ; GND                             ; gnd    ;              ;                     ; --           ;                 ; --       ; --           ;
; F3       ; 539        ; 9A             ; ^CONF_DONE                      ;        ;              ;                     ; --           ;                 ; --       ; --           ;
; F4       ; 541        ; 9A             ; ^nSTATUS                        ;        ;              ;                     ; --           ;                 ; --       ; --           ;
; F5       ;            ;                ; GND                             ; gnd    ;              ;                     ; --           ;                 ; --       ; --           ;
; F6       ; 537        ; 8A             ; RESERVED_INPUT_WITH_WEAK_PULLUP ;        ;              ;                     ; Column I/O   ;                 ; no       ; On           ;
; F7       ;            ;                ; GND                             ; gnd    ;              ;                     ; --           ;                 ; --       ; --           ;
; F8       ; 536        ; 8A             ; RESERVED_INPUT_WITH_WEAK_PULLUP ;        ;              ;                     ; Column I/O   ;                 ; no       ; On           ;
; F9       ; 534        ; 8A             ; RESERVED_INPUT_WITH_WEAK_PULLUP ;        ;              ;                     ; Column I/O   ;                 ; no       ; On           ;
; F10      ; 528        ; 8A             ; VGA_BLANK_N                     ; output ; 3.3-V LVTTL  ;                     ; Column I/O   ; Y               ; no       ; Off          ;
; F11      ; 502        ; 8A             ; VGA_G[6]                        ; output ; 3.3-V LVTTL  ;                     ; Column I/O   ; Y               ; no       ; Off          ;
; F12      ;            ; 8A             ; VCCIO8A                         ; power  ;              ; 3.3V                ; --           ;                 ; --       ; --           ;
; F13      ; 486        ; 8A             ; VGA_R[7]                        ; output ; 3.3-V LVTTL  ;                     ; Column I/O   ; Y               ; no       ; Off          ;
; F14      ; 468        ; 8A             ; VGA_B[3]                        ; output ; 3.3-V LVTTL  ;                     ; Column I/O   ; Y               ; no       ; Off          ;
; F15      ; 466        ; 8A             ; VGA_B[5]                        ; output ; 3.3-V LVTTL  ;                     ; Column I/O   ; Y               ; no       ; Off          ;
; F16      ; 442        ; 7D             ; RESERVED_INPUT_WITH_WEAK_PULLUP ;        ;              ;                     ; Column I/O   ;                 ; no       ; On           ;
; F17      ;            ;                ; GND                             ; gnd    ;              ;                     ; --           ;                 ; --       ; --           ;
; F18      ; 430        ; 7C             ; RESERVED_INPUT_WITH_WEAK_PULLUP ;        ;              ;                     ; Column I/O   ;                 ; no       ; On           ;
; F19      ; 410        ; 7B             ; RESERVED_INPUT_WITH_WEAK_PULLUP ;        ;              ;                     ; Column I/O   ;                 ; no       ; On           ;
; F20      ; 407        ; 7B             ; RESERVED_INPUT_WITH_WEAK_PULLUP ;        ;              ;                     ; Column I/O   ;                 ; no       ; On           ;
; F21      ; 409        ; 7B             ; RESERVED_INPUT_WITH_WEAK_PULLUP ;        ;              ;                     ; Column I/O   ;                 ; no       ; On           ;
; F22      ;            ; 7A             ; VCCIO7A_HPS                     ; power  ;              ; 2.5V                ; --           ;                 ; --       ; --           ;
; F23      ; 375        ; 7A             ; ^HPS_nPOR                       ;        ;              ;                     ; --           ;                 ; --       ; --           ;
; F24      ; 383        ; 7A             ; ^HPS_PORSEL                     ;        ;              ;                     ; --           ;                 ; --       ; --           ;
; F25      ; 385        ; 7A             ; ^HPS_CLK2                       ;        ;              ;                     ; --           ;                 ; --       ; --           ;
; F26      ; 341        ; 6A             ; RESERVED_INPUT_WITH_WEAK_PULLUP ;        ;              ;                     ; Row I/O      ;                 ; no       ; On           ;
; F27      ;            ;                ; GND                             ; gnd    ;              ;                     ; --           ;                 ; --       ; --           ;
; F28      ; 345        ; 6A             ; RESERVED_INPUT_WITH_WEAK_PULLUP ;        ;              ;                     ; Row I/O      ;                 ; no       ; On           ;
; F29      ; 349        ; 6A             ; RESERVED_INPUT_WITH_WEAK_PULLUP ;        ;              ;                     ; Row I/O      ;                 ; no       ; On           ;
; F30      ; 347        ; 6A             ; RESERVED_INPUT_WITH_WEAK_PULLUP ;        ;              ;                     ; Row I/O      ;                 ; no       ; On           ;
; G1       ;            ;                ; GND                             ;        ;              ;                     ; --           ;                 ; --       ; --           ;
; G2       ;            ;                ; DNU                             ;        ;              ;                     ; --           ;                 ; --       ; --           ;
; G3       ;            ;                ; GND                             ; gnd    ;              ;                     ; --           ;                 ; --       ; --           ;
; G4       ;            ;                ; GND                             ; gnd    ;              ;                     ; --           ;                 ; --       ; --           ;
; G5       ; 542        ; 9A             ; ^nCE                            ;        ;              ;                     ; --           ;                 ; --       ; --           ;
; G6       ; 543        ; 9A             ; ^MSEL2                          ;        ;              ;                     ; --           ;                 ; --       ; --           ;
; G7       ; 535        ; 8A             ; RESERVED_INPUT_WITH_WEAK_PULLUP ;        ;              ;                     ; Column I/O   ;                 ; no       ; On           ;
; G8       ; 492        ; 8A             ; RESERVED_INPUT_WITH_WEAK_PULLUP ;        ;              ;                     ; Column I/O   ;                 ; no       ; On           ;
; G9       ;            ; 8A             ; VCCIO8A                         ; power  ;              ; 3.3V                ; --           ;                 ; --       ; --           ;
; G10      ; 526        ; 8A             ; VGA_G[3]                        ; output ; 3.3-V LVTTL  ;                     ; Column I/O   ; Y               ; no       ; Off          ;
; G11      ; 520        ; 8A             ; VGA_G[4]                        ; output ; 3.3-V LVTTL  ;                     ; Column I/O   ; Y               ; no       ; Off          ;
; G12      ; 518        ; 8A             ; VGA_G[5]                        ; output ; 3.3-V LVTTL  ;                     ; Column I/O   ; Y               ; no       ; Off          ;
; G13      ; 484        ; 8A             ; VGA_B[1]                        ; output ; 3.3-V LVTTL  ;                     ; Column I/O   ; Y               ; no       ; Off          ;
; G14      ;            ; 8A             ; VCCIO8A                         ; power  ;              ; 3.3V                ; --           ;                 ; --       ; --           ;
; G15      ; 460        ; 8A             ; VGA_B[6]                        ; output ; 3.3-V LVTTL  ;                     ; Column I/O   ; Y               ; no       ; Off          ;
; G16      ; 444        ; 7D             ; RESERVED_INPUT_WITH_WEAK_PULLUP ;        ;              ;                     ; Column I/O   ;                 ; no       ; On           ;
; G17      ; 436        ; 7C             ; RESERVED_INPUT_WITH_WEAK_PULLUP ;        ;              ;                     ; Column I/O   ;                 ; no       ; On           ;
; G18      ; 432        ; 7C             ; RESERVED_INPUT_WITH_WEAK_PULLUP ;        ;              ;                     ; Column I/O   ;                 ; no       ; On           ;
; G19      ;            ; 7B             ; VCCIO7B_HPS                     ; power  ;              ; 2.5V                ; --           ;                 ; --       ; --           ;
; G20      ; 416        ; 7B             ; RESERVED_INPUT_WITH_WEAK_PULLUP ;        ;              ;                     ; Column I/O   ;                 ; no       ; On           ;
; G21      ; 392        ; 7A             ; RESERVED_INPUT_WITH_WEAK_PULLUP ;        ;              ;                     ; Column I/O   ;                 ; no       ; On           ;
; G22      ; 400        ; 7A             ; RESERVED_INPUT_WITH_WEAK_PULLUP ;        ;              ;                     ; Column I/O   ;                 ; no       ; On           ;
; G23      ; 377        ; 7A             ; ^VCCRSTCLK_HPS                  ;        ;              ;                     ; --           ;                 ; --       ; --           ;
; G24      ;            ;                ; GND                             ; gnd    ;              ;                     ; --           ;                 ; --       ; --           ;
; G25      ; 370        ; 6A             ; RESERVED_INPUT_WITH_WEAK_PULLUP ;        ;              ;                     ; Row I/O      ;                 ; no       ; On           ;
; G26      ; 362        ; 6A             ; RESERVED_INPUT_WITH_WEAK_PULLUP ;        ;              ;                     ; Row I/O      ;                 ; no       ; On           ;
; G27      ; 339        ; 6A             ; RESERVED_INPUT_WITH_WEAK_PULLUP ;        ;              ;                     ; Row I/O      ;                 ; --       ; --           ;
; G28      ; 335        ; 6A             ; RESERVED_INPUT_WITH_WEAK_PULLUP ;        ;              ;                     ; Row I/O      ;                 ; no       ; On           ;
; G29      ;            ; 6A             ; VCCIO6A_HPS                     ; power  ;              ; 2.5V                ; --           ;                 ; --       ; --           ;
; G30      ; 343        ; 6A             ; RESERVED_INPUT_WITH_WEAK_PULLUP ;        ;              ;                     ; Row I/O      ;                 ; no       ; On           ;
; H1       ;            ;                ; GND                             ; gnd    ;              ;                     ; --           ;                 ; --       ; --           ;
; H2       ;            ;                ; GND                             ; gnd    ;              ;                     ; --           ;                 ; --       ; --           ;
; H3       ;            ;                ; DNU                             ;        ;              ;                     ; --           ;                 ; --       ; --           ;
; H4       ;            ;                ; DNU                             ;        ;              ;                     ; --           ;                 ; --       ; --           ;
; H5       ;            ;                ; GND                             ; gnd    ;              ;                     ; --           ;                 ; --       ; --           ;
; H6       ;            ; 8A             ; VCCIO8A                         ; power  ;              ; 3.3V                ; --           ;                 ; --       ; --           ;
; H7       ; 508        ; 8A             ; RESERVED_INPUT_WITH_WEAK_PULLUP ;        ;              ;                     ; Column I/O   ;                 ; no       ; On           ;
; H8       ; 490        ; 8A             ; RESERVED_INPUT_WITH_WEAK_PULLUP ;        ;              ;                     ; Column I/O   ;                 ; no       ; On           ;
; H9       ;            ; --             ; VCCBAT                          ; power  ;              ; 1.2V                ; --           ;                 ; --       ; --           ;
; H10      ;            ; --             ; VCC_AUX                         ; power  ;              ; 2.5V                ; --           ;                 ; --       ; --           ;
; H11      ;            ;                ; GND                             ; gnd    ;              ;                     ; --           ;                 ; --       ; --           ;
; H12      ; 500        ; 8A             ; VGA_G[2]                        ; output ; 3.3-V LVTTL  ;                     ; Column I/O   ; Y               ; no       ; Off          ;
; H13      ; 498        ; 8A             ; VGA_B[2]                        ; output ; 3.3-V LVTTL  ;                     ; Column I/O   ; Y               ; no       ; Off          ;
; H14      ; 482        ; 8A             ; VGA_B[4]                        ; output ; 3.3-V LVTTL  ;                     ; Column I/O   ; Y               ; no       ; Off          ;
; H15      ; 458        ; 8A             ; RESERVED_INPUT_WITH_WEAK_PULLUP ;        ;              ;                     ; Column I/O   ;                 ; no       ; On           ;
; H16      ;            ; 7D             ; VCCIO7D_HPS                     ; power  ;              ; 2.5V                ; --           ;                 ; --       ; --           ;
; H17      ; 434        ; 7C             ; RESERVED_INPUT_WITH_WEAK_PULLUP ;        ;              ;                     ; Column I/O   ;                 ; no       ; On           ;
; H18      ; 422        ; 7B             ; RESERVED_INPUT_WITH_WEAK_PULLUP ;        ;              ;                     ; Column I/O   ;                 ; no       ; On           ;
; H19      ; 406        ; 7B             ; RESERVED_INPUT_WITH_WEAK_PULLUP ;        ;              ;                     ; Column I/O   ;                 ; no       ; On           ;
; H20      ; 398        ; 7A             ; RESERVED_INPUT_WITH_WEAK_PULLUP ;        ;              ;                     ; Column I/O   ;                 ; no       ; On           ;
; H21      ;            ; 7A             ; VCCIO7A_HPS                     ; power  ;              ; 2.5V                ; --           ;                 ; --       ; --           ;
; H22      ; 379        ; 7A             ; ^HPS_TCK                        ;        ;              ;                     ; --           ;                 ; --       ; --           ;
; H23      ; 390        ; 7A             ; RESERVED_INPUT_WITH_WEAK_PULLUP ;        ;              ;                     ; Column I/O   ;                 ; no       ; On           ;
; H24      ; 364        ; 6A             ; RESERVED_INPUT_WITH_WEAK_PULLUP ;        ;              ;                     ; Row I/O      ;                 ; no       ; On           ;
; H25      ; 368        ; 6A             ; RESERVED_INPUT_WITH_WEAK_PULLUP ;        ;              ;                     ; Row I/O      ;                 ; no       ; On           ;
; H26      ;            ; 6A             ; VCCIO6A_HPS                     ; power  ;              ; 2.5V                ; --           ;                 ; --       ; --           ;
; H27      ; 360        ; 6A             ; RESERVED_INPUT_WITH_WEAK_PULLUP ;        ;              ;                     ; Row I/O      ;                 ; no       ; On           ;
; H28      ; 333        ; 6A             ; RESERVED_INPUT_WITH_WEAK_PULLUP ;        ;              ;                     ; Row I/O      ;                 ; no       ; On           ;
; H29      ; 331        ; 6A             ; RESERVED_INPUT_WITH_WEAK_PULLUP ;        ;              ;                     ; Row I/O      ;                 ; no       ; On           ;
; H30      ; 337        ; 6A             ; RESERVED_INPUT_WITH_WEAK_PULLUP ;        ;              ;                     ; Row I/O      ;                 ; no       ; On           ;
; J1       ;            ;                ; GND                             ; gnd    ;              ;                     ; --           ;                 ; --       ; --           ;
; J2       ;            ;                ; GND                             ; gnd    ;              ;                     ; --           ;                 ; --       ; --           ;
; J3       ;            ;                ; GND                             ; gnd    ;              ;                     ; --           ;                 ; --       ; --           ;
; J4       ;            ;                ; GND                             ; gnd    ;              ;                     ; --           ;                 ; --       ; --           ;
; J5       ; 545        ; 9A             ; ^nCONFIG                        ;        ;              ;                     ; --           ;                 ; --       ; --           ;
; J6       ; 547        ; 9A             ; ^GND                            ;        ;              ;                     ; --           ;                 ; --       ; --           ;
; J7       ; 506        ; 8A             ; RESERVED_INPUT_WITH_WEAK_PULLUP ;        ;              ;                     ; Column I/O   ;                 ; no       ; On           ;
; J8       ;            ;                ; GND                             ; gnd    ;              ;                     ; --           ;                 ; --       ; --           ;
; J9       ; 532        ; 8A             ; VGA_G[0]                        ; output ; 3.3-V LVTTL  ;                     ; Column I/O   ; Y               ; no       ; Off          ;
; J10      ; 530        ; 8A             ; VGA_G[1]                        ; output ; 3.3-V LVTTL  ;                     ; Column I/O   ; Y               ; no       ; Off          ;
; J11      ;            ; --             ; VCCPGM                          ; power  ;              ; 1.8V/2.5V/3.0V/3.3V ; --           ;                 ; --       ; --           ;
; J12      ; 516        ; 8A             ; RESERVED_INPUT_WITH_WEAK_PULLUP ;        ;              ;                     ; Column I/O   ;                 ; no       ; On           ;
; J13      ;            ; 8A             ; VCCIO8A                         ; power  ;              ; 3.3V                ; --           ;                 ; --       ; --           ;
; J14      ; 476        ; 8A             ; VGA_B[7]                        ; output ; 3.3-V LVTTL  ;                     ; Column I/O   ; Y               ; no       ; Off          ;
; J15      ;            ;                ; DNU                             ;        ;              ;                     ; --           ;                 ; --       ; --           ;
; J16      ;            ; --             ; VCC_AUX                         ; power  ;              ; 2.5V                ; --           ;                 ; --       ; --           ;
; J17      ;            ; 7C             ; VCCPD7C_HPS                     ; power  ;              ; 2.5V                ; --           ;                 ; --       ; --           ;
; J18      ;            ;                ; GND                             ; gnd    ;              ;                     ; --           ;                 ; --       ; --           ;
; J19      ; 408        ; 7B             ; RESERVED_INPUT_WITH_WEAK_PULLUP ;        ;              ;                     ; Column I/O   ;                 ; no       ; On           ;
; J20      ;            ; --             ; VCCRSTCLK_HPS                   ; power  ;              ; 1.8V/2.5V/3.0V/3.3V ; --           ;                 ; --       ; --           ;
; J21      ;            ; --             ; VCC_AUX_SHARED                  ; power  ;              ; 2.5V                ; --           ;                 ; --       ; --           ;
; J22      ; 372        ; 7A             ; ^GND                            ;        ;              ;                     ; --           ;                 ; --       ; --           ;
; J23      ; 354        ; 6A             ; RESERVED_INPUT_WITH_WEAK_PULLUP ;        ;              ;                     ; Row I/O      ;                 ; no       ; On           ;
; J24      ; 352        ; 6A             ; RESERVED_INPUT_WITH_WEAK_PULLUP ;        ;              ;                     ; Row I/O      ;                 ; no       ; On           ;
; J25      ; 344        ; 6A             ; RESERVED_INPUT_WITH_WEAK_PULLUP ;        ;              ;                     ; Row I/O      ;                 ; no       ; On           ;
; J26      ; 323        ; 6A             ; RESERVED_INPUT_WITH_WEAK_PULLUP ;        ;              ;                     ; Row I/O      ;                 ; no       ; On           ;
; J27      ; 346        ; 6A             ; RESERVED_INPUT_WITH_WEAK_PULLUP ;        ;              ;                     ; Row I/O      ;                 ; no       ; On           ;
; J28      ;            ;                ; GND                             ; gnd    ;              ;                     ; --           ;                 ; --       ; --           ;
; J29      ; 327        ; 6A             ; RESERVED_INPUT_WITH_WEAK_PULLUP ;        ;              ;                     ; Row I/O      ;                 ; no       ; On           ;
; J30      ; 329        ; 6A             ; RESERVED_INPUT_WITH_WEAK_PULLUP ;        ;              ;                     ; Row I/O      ;                 ; no       ; On           ;
; K1       ;            ;                ; GND                             ; gnd    ;              ;                     ; --           ;                 ; --       ; --           ;
; K2       ;            ;                ; GND                             ; gnd    ;              ;                     ; --           ;                 ; --       ; --           ;
; K3       ;            ;                ; DNU                             ;        ;              ;                     ; --           ;                 ; --       ; --           ;
; K4       ;            ;                ; DNU                             ;        ;              ;                     ; --           ;                 ; --       ; --           ;
; K5       ;            ;                ; GND                             ; gnd    ;              ;                     ; --           ;                 ; --       ; --           ;
; K6       ; 540        ; 9A             ; ^MSEL1                          ;        ;              ;                     ; --           ;                 ; --       ; --           ;
; K7       ; 522        ; 8A             ; RESERVED_INPUT_WITH_WEAK_PULLUP ;        ;              ;                     ; Column I/O   ;                 ; no       ; On           ;
; K8       ; 524        ; 8A             ; RESERVED_INPUT_WITH_WEAK_PULLUP ;        ;              ;                     ; Column I/O   ;                 ; no       ; On           ;
; K9       ;            ; --             ; VCCA_FPLL                       ; power  ;              ; 2.5V                ; --           ;                 ; --       ; --           ;
; K10      ;            ;                ; GND                             ; gnd    ;              ;                     ; --           ;                 ; --       ; --           ;
; K11      ;            ; 8A             ; VCCPD8A                         ; power  ;              ; 3.3V                ; --           ;                 ; --       ; --           ;
; K12      ; 514        ; 8A             ; RESERVED_INPUT_WITH_WEAK_PULLUP ;        ;              ;                     ; Column I/O   ;                 ; no       ; On           ;
; K13      ;            ; 8A             ; VCCPD8A                         ; power  ;              ; 3.3V                ; --           ;                 ; --       ; --           ;
; K14      ; 474        ; 8A             ; RESERVED_INPUT_WITH_WEAK_PULLUP ;        ;              ;                     ; Column I/O   ;                 ; no       ; On           ;
; K15      ;            ;                ; GND                             ; gnd    ;              ;                     ; --           ;                 ; --       ; --           ;
; K16      ;            ; 7D             ; VCCPD7D_HPS                     ; power  ;              ; 2.5V                ; --           ;                 ; --       ; --           ;
; K17      ; 414        ; 7B             ; RESERVED_INPUT_WITH_WEAK_PULLUP ;        ;              ;                     ; Column I/O   ;                 ; no       ; On           ;
; K18      ;            ; 7B             ; VCCPD7B_HPS                     ; power  ;              ; 2.5V                ; --           ;                 ; --       ; --           ;
; K19      ;            ; 7A             ; VCCPD7A_HPS                     ; power  ;              ; 2.5V                ; --           ;                 ; --       ; --           ;
; K20      ;            ;                ; GND                             ; gnd    ;              ;                     ; --           ;                 ; --       ; --           ;
; K21      ; 366        ; 6A             ; RESERVED_INPUT_WITH_WEAK_PULLUP ;        ;              ;                     ; Row I/O      ;                 ; no       ; On           ;
; K22      ; 336        ; 6A             ; RESERVED_INPUT_WITH_WEAK_PULLUP ;        ;              ;                     ; Row I/O      ;                 ; no       ; On           ;
; K23      ; 338        ; 6A             ; RESERVED_INPUT_WITH_WEAK_PULLUP ;        ;              ;                     ; Row I/O      ;                 ; no       ; On           ;
; K24      ;            ; 6A             ; VCCIO6A_HPS                     ; power  ;              ; 2.5V                ; --           ;                 ; --       ; --           ;
; K25      ;            ;                ; GND                             ; gnd    ;              ;                     ; --           ;                 ; --       ; --           ;
; K26      ; 322        ; 6A             ; RESERVED_INPUT_WITH_WEAK_PULLUP ;        ;              ;                     ; Row I/O      ;                 ; no       ; On           ;
; K27      ; 319        ; 6A             ; RESERVED_INPUT_WITH_WEAK_PULLUP ;        ;              ;                     ; Row I/O      ;                 ; no       ; On           ;
; K28      ; 325        ; 6A             ; RESERVED_INPUT_WITH_WEAK_PULLUP ;        ;              ;                     ; Row I/O      ;                 ; no       ; On           ;
; K29      ; 321        ; 6A             ; RESERVED_INPUT_WITH_WEAK_PULLUP ;        ;              ;                     ; Row I/O      ;                 ; no       ; On           ;
; K30      ;            ; 6A             ; VCCIO6A_HPS                     ; power  ;              ; 2.5V                ; --           ;                 ; --       ; --           ;
; L1       ;            ;                ; GND                             ; gnd    ;              ;                     ; --           ;                 ; --       ; --           ;
; L2       ;            ;                ; GND                             ; gnd    ;              ;                     ; --           ;                 ; --       ; --           ;
; L3       ;            ;                ; GND                             ; gnd    ;              ;                     ; --           ;                 ; --       ; --           ;
; L4       ;            ;                ; GND                             ; gnd    ;              ;                     ; --           ;                 ; --       ; --           ;
; L5       ;            ; --             ; VCC                             ; power  ;              ; 1.1V                ; --           ;                 ; --       ; --           ;
; L6       ;            ;                ; GND                             ; gnd    ;              ;                     ; --           ;                 ; --       ; --           ;
; L7       ; 544        ; 9A             ; ^MSEL3                          ;        ;              ;                     ; --           ;                 ; --       ; --           ;
; L8       ; 538        ; 9A             ; ^MSEL0                          ;        ;              ;                     ; --           ;                 ; --       ; --           ;
; L9       ; 546        ; 9A             ; ^MSEL4                          ;        ;              ;                     ; --           ;                 ; --       ; --           ;
; L10      ;            ; 8A             ; VCCPD8A                         ; power  ;              ; 3.3V                ; --           ;                 ; --       ; --           ;
; L11      ;            ;                ; GND                             ; gnd    ;              ;                     ; --           ;                 ; --       ; --           ;
; L12      ;            ; 8A             ; VCCPD8A                         ; power  ;              ; 3.3V                ; --           ;                 ; --       ; --           ;
; L13      ;            ;                ; GND                             ; gnd    ;              ;                     ; --           ;                 ; --       ; --           ;
; L14      ;            ; 8A             ; VCCPD8A                         ; power  ;              ; 3.3V                ; --           ;                 ; --       ; --           ;
; L15      ;            ;                ; GND                             ; gnd    ;              ;                     ; --           ;                 ; --       ; --           ;
; L16      ;            ; --             ; VCC_HPS                         ; power  ;              ; 1.1V                ; --           ;                 ; --       ; --           ;
; L17      ;            ;                ; GND                             ; gnd    ;              ;                     ; --           ;                 ; --       ; --           ;
; L18      ;            ; --             ; VCC_HPS                         ; power  ;              ; 1.1V                ; --           ;                 ; --       ; --           ;
; L19      ;            ;                ; GND                             ; gnd    ;              ;                     ; --           ;                 ; --       ; --           ;
; L20      ;            ; --             ; VCC_HPS                         ; power  ;              ; 1.1V                ; --           ;                 ; --       ; --           ;
; L21      ;            ; --             ; VCCPLL_HPS                      ; power  ;              ; 2.5V                ; --           ;                 ; --       ; --           ;
; L22      ;            ;                ; GND                             ; gnd    ;              ;                     ; --           ;                 ; --       ; --           ;
; L23      ; 350        ; 6A             ; RESERVED_INPUT_WITH_WEAK_PULLUP ;        ;              ;                     ; Row I/O      ;                 ; no       ; On           ;
; L24      ; 328        ; 6A             ; RESERVED_INPUT_WITH_WEAK_PULLUP ;        ;              ;                     ; Row I/O      ;                 ; no       ; On           ;
; L25      ; 330        ; 6A             ; RESERVED_INPUT_WITH_WEAK_PULLUP ;        ;              ;                     ; Row I/O      ;                 ; no       ; On           ;
; L26      ; 320        ; 6A             ; RESERVED_INPUT_WITH_WEAK_PULLUP ;        ;              ;                     ; Row I/O      ;                 ; no       ; On           ;
; L27      ;            ; 6A             ; VCCIO6A_HPS                     ; power  ;              ; 2.5V                ; --           ;                 ; --       ; --           ;
; L28      ; 313        ; 6A             ; RESERVED_INPUT_WITH_WEAK_PULLUP ;        ;              ;                     ; Row I/O      ;                 ; no       ; On           ;
; L29      ; 315        ; 6A             ; RESERVED_INPUT_WITH_WEAK_PULLUP ;        ;              ;                     ; Row I/O      ;                 ; no       ; On           ;
; L30      ; 317        ; 6A             ; RESERVED_INPUT_WITH_WEAK_PULLUP ;        ;              ;                     ; Row I/O      ;                 ; no       ; On           ;
; M1       ;            ;                ; GND                             ; gnd    ;              ;                     ; --           ;                 ; --       ; --           ;
; M2       ;            ;                ; GND                             ; gnd    ;              ;                     ; --           ;                 ; --       ; --           ;
; M3       ;            ;                ; DNU                             ;        ;              ;                     ; --           ;                 ; --       ; --           ;
; M4       ;            ;                ; DNU                             ;        ;              ;                     ; --           ;                 ; --       ; --           ;
; M5       ;            ;                ; GND                             ; gnd    ;              ;                     ; --           ;                 ; --       ; --           ;
; M6       ;            ; --             ; VCC                             ; power  ;              ; 1.1V                ; --           ;                 ; --       ; --           ;
; M7       ;            ;                ; GND                             ; gnd    ;              ;                     ; --           ;                 ; --       ; --           ;
; M8       ;            ;                ; GND                             ; gnd    ;              ;                     ; --           ;                 ; --       ; --           ;
; M9       ;            ; --             ; VCC                             ; power  ;              ; 1.1V                ; --           ;                 ; --       ; --           ;
; M10      ;            ;                ; GND                             ; gnd    ;              ;                     ; --           ;                 ; --       ; --           ;
; M11      ;            ; --             ; VCC                             ; power  ;              ; 1.1V                ; --           ;                 ; --       ; --           ;
; M12      ;            ;                ; GND                             ; gnd    ;              ;                     ; --           ;                 ; --       ; --           ;
; M13      ;            ; --             ; VCC                             ; power  ;              ; 1.1V                ; --           ;                 ; --       ; --           ;
; M14      ;            ;                ; GND                             ; gnd    ;              ;                     ; --           ;                 ; --       ; --           ;
; M15      ;            ; --             ; VCC_HPS                         ; power  ;              ; 1.1V                ; --           ;                 ; --       ; --           ;
; M16      ;            ;                ; GND                             ; gnd    ;              ;                     ; --           ;                 ; --       ; --           ;
; M17      ; 450        ; 7D             ; RESERVED_INPUT_WITH_WEAK_PULLUP ;        ;              ;                     ; Column I/O   ;                 ; no       ; On           ;
; M18      ;            ;                ; GND                             ; gnd    ;              ;                     ; --           ;                 ; --       ; --           ;
; M19      ; 334        ; 6A             ; RESERVED_INPUT_WITH_WEAK_PULLUP ;        ;              ;                     ; Row I/O      ;                 ; no       ; On           ;
; M20      ;            ;                ; GND                             ; gnd    ;              ;                     ; --           ;                 ; --       ; --           ;
; M21      ;            ; 6A, 6B         ; VCCPD6A6B_HPS                   ; power  ;              ; 2.5V                ; --           ;                 ; --       ; --           ;
; M22      ; 308        ; 6A             ; RESERVED_INPUT_WITH_WEAK_PULLUP ;        ;              ;                     ; Row I/O      ;                 ; no       ; On           ;
; M23      ; 348        ; 6A             ; RESERVED_INPUT_WITH_WEAK_PULLUP ;        ;              ;                     ; Row I/O      ;                 ; no       ; On           ;
; M24      ;            ; 6A             ; VCCIO6A_HPS                     ; power  ;              ; 2.5V                ; --           ;                 ; --       ; --           ;
; M25      ; 324        ; 6A             ; RESERVED_INPUT_WITH_WEAK_PULLUP ;        ;              ;                     ; Row I/O      ;                 ; no       ; On           ;
; M26      ; 314        ; 6A             ; RESERVED_INPUT_WITH_WEAK_PULLUP ;        ;              ;                     ; Row I/O      ;                 ; no       ; On           ;
; M27      ; 312        ; 6A             ; RESERVED_INPUT_WITH_WEAK_PULLUP ;        ;              ;                     ; Row I/O      ;                 ; no       ; On           ;
; M28      ; 309        ; 6A             ; RESERVED_INPUT_WITH_WEAK_PULLUP ;        ;              ;                     ; Row I/O      ;                 ; no       ; On           ;
; M29      ;            ;                ; GND                             ; gnd    ;              ;                     ; --           ;                 ; --       ; --           ;
; M30      ; 311        ; 6A             ; RESERVED_INPUT_WITH_WEAK_PULLUP ;        ;              ;                     ; Row I/O      ;                 ; no       ; On           ;
; N1       ;            ;                ; GND                             ; gnd    ;              ;                     ; --           ;                 ; --       ; --           ;
; N2       ;            ;                ; GND                             ; gnd    ;              ;                     ; --           ;                 ; --       ; --           ;
; N3       ;            ;                ; GND                             ; gnd    ;              ;                     ; --           ;                 ; --       ; --           ;
; N4       ;            ;                ; GND                             ; gnd    ;              ;                     ; --           ;                 ; --       ; --           ;
; N5       ;            ; --             ; VCC                             ; power  ;              ; 1.1V                ; --           ;                 ; --       ; --           ;
; N6       ;            ;                ; GND                             ; gnd    ;              ;                     ; --           ;                 ; --       ; --           ;
; N7       ;            ; --             ; VCCA_FPLL                       ; power  ;              ; 2.5V                ; --           ;                 ; --       ; --           ;
; N8       ;            ;                ; GND                             ; gnd    ;              ;                     ; --           ;                 ; --       ; --           ;
; N9       ;            ;                ; GND                             ; gnd    ;              ;                     ; --           ;                 ; --       ; --           ;
; N10      ;            ; --             ; VCC                             ; power  ;              ; 1.1V                ; --           ;                 ; --       ; --           ;
; N11      ;            ;                ; GND                             ; gnd    ;              ;                     ; --           ;                 ; --       ; --           ;
; N12      ;            ; --             ; VCC                             ; power  ;              ; 1.1V                ; --           ;                 ; --       ; --           ;
; N13      ;            ;                ; GND                             ; gnd    ;              ;                     ; --           ;                 ; --       ; --           ;
; N14      ;            ; --             ; VCC                             ; power  ;              ; 1.1V                ; --           ;                 ; --       ; --           ;
; N15      ;            ;                ; GND                             ; gnd    ;              ;                     ; --           ;                 ; --       ; --           ;
; N16      ; 452        ; 7D             ; RESERVED_INPUT_WITH_WEAK_PULLUP ;        ;              ;                     ; Column I/O   ;                 ; no       ; On           ;
; N17      ;            ;                ; GND                             ; gnd    ;              ;                     ; --           ;                 ; --       ; --           ;
; N18      ; 332        ; 6A             ; RESERVED_INPUT_WITH_WEAK_PULLUP ;        ;              ;                     ; Row I/O      ;                 ; no       ; On           ;
; N19      ;            ;                ; GND                             ; gnd    ;              ;                     ; --           ;                 ; --       ; --           ;
; N20      ;            ; --             ; VCC_HPS                         ; power  ;              ; 1.1V                ; --           ;                 ; --       ; --           ;
; N21      ;            ; 6A             ; VCCIO6A_HPS                     ; power  ;              ; 2.5V                ; --           ;                 ; --       ; --           ;
; N22      ;            ; 6A, 6B         ; VCCPD6A6B_HPS                   ; power  ;              ; 2.5V                ; --           ;                 ; --       ; --           ;
; N23      ; 310        ; 6A             ; RESERVED_INPUT_WITH_WEAK_PULLUP ;        ;              ;                     ; Row I/O      ;                 ; no       ; On           ;
; N24      ; 318        ; 6A             ; RESERVED_INPUT_WITH_WEAK_PULLUP ;        ;              ;                     ; Row I/O      ;                 ; no       ; On           ;
; N25      ; 316        ; 6A             ; RESERVED_INPUT_WITH_WEAK_PULLUP ;        ;              ;                     ; Row I/O      ;                 ; no       ; On           ;
; N26      ;            ;                ; GND                             ; gnd    ;              ;                     ; --           ;                 ; --       ; --           ;
; N27      ; 297        ; 6B             ; RESERVED_INPUT_WITH_WEAK_PULLUP ;        ;              ;                     ; Row I/O      ;                 ; no       ; On           ;
; N28      ; 303        ; 6B             ; RESERVED_INPUT_WITH_WEAK_PULLUP ;        ;              ;                     ; Row I/O      ;                 ; no       ; On           ;
; N29      ; 305        ; 6B             ; RESERVED_INPUT_WITH_WEAK_PULLUP ;        ;              ;                     ; Row I/O      ;                 ; no       ; On           ;
; N30      ; 307        ; 6B             ; RESERVED_INPUT_WITH_WEAK_PULLUP ;        ;              ;                     ; Row I/O      ;                 ; no       ; On           ;
; P1       ;            ;                ; GND                             ; gnd    ;              ;                     ; --           ;                 ; --       ; --           ;
; P2       ;            ;                ; GND                             ; gnd    ;              ;                     ; --           ;                 ; --       ; --           ;
; P3       ;            ;                ; DNU                             ;        ;              ;                     ; --           ;                 ; --       ; --           ;
; P4       ;            ;                ; DNU                             ;        ;              ;                     ; --           ;                 ; --       ; --           ;
; P5       ;            ;                ; GND                             ; gnd    ;              ;                     ; --           ;                 ; --       ; --           ;
; P6       ;            ; --             ; VCCA_FPLL                       ; power  ;              ; 2.5V                ; --           ;                 ; --       ; --           ;
; P7       ;            ;                ; GND                             ; gnd    ;              ;                     ; --           ;                 ; --       ; --           ;
; P8       ;            ;                ; GND                             ; gnd    ;              ;                     ; --           ;                 ; --       ; --           ;
; P9       ;            ;                ; GND                             ; gnd    ;              ;                     ; --           ;                 ; --       ; --           ;
; P10      ;            ;                ; GND                             ; gnd    ;              ;                     ; --           ;                 ; --       ; --           ;
; P11      ;            ; --             ; VCC                             ; power  ;              ; 1.1V                ; --           ;                 ; --       ; --           ;
; P12      ;            ;                ; GND                             ; gnd    ;              ;                     ; --           ;                 ; --       ; --           ;
; P13      ;            ; --             ; VCC                             ; power  ;              ; 1.1V                ; --           ;                 ; --       ; --           ;
; P14      ;            ;                ; GND                             ; gnd    ;              ;                     ; --           ;                 ; --       ; --           ;
; P15      ;            ; --             ; VCC_HPS                         ; power  ;              ; 1.1V                ; --           ;                 ; --       ; --           ;
; P16      ;            ;                ; GND                             ; gnd    ;              ;                     ; --           ;                 ; --       ; --           ;
; P17      ;            ; --             ; VCC_HPS                         ; power  ;              ; 1.1V                ; --           ;                 ; --       ; --           ;
; P18      ;            ;                ; GND                             ; gnd    ;              ;                     ; --           ;                 ; --       ; --           ;
; P19      ;            ; --             ; VCC_HPS                         ; power  ;              ; 1.1V                ; --           ;                 ; --       ; --           ;
; P20      ;            ;                ; GND                             ; gnd    ;              ;                     ; --           ;                 ; --       ; --           ;
; P21      ;            ; 6A, 6B         ; VCCPD6A6B_HPS                   ; power  ;              ; 2.5V                ; --           ;                 ; --       ; --           ;
; P22      ; 294        ; 6B             ; RESERVED_INPUT_WITH_WEAK_PULLUP ;        ;              ;                     ; Row I/O      ;                 ; no       ; On           ;
; P23      ;            ; 6B             ; VCCIO6B_HPS                     ; power  ;              ; 2.5V                ; --           ;                 ; --       ; --           ;
; P24      ; 290        ; 6B             ; RESERVED_INPUT_WITH_WEAK_PULLUP ;        ;              ;                     ; Row I/O      ;                 ; no       ; On           ;
; P25      ; 288        ; 6B             ; RESERVED_INPUT_WITH_WEAK_PULLUP ;        ;              ;                     ; Row I/O      ;                 ; no       ; On           ;
; P26      ; 298        ; 6B             ; RESERVED_INPUT_WITH_WEAK_PULLUP ;        ;              ;                     ; Row I/O      ;                 ; no       ; On           ;
; P27      ; 296        ; 6B             ; RESERVED_INPUT_WITH_WEAK_PULLUP ;        ;              ;                     ; Row I/O      ;                 ; no       ; On           ;
; P28      ;            ; 6B             ; VCCIO6B_HPS                     ; power  ;              ; 2.5V                ; --           ;                 ; --       ; --           ;
; P29      ; 299        ; 6B             ; RESERVED_INPUT_WITH_WEAK_PULLUP ;        ;              ;                     ; Row I/O      ;                 ; no       ; On           ;
; P30      ; 301        ; 6B             ; RESERVED_INPUT_WITH_WEAK_PULLUP ;        ;              ;                     ; Row I/O      ;                 ; no       ; On           ;
; R1       ;            ;                ; GND                             ; gnd    ;              ;                     ; --           ;                 ; --       ; --           ;
; R2       ;            ;                ; GND                             ; gnd    ;              ;                     ; --           ;                 ; --       ; --           ;
; R3       ;            ;                ; GND                             ; gnd    ;              ;                     ; --           ;                 ; --       ; --           ;
; R4       ;            ;                ; GND                             ; gnd    ;              ;                     ; --           ;                 ; --       ; --           ;
; R5       ;            ; --             ; VCC                             ; power  ;              ; 1.1V                ; --           ;                 ; --       ; --           ;
; R6       ;            ;                ; GND                             ; gnd    ;              ;                     ; --           ;                 ; --       ; --           ;
; R7       ;            ; --             ; VCCA_FPLL                       ; power  ;              ; 2.5V                ; --           ;                 ; --       ; --           ;
; R8       ;            ;                ; GND                             ; gnd    ;              ;                     ; --           ;                 ; --       ; --           ;
; R9       ;            ;                ; GND                             ; gnd    ;              ;                     ; --           ;                 ; --       ; --           ;
; R10      ;            ; --             ; VCC                             ; power  ;              ; 1.1V                ; --           ;                 ; --       ; --           ;
; R11      ;            ;                ; GND                             ; gnd    ;              ;                     ; --           ;                 ; --       ; --           ;
; R12      ;            ; --             ; VCC                             ; power  ;              ; 1.1V                ; --           ;                 ; --       ; --           ;
; R13      ;            ;                ; GND                             ; gnd    ;              ;                     ; --           ;                 ; --       ; --           ;
; R14      ;            ; --             ; VCC                             ; power  ;              ; 1.1V                ; --           ;                 ; --       ; --           ;
; R15      ;            ;                ; GND                             ; gnd    ;              ;                     ; --           ;                 ; --       ; --           ;
; R16      ;            ; --             ; VCC_HPS                         ; power  ;              ; 1.1V                ; --           ;                 ; --       ; --           ;
; R17      ;            ;                ; GND                             ; gnd    ;              ;                     ; --           ;                 ; --       ; --           ;
; R18      ; 302        ; 6B             ; RESERVED_INPUT_WITH_WEAK_PULLUP ;        ;              ;                     ; Row I/O      ;                 ; no       ; On           ;
; R19      ; 300        ; 6B             ; RESERVED_INPUT_WITH_WEAK_PULLUP ;        ;              ;                     ; Row I/O      ;                 ; no       ; On           ;
; R20      ;            ; 6A, 6B         ; VCCPD6A6B_HPS                   ; power  ;              ; 2.5V                ; --           ;                 ; --       ; --           ;
; R21      ; 286        ; 6B             ; RESERVED_INPUT_WITH_WEAK_PULLUP ;        ;              ;                     ; Row I/O      ;                 ; no       ; On           ;
; R22      ; 284        ; 6B             ; RESERVED_INPUT_WITH_WEAK_PULLUP ;        ;              ;                     ; Row I/O      ;                 ; no       ; On           ;
; R23      ;            ; 6A, 6B         ; VCCPD6A6B_HPS                   ; power  ;              ; 2.5V                ; --           ;                 ; --       ; --           ;
; R24      ; 272        ; 6B             ; RESERVED_INPUT_WITH_WEAK_PULLUP ;        ;              ;                     ; Row I/O      ;                 ; no       ; On           ;
; R25      ;            ; 6B             ; VCCIO6B_HPS                     ; power  ;              ; 2.5V                ; --           ;                 ; --       ; --           ;
; R26      ; 280        ; 6B             ; RESERVED_INPUT_WITH_WEAK_PULLUP ;        ;              ;                     ; Row I/O      ;                 ; no       ; On           ;
; R27      ; 282        ; 6B             ; RESERVED_INPUT_WITH_WEAK_PULLUP ;        ;              ;                     ; Row I/O      ;                 ; no       ; On           ;
; R28      ; 293        ; 6B             ; RESERVED_INPUT_WITH_WEAK_PULLUP ;        ;              ;                     ; Row I/O      ;                 ; no       ; On           ;
; R29      ; 295        ; 6B             ; RESERVED_INPUT_WITH_WEAK_PULLUP ;        ;              ;                     ; Row I/O      ;                 ; no       ; On           ;
; R30      ;            ;                ; GND                             ; gnd    ;              ;                     ; --           ;                 ; --       ; --           ;
; T1       ;            ;                ; GND                             ; gnd    ;              ;                     ; --           ;                 ; --       ; --           ;
; T2       ;            ;                ; GND                             ; gnd    ;              ;                     ; --           ;                 ; --       ; --           ;
; T3       ;            ;                ; DNU                             ;        ;              ;                     ; --           ;                 ; --       ; --           ;
; T4       ;            ;                ; DNU                             ;        ;              ;                     ; --           ;                 ; --       ; --           ;
; T5       ;            ;                ; GND                             ; gnd    ;              ;                     ; --           ;                 ; --       ; --           ;
; T6       ;            ; --             ; VCC                             ; power  ;              ; 1.1V                ; --           ;                 ; --       ; --           ;
; T7       ;            ;                ; GND                             ; gnd    ;              ;                     ; --           ;                 ; --       ; --           ;
; T8       ;            ;                ; GND                             ; gnd    ;              ;                     ; --           ;                 ; --       ; --           ;
; T9       ;            ;                ; GND                             ; gnd    ;              ;                     ; --           ;                 ; --       ; --           ;
; T10      ;            ;                ; GND                             ; gnd    ;              ;                     ; --           ;                 ; --       ; --           ;
; T11      ;            ; --             ; VCC                             ; power  ;              ; 1.1V                ; --           ;                 ; --       ; --           ;
; T12      ;            ;                ; GND                             ; gnd    ;              ;                     ; --           ;                 ; --       ; --           ;
; T13      ;            ; --             ; VCC                             ; power  ;              ; 1.1V                ; --           ;                 ; --       ; --           ;
; T14      ;            ;                ; GND                             ; gnd    ;              ;                     ; --           ;                 ; --       ; --           ;
; T15      ;            ;                ; GND                             ; gnd    ;              ;                     ; --           ;                 ; --       ; --           ;
; T16      ;            ;                ; GND                             ; gnd    ;              ;                     ; --           ;                 ; --       ; --           ;
; T17      ;            ; --             ; VCC_HPS                         ; power  ;              ; 1.1V                ; --           ;                 ; --       ; --           ;
; T18      ;            ;                ; GND                             ; gnd    ;              ;                     ; --           ;                 ; --       ; --           ;
; T19      ;            ; --             ; VCC_HPS                         ; power  ;              ; 1.1V                ; --           ;                 ; --       ; --           ;
; T20      ;            ;                ; GND                             ; gnd    ;              ;                     ; --           ;                 ; --       ; --           ;
; T21      ; 278        ; 6B             ; RESERVED_INPUT_WITH_WEAK_PULLUP ;        ;              ;                     ; Row I/O      ;                 ; no       ; On           ;
; T22      ;            ; 6B             ; VCCIO6B_HPS                     ; power  ;              ; 2.5V                ; --           ;                 ; --       ; --           ;
; T23      ; 270        ; 6B             ; RESERVED_INPUT_WITH_WEAK_PULLUP ;        ;              ;                     ; Row I/O      ;                 ; no       ; On           ;
; T24      ; 268        ; 6B             ; RESERVED_INPUT_WITH_WEAK_PULLUP ;        ;              ;                     ; Row I/O      ;                 ; no       ; On           ;
; T25      ; 266        ; 6B             ; RESERVED_INPUT_WITH_WEAK_PULLUP ;        ;              ;                     ; Row I/O      ;                 ; no       ; On           ;
; T26      ; 304        ; 6B             ; RESERVED_INPUT_WITH_WEAK_PULLUP ;        ;              ;                     ; Row I/O      ;                 ; no       ; On           ;
; T27      ;            ;                ; GND                             ; gnd    ;              ;                     ; --           ;                 ; --       ; --           ;
; T28      ; 287        ; 6B             ; RESERVED_INPUT_WITH_WEAK_PULLUP ;        ;              ;                     ; Row I/O      ;                 ; no       ; On           ;
; T29      ; 289        ; 6B             ; RESERVED_INPUT_WITH_WEAK_PULLUP ;        ;              ;                     ; Row I/O      ;                 ; no       ; On           ;
; T30      ; 291        ; 6B             ; RESERVED_INPUT_WITH_WEAK_PULLUP ;        ;              ;                     ; Row I/O      ;                 ; no       ; On           ;
; U1       ;            ;                ; GND                             ; gnd    ;              ;                     ; --           ;                 ; --       ; --           ;
; U2       ;            ;                ; GND                             ; gnd    ;              ;                     ; --           ;                 ; --       ; --           ;
; U3       ;            ;                ; GND                             ; gnd    ;              ;                     ; --           ;                 ; --       ; --           ;
; U4       ;            ;                ; GND                             ; gnd    ;              ;                     ; --           ;                 ; --       ; --           ;
; U5       ;            ; --             ; VCC                             ; power  ;              ; 1.1V                ; --           ;                 ; --       ; --           ;
; U6       ;            ;                ; GND                             ; gnd    ;              ;                     ; --           ;                 ; --       ; --           ;
; U7       ; 50         ; 3A             ; ^DCLK                           ;        ;              ;                     ; Weak Pull Up ;                 ; --       ; On           ;
; U8       ; 48         ; 3A             ; #TDI                            ; input  ;              ;                     ; --           ;                 ; --       ; --           ;
; U9       ;            ;                ; GND                             ; gnd    ;              ;                     ; --           ;                 ; --       ; --           ;
; U10      ;            ; --             ; VCC                             ; power  ;              ; 1.1V                ; --           ;                 ; --       ; --           ;
; U11      ;            ;                ; GND                             ; gnd    ;              ;                     ; --           ;                 ; --       ; --           ;
; U12      ;            ; --             ; VCC                             ; power  ;              ; 1.1V                ; --           ;                 ; --       ; --           ;
; U13      ;            ;                ; GND                             ; gnd    ;              ;                     ; --           ;                 ; --       ; --           ;
; U14      ;            ; --             ; VCC                             ; power  ;              ; 1.1V                ; --           ;                 ; --       ; --           ;
; U15      ;            ;                ; GND                             ; gnd    ;              ;                     ; --           ;                 ; --       ; --           ;
; U16      ;            ; --             ; VCC_HPS                         ; power  ;              ; 1.1V                ; --           ;                 ; --       ; --           ;
; U17      ;            ;                ; GND                             ; gnd    ;              ;                     ; --           ;                 ; --       ; --           ;
; U18      ;            ; --             ; VCC_HPS                         ; power  ;              ; 1.1V                ; --           ;                 ; --       ; --           ;
; U19      ;            ; 6B             ; VCCIO6B_HPS                     ; power  ;              ; 2.5V                ; --           ;                 ; --       ; --           ;
; U20      ; 276        ; 6B             ; RESERVED_INPUT_WITH_WEAK_PULLUP ;        ;              ;                     ; Row I/O      ;                 ; no       ; On           ;
; U21      ;            ; --             ; VCC                             ; power  ;              ; 1.1V                ; --           ;                 ; --       ; --           ;
; U22      ;            ;                ; GND                             ; gnd    ;              ;                     ; --           ;                 ; --       ; --           ;
; U23      ;            ; 5B             ; VCCPD5B                         ; power  ;              ; 2.5V                ; --           ;                 ; --       ; --           ;
; U24      ;            ;                ; GND                             ; gnd    ;              ;                     ; --           ;                 ; --       ; --           ;
; U25      ; 264        ; 6B             ; RESERVED_INPUT_WITH_WEAK_PULLUP ;        ;              ;                     ; Row I/O      ;                 ; no       ; On           ;
; U26      ; 306        ; 6B             ; RESERVED_INPUT_WITH_WEAK_PULLUP ;        ;              ;                     ; Row I/O      ;                 ; no       ; On           ;
; U27      ; 273        ; 6B             ; RESERVED_INPUT_WITH_WEAK_PULLUP ;        ;              ;                     ; Row I/O      ;                 ; no       ; On           ;
; U28      ; 285        ; 6B             ; RESERVED_INPUT_WITH_WEAK_PULLUP ;        ;              ;                     ; Row I/O      ;                 ; no       ; On           ;
; U29      ;            ;                ; GND                             ; gnd    ;              ;                     ; --           ;                 ; --       ; --           ;
; U30      ; 283        ; 6B             ; RESERVED_INPUT_WITH_WEAK_PULLUP ;        ;              ;                     ; Row I/O      ;                 ; --       ; --           ;
; V1       ;            ;                ; GND                             ; gnd    ;              ;                     ; --           ;                 ; --       ; --           ;
; V2       ;            ;                ; GND                             ; gnd    ;              ;                     ; --           ;                 ; --       ; --           ;
; V3       ;            ;                ; DNU                             ;        ;              ;                     ; --           ;                 ; --       ; --           ;
; V4       ;            ;                ; DNU                             ;        ;              ;                     ; --           ;                 ; --       ; --           ;
; V5       ;            ;                ; GND                             ; gnd    ;              ;                     ; --           ;                 ; --       ; --           ;
; V6       ;            ; --             ; VCCA_FPLL                       ; power  ;              ; 2.5V                ; --           ;                 ; --       ; --           ;
; V7       ;            ;                ; GND                             ; gnd    ;              ;                     ; --           ;                 ; --       ; --           ;
; V8       ;            ; --             ; VCCA_FPLL                       ; power  ;              ; 2.5V                ; --           ;                 ; --       ; --           ;
; V9       ; 44         ; 3A             ; #TMS                            ; input  ;              ;                     ; --           ;                 ; --       ; --           ;
; V10      ;            ;                ; GND                             ; gnd    ;              ;                     ; --           ;                 ; --       ; --           ;
; V11      ;            ; --             ; VCC                             ; power  ;              ; 1.1V                ; --           ;                 ; --       ; --           ;
; V12      ;            ;                ; GND                             ; gnd    ;              ;                     ; --           ;                 ; --       ; --           ;
; V13      ;            ; --             ; VCC                             ; power  ;              ; 1.1V                ; --           ;                 ; --       ; --           ;
; V14      ;            ;                ; GND                             ; gnd    ;              ;                     ; --           ;                 ; --       ; --           ;
; V15      ;            ; --             ; VCC                             ; power  ;              ; 1.1V                ; --           ;                 ; --       ; --           ;
; V16      ; 138        ; 4A             ; LEDR[0]                         ; output ; 3.3-V LVTTL  ;                     ; Column I/O   ; Y               ; no       ; Off          ;
; V17      ; 154        ; 4A             ; LEDR[2]                         ; output ; 3.3-V LVTTL  ;                     ; Column I/O   ; Y               ; no       ; Off          ;
; V18      ; 194        ; 4A             ; LEDR[3]                         ; output ; 3.3-V LVTTL  ;                     ; Column I/O   ; Y               ; no       ; Off          ;
; V19      ;            ;                ; GND                             ; gnd    ;              ;                     ; --           ;                 ; --       ; --           ;
; V20      ; 292        ; 6B             ; RESERVED_INPUT_WITH_WEAK_PULLUP ;        ;              ;                     ; Row I/O      ;                 ; no       ; On           ;
; V21      ;            ;                ; GND                             ; gnd    ;              ;                     ; --           ;                 ; --       ; --           ;
; V22      ;            ; 5A             ; VCCPD5A                         ; power  ;              ; 3.3V                ; --           ;                 ; --       ; --           ;
; V23      ; 236        ; 5A             ; RESERVED_INPUT_WITH_WEAK_PULLUP ;        ;              ;                     ; Row I/O      ;                 ; no       ; On           ;
; V24      ;            ; 5A             ; VCCPD5A                         ; power  ;              ; 3.3V                ; --           ;                 ; --       ; --           ;
; V25      ; 246        ; 5B             ; RESERVED_INPUT_WITH_WEAK_PULLUP ;        ;              ;                     ; Row I/O      ;                 ; no       ; On           ;
; V26      ;            ; 6B             ; VCCIO6B_HPS                     ; power  ;              ; 2.5V                ; --           ;                 ; --       ; --           ;
; V27      ; 265        ; 6B             ; RESERVED_INPUT_WITH_WEAK_PULLUP ;        ;              ;                     ; Row I/O      ;                 ; no       ; On           ;
; V28      ; 271        ; 6B             ; RESERVED_INPUT_WITH_WEAK_PULLUP ;        ;              ;                     ; Row I/O      ;                 ; no       ; On           ;
; V29      ; 275        ; 6B             ; RESERVED_INPUT_WITH_WEAK_PULLUP ;        ;              ;                     ; Row I/O      ;                 ; no       ; On           ;
; V30      ; 281        ; 6B             ; RESERVED_INPUT_WITH_WEAK_PULLUP ;        ;              ;                     ; Row I/O      ;                 ; no       ; On           ;
; W1       ;            ;                ; GND                             ; gnd    ;              ;                     ; --           ;                 ; --       ; --           ;
; W2       ;            ;                ; GND                             ; gnd    ;              ;                     ; --           ;                 ; --       ; --           ;
; W3       ;            ;                ; GND                             ; gnd    ;              ;                     ; --           ;                 ; --       ; --           ;
; W4       ;            ;                ; GND                             ; gnd    ;              ;                     ; --           ;                 ; --       ; --           ;
; W5       ;            ; --             ; VCC                             ; power  ;              ; 1.1V                ; --           ;                 ; --       ; --           ;
; W6       ;            ;                ; GND                             ; gnd    ;              ;                     ; --           ;                 ; --       ; --           ;
; W7       ;            ;                ; GND                             ; gnd    ;              ;                     ; --           ;                 ; --       ; --           ;
; W8       ;            ;                ; GND                             ; gnd    ;              ;                     ; --           ;                 ; --       ; --           ;
; W9       ;            ;                ; GND                             ; gnd    ;              ;                     ; --           ;                 ; --       ; --           ;
; W10      ;            ; --             ; VCC                             ; power  ;              ; 1.1V                ; --           ;                 ; --       ; --           ;
; W11      ;            ;                ; GND                             ; gnd    ;              ;                     ; --           ;                 ; --       ; --           ;
; W12      ;            ; --             ; VCC                             ; power  ;              ; 1.1V                ; --           ;                 ; --       ; --           ;
; W13      ;            ;                ; GND                             ; gnd    ;              ;                     ; --           ;                 ; --       ; --           ;
; W14      ;            ; --             ; VCC                             ; power  ;              ; 1.1V                ; --           ;                 ; --       ; --           ;
; W15      ; 130        ; 3B             ; KEY[2]                          ; input  ; 3.3-V LVTTL  ;                     ; Column I/O   ; Y               ; no       ; Off          ;
; W16      ; 136        ; 4A             ; LEDR[1]                         ; output ; 3.3-V LVTTL  ;                     ; Column I/O   ; Y               ; no       ; Off          ;
; W17      ; 152        ; 4A             ; LEDR[4]                         ; output ; 3.3-V LVTTL  ;                     ; Column I/O   ; Y               ; no       ; Off          ;
; W18      ;            ;                ; GND                             ; gnd    ;              ;                     ; --           ;                 ; --       ; --           ;
; W19      ; 192        ; 4A             ; LEDR[5]                         ; output ; 3.3-V LVTTL  ;                     ; Column I/O   ; Y               ; no       ; Off          ;
; W20      ; 217        ; 5A             ; LEDR[7]                         ; output ; 3.3-V LVTTL  ;                     ; Row I/O      ; Y               ; no       ; Off          ;
; W21      ; 221        ; 5A             ; LEDR[8]                         ; output ; 3.3-V LVTTL  ;                     ; Row I/O      ; Y               ; no       ; Off          ;
; W22      ; 223        ; 5A             ; RESERVED_INPUT_WITH_WEAK_PULLUP ;        ;              ;                     ; Row I/O      ;                 ; no       ; On           ;
; W23      ;            ; 5A             ; VCCIO5A                         ; power  ;              ; 3.3V                ; --           ;                 ; --       ; --           ;
; W24      ; 238        ; 5A             ; RESERVED_INPUT_WITH_WEAK_PULLUP ;        ;              ;                     ; Row I/O      ;                 ; no       ; On           ;
; W25      ; 244        ; 5B             ; RESERVED_INPUT_WITH_WEAK_PULLUP ;        ;              ;                     ; Row I/O      ;                 ; no       ; On           ;
; W26      ; 274        ; 6B             ; RESERVED_INPUT_WITH_WEAK_PULLUP ;        ;              ;                     ; Row I/O      ;                 ; no       ; On           ;
; W27      ; 261        ; 6B             ; RESERVED_INPUT_WITH_WEAK_PULLUP ;        ;              ;                     ; Row I/O      ;                 ; no       ; On           ;
; W28      ;            ;                ; GND                             ; gnd    ;              ;                     ; --           ;                 ; --       ; --           ;
; W29      ; 279        ; 6B             ; RESERVED_INPUT_WITH_WEAK_PULLUP ;        ;              ;                     ; Row I/O      ;                 ; no       ; On           ;
; W30      ; 277        ; 6B             ; RESERVED_INPUT_WITH_WEAK_PULLUP ;        ;              ;                     ; Row I/O      ;                 ; no       ; On           ;
; Y1       ;            ;                ; GND                             ; gnd    ;              ;                     ; --           ;                 ; --       ; --           ;
; Y2       ;            ;                ; GND                             ; gnd    ;              ;                     ; --           ;                 ; --       ; --           ;
; Y3       ;            ;                ; DNU                             ;        ;              ;                     ; --           ;                 ; --       ; --           ;
; Y4       ;            ;                ; DNU                             ;        ;              ;                     ; --           ;                 ; --       ; --           ;
; Y5       ;            ;                ; GND                             ; gnd    ;              ;                     ; --           ;                 ; --       ; --           ;
; Y6       ;            ; --             ; VCC                             ; power  ;              ; 1.1V                ; --           ;                 ; --       ; --           ;
; Y7       ;            ;                ; GND                             ; gnd    ;              ;                     ; --           ;                 ; --       ; --           ;
; Y8       ;            ;                ; GND                             ; gnd    ;              ;                     ; --           ;                 ; --       ; --           ;
; Y9       ;            ; --             ; VCC                             ; power  ;              ; 1.1V                ; --           ;                 ; --       ; --           ;
; Y10      ;            ;                ; GND                             ; gnd    ;              ;                     ; --           ;                 ; --       ; --           ;
; Y11      ;            ; --             ; VCC                             ; power  ;              ; 1.1V                ; --           ;                 ; --       ; --           ;
; Y12      ;            ;                ; GND                             ; gnd    ;              ;                     ; --           ;                 ; --       ; --           ;
; Y13      ;            ; --             ; VCC                             ; power  ;              ; 1.1V                ; --           ;                 ; --       ; --           ;
; Y14      ;            ;                ; GND                             ; gnd    ;              ;                     ; --           ;                 ; --       ; --           ;
; Y15      ;            ;                ; GND                             ; gnd    ;              ;                     ; --           ;                 ; --       ; --           ;
; Y16      ; 128        ; 3B             ; KEY[3]                          ; input  ; 3.3-V LVTTL  ;                     ; Column I/O   ; Y               ; no       ; Off          ;
; Y17      ; 170        ; 4A             ; RESERVED_INPUT_WITH_WEAK_PULLUP ;        ;              ;                     ; Column I/O   ;                 ; no       ; On           ;
; Y18      ; 178        ; 4A             ; RESERVED_INPUT_WITH_WEAK_PULLUP ;        ;              ;                     ; Column I/O   ;                 ; no       ; On           ;
; Y19      ; 202        ; 4A             ; LEDR[6]                         ; output ; 3.3-V LVTTL  ;                     ; Column I/O   ; Y               ; no       ; Off          ;
; Y20      ;            ;                ; GND                             ; gnd    ;              ;                     ; --           ;                 ; --       ; --           ;
; Y21      ; 219        ; 5A             ; LEDR[9]                         ; output ; 3.3-V LVTTL  ;                     ; Row I/O      ; Y               ; no       ; Off          ;
; Y22      ;            ; --             ; VCCA_FPLL                       ; power  ;              ; 2.5V                ; --           ;                 ; --       ; --           ;
; Y23      ; 232        ; 5A             ; RESERVED_INPUT_WITH_WEAK_PULLUP ;        ;              ;                     ; Row I/O      ;                 ; no       ; On           ;
; Y24      ; 234        ; 5A             ; RESERVED_INPUT_WITH_WEAK_PULLUP ;        ;              ;                     ; Row I/O      ;                 ; no       ; On           ;
; Y25      ;            ;                ; GND                             ; gnd    ;              ;                     ; --           ;                 ; --       ; --           ;
; Y26      ; 256        ; 5B             ; RESERVED_INPUT_WITH_WEAK_PULLUP ;        ;              ;                     ; Row I/O      ;                 ; no       ; On           ;
; Y27      ; 258        ; 5B             ; RESERVED_INPUT_WITH_WEAK_PULLUP ;        ;              ;                     ; Row I/O      ;                 ; no       ; On           ;
; Y28      ; 269        ; 6B             ; RESERVED_INPUT_WITH_WEAK_PULLUP ;        ;              ;                     ; Row I/O      ;                 ; no       ; On           ;
; Y29      ; 263        ; 6B             ; RESERVED_INPUT_WITH_WEAK_PULLUP ;        ;              ;                     ; Row I/O      ;                 ; no       ; On           ;
; Y30      ;            ;                ; GND                             ; gnd    ;              ;                     ; --           ;                 ; --       ; --           ;
+----------+------------+----------------+---------------------------------+--------+--------------+---------------------+--------------+-----------------+----------+--------------+
Note: Pin directions (input, output or bidir) are based on device operating in user mode.


+----------------------------------------------------+
; I/O Assignment Warnings                            ;
+-------------+--------------------------------------+
; Pin Name    ; Reason                               ;
+-------------+--------------------------------------+
; LEDR[0]     ; Missing drive strength and slew rate ;
; LEDR[1]     ; Missing drive strength and slew rate ;
; LEDR[2]     ; Missing drive strength and slew rate ;
; LEDR[3]     ; Missing drive strength and slew rate ;
; LEDR[4]     ; Missing drive strength and slew rate ;
; LEDR[5]     ; Missing drive strength and slew rate ;
; LEDR[6]     ; Missing drive strength and slew rate ;
; LEDR[7]     ; Missing drive strength and slew rate ;
; LEDR[8]     ; Missing drive strength and slew rate ;
; LEDR[9]     ; Missing drive strength and slew rate ;
; VGA_HS      ; Missing drive strength and slew rate ;
; VGA_VS      ; Missing drive strength and slew rate ;
; VGA_R[0]    ; Missing drive strength and slew rate ;
; VGA_R[1]    ; Missing drive strength and slew rate ;
; VGA_R[2]    ; Missing drive strength and slew rate ;
; VGA_R[3]    ; Missing drive strength and slew rate ;
; VGA_R[4]    ; Missing drive strength and slew rate ;
; VGA_R[5]    ; Missing drive strength and slew rate ;
; VGA_R[6]    ; Missing drive strength and slew rate ;
; VGA_R[7]    ; Missing drive strength and slew rate ;
; VGA_G[0]    ; Missing drive strength and slew rate ;
; VGA_G[1]    ; Missing drive strength and slew rate ;
; VGA_G[2]    ; Missing drive strength and slew rate ;
; VGA_G[3]    ; Missing drive strength and slew rate ;
; VGA_G[4]    ; Missing drive strength and slew rate ;
; VGA_G[5]    ; Missing drive strength and slew rate ;
; VGA_G[6]    ; Missing drive strength and slew rate ;
; VGA_G[7]    ; Missing drive strength and slew rate ;
; VGA_B[0]    ; Missing drive strength and slew rate ;
; VGA_B[1]    ; Missing drive strength and slew rate ;
; VGA_B[2]    ; Missing drive strength and slew rate ;
; VGA_B[3]    ; Missing drive strength and slew rate ;
; VGA_B[4]    ; Missing drive strength and slew rate ;
; VGA_B[5]    ; Missing drive strength and slew rate ;
; VGA_B[6]    ; Missing drive strength and slew rate ;
; VGA_B[7]    ; Missing drive strength and slew rate ;
; VGA_BLANK_N ; Missing drive strength and slew rate ;
; VGA_SYNC_N  ; Missing drive strength and slew rate ;
; VGA_CLK     ; Missing drive strength and slew rate ;
+-------------+--------------------------------------+


<<<<<<< HEAD
+-------------------------------------------------------------------------------------------------------------------------------------------------------------------------------------------------------------------------------------------------------------------------------------------------------------------------------------------------------------------------------------------------------------------------------------------------------------------------------------------------------------------------+
; Fitter Resource Utilization by Entity                                                                                                                                                                                                                                                                                                                                                                                                                                                                                   ;
+-------------------------------------------+----------------------+----------------------------------+---------------------------------------------------+----------------------------------+----------------------+---------------------+---------------------------+---------------+-------------------+-------+------------+------+--------------+----------------------------------------------------------------------------------------------------------------------------+------------------------+--------------+
; Compilation Hierarchy Node                ; ALMs needed [=A-B+C] ; [A] ALMs used in final placement ; [B] Estimate of ALMs recoverable by dense packing ; [C] Estimate of ALMs unavailable ; ALMs used for memory ; Combinational ALUTs ; Dedicated Logic Registers ; I/O Registers ; Block Memory Bits ; M10Ks ; DSP Blocks ; Pins ; Virtual Pins ; Full Hierarchy Name                                                                                                        ; Entity Name            ; Library Name ;
+-------------------------------------------+----------------------+----------------------------------+---------------------------------------------------+----------------------------------+----------------------+---------------------+---------------------------+---------------+-------------------+-------+------------+------+--------------+----------------------------------------------------------------------------------------------------------------------------+------------------------+--------------+
; |gpu_de1_soc_top                          ; 2204.0 (21.1)        ; 2608.5 (22.2)                    ; 405.5 (1.2)                                       ; 1.0 (0.0)                        ; 0.0 (0.0)            ; 3734 (46)           ; 2870 (1)                  ; 0 (0)         ; 751616            ; 93    ; 6          ; 54   ; 0            ; |gpu_de1_soc_top                                                                                                           ; gpu_de1_soc_top        ; work         ;
;    |bg_engine:u_bg_engine|                ; 1775.5 (10.2)        ; 2134.4 (13.5)                    ; 359.9 (3.3)                                       ; 1.0 (0.0)                        ; 0.0 (0.0)            ; 3037 (26)           ; 2414 (6)                  ; 0 (0)         ; 0                 ; 0     ; 0          ; 0    ; 0            ; |gpu_de1_soc_top|bg_engine:u_bg_engine                                                                                     ; bg_engine              ; work         ;
;       |tilemap_ram:u_map_buffer|          ; 1765.4 (1765.4)      ; 2120.9 (2120.9)                  ; 356.6 (356.6)                                     ; 1.0 (1.0)                        ; 0.0 (0.0)            ; 3011 (3011)         ; 2408 (2408)               ; 0 (0)         ; 0                 ; 0     ; 0          ; 0    ; 0            ; |gpu_de1_soc_top|bg_engine:u_bg_engine|tilemap_ram:u_map_buffer                                                            ; tilemap_ram            ; work         ;
;    |board_input_controller:u_input_ctrl|  ; 97.8 (97.8)          ; 101.3 (101.3)                    ; 3.5 (3.5)                                         ; 0.0 (0.0)                        ; 0.0 (0.0)            ; 173 (173)           ; 125 (125)                 ; 0 (0)         ; 0                 ; 0     ; 0          ; 0    ; 0            ; |gpu_de1_soc_top|board_input_controller:u_input_ctrl                                                                       ; board_input_controller ; work         ;
;    |cmd_decoder:u_cmd_decoder|            ; 28.9 (28.9)          ; 53.0 (53.0)                      ; 24.1 (24.1)                                       ; 0.0 (0.0)                        ; 0.0 (0.0)            ; 12 (12)             ; 145 (145)                 ; 0 (0)         ; 0                 ; 0     ; 0          ; 0    ; 0            ; |gpu_de1_soc_top|cmd_decoder:u_cmd_decoder                                                                                 ; cmd_decoder            ; work         ;
;    |color_palette:u_palette|              ; 0.0 (0.0)            ; 0.0 (0.0)                        ; 0.0 (0.0)                                         ; 0.0 (0.0)                        ; 0.0 (0.0)            ; 0 (0)               ; 0 (0)                     ; 0 (0)         ; 6144              ; 1     ; 0          ; 0    ; 0            ; |gpu_de1_soc_top|color_palette:u_palette                                                                                   ; color_palette          ; work         ;
;       |altsyncram:clut_ram_rtl_0|         ; 0.0 (0.0)            ; 0.0 (0.0)                        ; 0.0 (0.0)                                         ; 0.0 (0.0)                        ; 0.0 (0.0)            ; 0 (0)               ; 0 (0)                     ; 0 (0)         ; 6144              ; 1     ; 0          ; 0    ; 0            ; |gpu_de1_soc_top|color_palette:u_palette|altsyncram:clut_ram_rtl_0                                                         ; altsyncram             ; work         ;
;          |altsyncram_pbp1:auto_generated| ; 0.0 (0.0)            ; 0.0 (0.0)                        ; 0.0 (0.0)                                         ; 0.0 (0.0)                        ; 0.0 (0.0)            ; 0 (0)               ; 0 (0)                     ; 0 (0)         ; 6144              ; 1     ; 0          ; 0    ; 0            ; |gpu_de1_soc_top|color_palette:u_palette|altsyncram:clut_ram_rtl_0|altsyncram_pbp1:auto_generated                          ; altsyncram_pbp1        ; work         ;
;    |compositor:u_compositor|              ; 13.2 (13.2)          ; 13.2 (13.2)                      ; 0.0 (0.0)                                         ; 0.0 (0.0)                        ; 0.0 (0.0)            ; 20 (20)             ; 0 (0)                     ; 0 (0)         ; 0                 ; 0     ; 0          ; 0    ; 0            ; |gpu_de1_soc_top|compositor:u_compositor                                                                                   ; compositor             ; work         ;
;    |pattern_vram:u_patterns|              ; 0.3 (0.0)            ; 0.5 (0.0)                        ; 0.2 (0.0)                                         ; 0.0 (0.0)                        ; 0.0 (0.0)            ; 0 (0)               ; 1 (0)                     ; 0 (0)         ; 131072            ; 16    ; 0          ; 0    ; 0            ; |gpu_de1_soc_top|pattern_vram:u_patterns                                                                                   ; pattern_vram           ; work         ;
;       |altsyncram:ram_rtl_0|              ; 0.3 (0.0)            ; 0.5 (0.0)                        ; 0.2 (0.0)                                         ; 0.0 (0.0)                        ; 0.0 (0.0)            ; 0 (0)               ; 1 (0)                     ; 0 (0)         ; 131072            ; 16    ; 0          ; 0    ; 0            ; |gpu_de1_soc_top|pattern_vram:u_patterns|altsyncram:ram_rtl_0                                                              ; altsyncram             ; work         ;
;          |altsyncram_pa12:auto_generated| ; 0.3 (0.3)            ; 0.5 (0.5)                        ; 0.2 (0.2)                                         ; 0.0 (0.0)                        ; 0.0 (0.0)            ; 0 (0)               ; 1 (1)                     ; 0 (0)         ; 131072            ; 16    ; 0          ; 0    ; 0            ; |gpu_de1_soc_top|pattern_vram:u_patterns|altsyncram:ram_rtl_0|altsyncram_pa12:auto_generated                               ; altsyncram_pa12        ; work         ;
;    |polygon_buffer:u_poly_buffer|         ; 38.9 (0.0)           ; 39.3 (0.0)                       ; 0.4 (0.0)                                         ; 0.0 (0.0)                        ; 0.0 (0.0)            ; 52 (0)              ; 4 (0)                     ; 0 (0)         ; 614400            ; 76    ; 0          ; 0    ; 0            ; |gpu_de1_soc_top|polygon_buffer:u_poly_buffer                                                                              ; polygon_buffer         ; work         ;
;       |altsyncram:ram_rtl_0|              ; 38.9 (0.0)           ; 39.3 (0.0)                       ; 0.4 (0.0)                                         ; 0.0 (0.0)                        ; 0.0 (0.0)            ; 52 (0)              ; 4 (0)                     ; 0 (0)         ; 614400            ; 76    ; 0          ; 0    ; 0            ; |gpu_de1_soc_top|polygon_buffer:u_poly_buffer|altsyncram:ram_rtl_0                                                         ; altsyncram             ; work         ;
;          |altsyncram_ldl1:auto_generated| ; 38.9 (1.1)           ; 39.3 (1.1)                       ; 0.4 (0.0)                                         ; 0.0 (0.0)                        ; 0.0 (0.0)            ; 52 (0)              ; 4 (4)                     ; 0 (0)         ; 614400            ; 76    ; 0          ; 0    ; 0            ; |gpu_de1_soc_top|polygon_buffer:u_poly_buffer|altsyncram:ram_rtl_0|altsyncram_ldl1:auto_generated                          ; altsyncram_ldl1        ; work         ;
;             |decode_g2a:rden_decode_b|    ; 4.8 (4.8)            ; 4.8 (4.8)                        ; 0.0 (0.0)                                         ; 0.0 (0.0)                        ; 0.0 (0.0)            ; 10 (10)             ; 0 (0)                     ; 0 (0)         ; 0                 ; 0     ; 0          ; 0    ; 0            ; |gpu_de1_soc_top|polygon_buffer:u_poly_buffer|altsyncram:ram_rtl_0|altsyncram_ldl1:auto_generated|decode_g2a:rden_decode_b ; decode_g2a             ; work         ;
;             |decode_nma:decode2|          ; 5.0 (5.0)            ; 5.5 (5.5)                        ; 0.5 (0.5)                                         ; 0.0 (0.0)                        ; 0.0 (0.0)            ; 10 (10)             ; 0 (0)                     ; 0 (0)         ; 0                 ; 0     ; 0          ; 0    ; 0            ; |gpu_de1_soc_top|polygon_buffer:u_poly_buffer|altsyncram:ram_rtl_0|altsyncram_ldl1:auto_generated|decode_nma:decode2       ; decode_nma             ; work         ;
;             |mux_7hb:mux3|                ; 28.0 (28.0)          ; 28.0 (28.0)                      ; 0.0 (0.0)                                         ; 0.0 (0.0)                        ; 0.0 (0.0)            ; 32 (32)             ; 0 (0)                     ; 0 (0)         ; 0                 ; 0     ; 0          ; 0    ; 0            ; |gpu_de1_soc_top|polygon_buffer:u_poly_buffer|altsyncram:ram_rtl_0|altsyncram_ldl1:auto_generated|mux_7hb:mux3             ; mux_7hb                ; work         ;
;    |polygon_rasterizer:u_rasterizer|      ; 184.1 (184.1)        ; 198.0 (198.0)                    ; 14.0 (14.0)                                       ; 0.0 (0.0)                        ; 0.0 (0.0)            ; 321 (321)           ; 140 (140)                 ; 0 (0)         ; 0                 ; 0     ; 6          ; 0    ; 0            ; |gpu_de1_soc_top|polygon_rasterizer:u_rasterizer                                                                           ; polygon_rasterizer     ; work         ;
;    |sprite_engine:u_sprite_engine|        ; 19.8 (19.8)          ; 21.9 (21.9)                      ; 2.1 (2.1)                                         ; 0.0 (0.0)                        ; 0.0 (0.0)            ; 34 (34)             ; 12 (12)                   ; 0 (0)         ; 0                 ; 0     ; 0          ; 0    ; 0            ; |gpu_de1_soc_top|sprite_engine:u_sprite_engine                                                                             ; sprite_engine          ; work         ;
;    |vga_sync:u_vga_sync|                  ; 23.3 (23.3)          ; 24.5 (24.5)                      ; 1.2 (1.2)                                         ; 0.0 (0.0)                        ; 0.0 (0.0)            ; 39 (39)             ; 28 (28)                   ; 0 (0)         ; 0                 ; 0     ; 0          ; 0    ; 0            ; |gpu_de1_soc_top|vga_sync:u_vga_sync                                                                                       ; vga_sync               ; work         ;
+-------------------------------------------+----------------------+----------------------------------+---------------------------------------------------+----------------------------------+----------------------+---------------------+---------------------------+---------------+-------------------+-------+------------+------+--------------+----------------------------------------------------------------------------------------------------------------------------+------------------------+--------------+
=======
+------------------------------------------------------------------------------------------------------------------------------------------------------------------------------------------------------------------------------------------------------------------------------------------------------------------------------------------------------------------------------------------------------------------------------------------------------------------------------------------------+
; Fitter Resource Utilization by Entity                                                                                                                                                                                                                                                                                                                                                                                                                                                          ;
+-------------------------------------------+----------------------+----------------------------------+---------------------------------------------------+----------------------------------+----------------------+---------------------+---------------------------+---------------+-------------------+-------+------------+------+--------------+---------------------------------------------------------------------------------------------------+------------------------+--------------+
; Compilation Hierarchy Node                ; ALMs needed [=A-B+C] ; [A] ALMs used in final placement ; [B] Estimate of ALMs recoverable by dense packing ; [C] Estimate of ALMs unavailable ; ALMs used for memory ; Combinational ALUTs ; Dedicated Logic Registers ; I/O Registers ; Block Memory Bits ; M10Ks ; DSP Blocks ; Pins ; Virtual Pins ; Full Hierarchy Name                                                                               ; Entity Name            ; Library Name ;
+-------------------------------------------+----------------------+----------------------------------+---------------------------------------------------+----------------------------------+----------------------+---------------------+---------------------------+---------------+-------------------+-------+------------+------+--------------+---------------------------------------------------------------------------------------------------+------------------------+--------------+
; |gpu_de1_soc_top                          ; 404.0 (13.2)         ; 417.5 (13.3)                     ; 13.5 (0.2)                                        ; 0.0 (0.0)                        ; 0.0 (0.0)            ; 630 (26)            ; 321 (1)                   ; 0 (0)         ; 137216            ; 17    ; 2          ; 54   ; 0            ; |gpu_de1_soc_top                                                                                  ; gpu_de1_soc_top        ; work         ;
;    |bg_engine:u_bg_engine|                ; 120.0 (6.0)          ; 122.3 (6.8)                      ; 2.3 (0.8)                                         ; 0.0 (0.0)                        ; 0.0 (0.0)            ; 158 (12)            ; 14 (6)                    ; 0 (0)         ; 0                 ; 0     ; 0          ; 0    ; 0            ; |gpu_de1_soc_top|bg_engine:u_bg_engine                                                            ; bg_engine              ; work         ;
;       |tilemap_ram:u_map_buffer|          ; 114.0 (114.0)        ; 115.5 (115.5)                    ; 1.5 (1.5)                                         ; 0.0 (0.0)                        ; 0.0 (0.0)            ; 146 (146)           ; 8 (8)                     ; 0 (0)         ; 0                 ; 0     ; 0          ; 0    ; 0            ; |gpu_de1_soc_top|bg_engine:u_bg_engine|tilemap_ram:u_map_buffer                                   ; tilemap_ram            ; work         ;
;    |board_input_controller:u_input_ctrl|  ; 84.7 (84.7)          ; 87.6 (87.6)                      ; 2.9 (2.9)                                         ; 0.0 (0.0)                        ; 0.0 (0.0)            ; 152 (152)           ; 115 (115)                 ; 0 (0)         ; 0                 ; 0     ; 0          ; 0    ; 0            ; |gpu_de1_soc_top|board_input_controller:u_input_ctrl                                              ; board_input_controller ; work         ;
;    |cmd_decoder:u_cmd_decoder|            ; 28.2 (28.2)          ; 29.2 (29.2)                      ; 1.0 (1.0)                                         ; 0.0 (0.0)                        ; 0.0 (0.0)            ; 22 (22)             ; 60 (60)                   ; 0 (0)         ; 0                 ; 0     ; 0          ; 0    ; 0            ; |gpu_de1_soc_top|cmd_decoder:u_cmd_decoder                                                        ; cmd_decoder            ; work         ;
;    |color_palette:u_palette|              ; 0.0 (0.0)            ; 0.0 (0.0)                        ; 0.0 (0.0)                                         ; 0.0 (0.0)                        ; 0.0 (0.0)            ; 0 (0)               ; 0 (0)                     ; 0 (0)         ; 6144              ; 1     ; 0          ; 0    ; 0            ; |gpu_de1_soc_top|color_palette:u_palette                                                          ; color_palette          ; work         ;
;       |altsyncram:clut_ram_rtl_0|         ; 0.0 (0.0)            ; 0.0 (0.0)                        ; 0.0 (0.0)                                         ; 0.0 (0.0)                        ; 0.0 (0.0)            ; 0 (0)               ; 0 (0)                     ; 0 (0)         ; 6144              ; 1     ; 0          ; 0    ; 0            ; |gpu_de1_soc_top|color_palette:u_palette|altsyncram:clut_ram_rtl_0                                ; altsyncram             ; work         ;
;          |altsyncram_g9r1:auto_generated| ; 0.0 (0.0)            ; 0.0 (0.0)                        ; 0.0 (0.0)                                         ; 0.0 (0.0)                        ; 0.0 (0.0)            ; 0 (0)               ; 0 (0)                     ; 0 (0)         ; 6144              ; 1     ; 0          ; 0    ; 0            ; |gpu_de1_soc_top|color_palette:u_palette|altsyncram:clut_ram_rtl_0|altsyncram_g9r1:auto_generated ; altsyncram_g9r1        ; work         ;
;    |compositor:u_compositor|              ; 4.5 (4.5)            ; 4.7 (4.7)                        ; 0.2 (0.2)                                         ; 0.0 (0.0)                        ; 0.0 (0.0)            ; 9 (9)               ; 0 (0)                     ; 0 (0)         ; 0                 ; 0     ; 0          ; 0    ; 0            ; |gpu_de1_soc_top|compositor:u_compositor                                                          ; compositor             ; work         ;
;    |pattern_vram:u_patterns|              ; 0.3 (0.0)            ; 0.5 (0.0)                        ; 0.2 (0.0)                                         ; 0.0 (0.0)                        ; 0.0 (0.0)            ; 0 (0)               ; 1 (0)                     ; 0 (0)         ; 131072            ; 16    ; 0          ; 0    ; 0            ; |gpu_de1_soc_top|pattern_vram:u_patterns                                                          ; pattern_vram           ; work         ;
;       |altsyncram:ram_rtl_0|              ; 0.3 (0.0)            ; 0.5 (0.0)                        ; 0.2 (0.0)                                         ; 0.0 (0.0)                        ; 0.0 (0.0)            ; 0 (0)               ; 1 (0)                     ; 0 (0)         ; 131072            ; 16    ; 0          ; 0    ; 0            ; |gpu_de1_soc_top|pattern_vram:u_patterns|altsyncram:ram_rtl_0                                     ; altsyncram             ; work         ;
;          |altsyncram_udf1:auto_generated| ; 0.3 (0.3)            ; 0.5 (0.5)                        ; 0.2 (0.2)                                         ; 0.0 (0.0)                        ; 0.0 (0.0)            ; 0 (0)               ; 1 (1)                     ; 0 (0)         ; 131072            ; 16    ; 0          ; 0    ; 0            ; |gpu_de1_soc_top|pattern_vram:u_patterns|altsyncram:ram_rtl_0|altsyncram_udf1:auto_generated      ; altsyncram_udf1        ; work         ;
;    |polygon_rasterizer:u_rasterizer|      ; 108.3 (94.8)         ; 114.9 (100.9)                    ; 6.6 (6.1)                                         ; 0.0 (0.0)                        ; 0.0 (0.0)            ; 189 (147)           ; 106 (106)                 ; 0 (0)         ; 0                 ; 0     ; 2          ; 0    ; 0            ; |gpu_de1_soc_top|polygon_rasterizer:u_rasterizer                                                  ; polygon_rasterizer     ; work         ;
;       |raster_alu:datapath|               ; 13.5 (13.5)          ; 14.0 (14.0)                      ; 0.5 (0.5)                                         ; 0.0 (0.0)                        ; 0.0 (0.0)            ; 42 (42)             ; 0 (0)                     ; 0 (0)         ; 0                 ; 0     ; 2          ; 0    ; 0            ; |gpu_de1_soc_top|polygon_rasterizer:u_rasterizer|raster_alu:datapath                              ; raster_alu             ; work         ;
;    |sprite_engine:u_sprite_engine|        ; 20.3 (20.3)          ; 20.5 (20.5)                      ; 0.2 (0.2)                                         ; 0.0 (0.0)                        ; 0.0 (0.0)            ; 30 (30)             ; 4 (4)                     ; 0 (0)         ; 0                 ; 0     ; 0          ; 0    ; 0            ; |gpu_de1_soc_top|sprite_engine:u_sprite_engine                                                    ; sprite_engine          ; work         ;
;    |vga_sync:u_vga_sync|                  ; 24.5 (24.5)          ; 24.5 (24.5)                      ; 0.0 (0.0)                                         ; 0.0 (0.0)                        ; 0.0 (0.0)            ; 44 (44)             ; 20 (20)                   ; 0 (0)         ; 0                 ; 0     ; 0          ; 0    ; 0            ; |gpu_de1_soc_top|vga_sync:u_vga_sync                                                              ; vga_sync               ; work         ;
+-------------------------------------------+----------------------+----------------------------------+---------------------------------------------------+----------------------------------+----------------------+---------------------+---------------------------+---------------+-------------------+-------+------------+------+--------------+---------------------------------------------------------------------------------------------------+------------------------+--------------+
>>>>>>> 1ee5570 (busca ativa com erros de exibição)
Note: For table entries with two numbers listed, the numbers in parentheses indicate the number of resources of the given type used by the specific entity alone. The numbers listed outside of parentheses indicate the total resources of the given type used by the specific entity and all of its sub-entities in the hierarchy.


+----------------------------------------------------------------------------------------------------------------------------+
; Delay Chain Summary                                                                                                        ;
+-------------+----------+----+------+------+----+------+-------+--------+------------------------+--------------------------+
; Name        ; Pin Type ; D1 ; D3_0 ; D3_1 ; D4 ; D5   ; D5 OE ; D5 OCT ; T11 (Postamble Gating) ; T11 (Postamble Ungating) ;
+-------------+----------+----+------+------+----+------+-------+--------+------------------------+--------------------------+
; SW[1]       ; Input    ; -- ; --   ; --   ; -- ; --   ; --    ; --     ; --                     ; --                       ;
; SW[2]       ; Input    ; -- ; --   ; --   ; -- ; --   ; --    ; --     ; --                     ; --                       ;
; SW[3]       ; Input    ; -- ; --   ; --   ; -- ; --   ; --    ; --     ; --                     ; --                       ;
; SW[4]       ; Input    ; -- ; --   ; --   ; -- ; --   ; --    ; --     ; --                     ; --                       ;
; SW[5]       ; Input    ; -- ; --   ; --   ; -- ; --   ; --    ; --     ; --                     ; --                       ;
; SW[6]       ; Input    ; -- ; --   ; --   ; -- ; --   ; --    ; --     ; --                     ; --                       ;
; SW[7]       ; Input    ; -- ; --   ; --   ; -- ; --   ; --    ; --     ; --                     ; --                       ;
; SW[8]       ; Input    ; -- ; --   ; --   ; -- ; --   ; --    ; --     ; --                     ; --                       ;
; SW[9]       ; Input    ; -- ; --   ; --   ; -- ; --   ; --    ; --     ; --                     ; --                       ;
; LEDR[0]     ; Output   ; -- ; --   ; --   ; -- ; (0)  ; (31)  ; --     ; --                     ; --                       ;
; LEDR[1]     ; Output   ; -- ; --   ; --   ; -- ; (0)  ; (31)  ; --     ; --                     ; --                       ;
; LEDR[2]     ; Output   ; -- ; --   ; --   ; -- ; (0)  ; (31)  ; --     ; --                     ; --                       ;
; LEDR[3]     ; Output   ; -- ; --   ; --   ; -- ; (0)  ; (31)  ; --     ; --                     ; --                       ;
; LEDR[4]     ; Output   ; -- ; --   ; --   ; -- ; (0)  ; (31)  ; --     ; --                     ; --                       ;
; LEDR[5]     ; Output   ; -- ; --   ; --   ; -- ; (0)  ; (31)  ; --     ; --                     ; --                       ;
; LEDR[6]     ; Output   ; -- ; --   ; --   ; -- ; (0)  ; (31)  ; --     ; --                     ; --                       ;
; LEDR[7]     ; Output   ; -- ; --   ; --   ; -- ; (0)  ; (31)  ; --     ; --                     ; --                       ;
; LEDR[8]     ; Output   ; -- ; --   ; --   ; -- ; (0)  ; (31)  ; --     ; --                     ; --                       ;
; LEDR[9]     ; Output   ; -- ; --   ; --   ; -- ; (0)  ; (31)  ; --     ; --                     ; --                       ;
; VGA_HS      ; Output   ; -- ; --   ; --   ; -- ; (0)  ; (31)  ; --     ; --                     ; --                       ;
; VGA_VS      ; Output   ; -- ; --   ; --   ; -- ; (0)  ; (31)  ; --     ; --                     ; --                       ;
; VGA_R[0]    ; Output   ; -- ; --   ; --   ; -- ; (0)  ; (31)  ; --     ; --                     ; --                       ;
; VGA_R[1]    ; Output   ; -- ; --   ; --   ; -- ; (0)  ; (31)  ; --     ; --                     ; --                       ;
; VGA_R[2]    ; Output   ; -- ; --   ; --   ; -- ; (0)  ; (31)  ; --     ; --                     ; --                       ;
; VGA_R[3]    ; Output   ; -- ; --   ; --   ; -- ; (0)  ; (31)  ; --     ; --                     ; --                       ;
; VGA_R[4]    ; Output   ; -- ; --   ; --   ; -- ; (0)  ; (31)  ; --     ; --                     ; --                       ;
; VGA_R[5]    ; Output   ; -- ; --   ; --   ; -- ; (0)  ; (31)  ; --     ; --                     ; --                       ;
; VGA_R[6]    ; Output   ; -- ; --   ; --   ; -- ; (0)  ; (31)  ; --     ; --                     ; --                       ;
; VGA_R[7]    ; Output   ; -- ; --   ; --   ; -- ; (0)  ; (31)  ; --     ; --                     ; --                       ;
; VGA_G[0]    ; Output   ; -- ; --   ; --   ; -- ; (0)  ; (31)  ; --     ; --                     ; --                       ;
; VGA_G[1]    ; Output   ; -- ; --   ; --   ; -- ; (0)  ; (31)  ; --     ; --                     ; --                       ;
; VGA_G[2]    ; Output   ; -- ; --   ; --   ; -- ; (0)  ; (31)  ; --     ; --                     ; --                       ;
; VGA_G[3]    ; Output   ; -- ; --   ; --   ; -- ; (0)  ; (31)  ; --     ; --                     ; --                       ;
; VGA_G[4]    ; Output   ; -- ; --   ; --   ; -- ; (0)  ; (31)  ; --     ; --                     ; --                       ;
; VGA_G[5]    ; Output   ; -- ; --   ; --   ; -- ; (0)  ; (31)  ; --     ; --                     ; --                       ;
; VGA_G[6]    ; Output   ; -- ; --   ; --   ; -- ; (0)  ; (31)  ; --     ; --                     ; --                       ;
; VGA_G[7]    ; Output   ; -- ; --   ; --   ; -- ; (0)  ; (31)  ; --     ; --                     ; --                       ;
; VGA_B[0]    ; Output   ; -- ; --   ; --   ; -- ; (0)  ; (31)  ; --     ; --                     ; --                       ;
; VGA_B[1]    ; Output   ; -- ; --   ; --   ; -- ; (0)  ; (31)  ; --     ; --                     ; --                       ;
; VGA_B[2]    ; Output   ; -- ; --   ; --   ; -- ; (0)  ; (31)  ; --     ; --                     ; --                       ;
; VGA_B[3]    ; Output   ; -- ; --   ; --   ; -- ; (0)  ; (31)  ; --     ; --                     ; --                       ;
; VGA_B[4]    ; Output   ; -- ; --   ; --   ; -- ; (0)  ; (31)  ; --     ; --                     ; --                       ;
; VGA_B[5]    ; Output   ; -- ; --   ; --   ; -- ; (0)  ; (31)  ; --     ; --                     ; --                       ;
; VGA_B[6]    ; Output   ; -- ; --   ; --   ; -- ; (0)  ; (31)  ; --     ; --                     ; --                       ;
; VGA_B[7]    ; Output   ; -- ; --   ; --   ; -- ; (0)  ; (31)  ; --     ; --                     ; --                       ;
; VGA_BLANK_N ; Output   ; -- ; --   ; --   ; -- ; (0)  ; (31)  ; --     ; --                     ; --                       ;
; VGA_SYNC_N  ; Output   ; -- ; --   ; --   ; -- ; (0)  ; (31)  ; --     ; --                     ; --                       ;
; VGA_CLK     ; Output   ; -- ; --   ; --   ; -- ; (0)  ; (31)  ; --     ; --                     ; --                       ;
; SW[0]       ; Input    ; -- ; (0)  ; --   ; -- ; --   ; --    ; --     ; --                     ; --                       ;
; KEY[0]      ; Input    ; -- ; (0)  ; --   ; -- ; --   ; --    ; --     ; --                     ; --                       ;
; CLOCK_50    ; Input    ; -- ; (0)  ; --   ; -- ; --   ; --    ; --     ; --                     ; --                       ;
<<<<<<< HEAD
; KEY[3]      ; Input    ; -- ; (0)  ; --   ; -- ; --   ; --    ; --     ; --                     ; --                       ;
; KEY[2]      ; Input    ; -- ; --   ; (0)  ; -- ; --   ; --    ; --     ; --                     ; --                       ;
=======
; KEY[2]      ; Input    ; -- ; --   ; (0)  ; -- ; --   ; --    ; --     ; --                     ; --                       ;
; KEY[3]      ; Input    ; -- ; (0)  ; --   ; -- ; --   ; --    ; --     ; --                     ; --                       ;
>>>>>>> 1ee5570 (busca ativa com erros de exibição)
; KEY[1]      ; Input    ; -- ; (0)  ; --   ; -- ; --   ; --    ; --     ; --                     ; --                       ;
+-------------+----------+----+------+------+----+------+-------+--------+------------------------+--------------------------+


+-----------------------------------------------------------------------------------------+
; Pad To Core Delay Chain Fanout                                                          ;
+-----------------------------------------------------------+-------------------+---------+
; Source Pin / Fanout                                       ; Pad To Core Index ; Setting ;
+-----------------------------------------------------------+-------------------+---------+
; SW[1]                                                     ;                   ;         ;
; SW[2]                                                     ;                   ;         ;
; SW[3]                                                     ;                   ;         ;
; SW[4]                                                     ;                   ;         ;
; SW[5]                                                     ;                   ;         ;
; SW[6]                                                     ;                   ;         ;
; SW[7]                                                     ;                   ;         ;
; SW[8]                                                     ;                   ;         ;
; SW[9]                                                     ;                   ;         ;
; SW[0]                                                     ;                   ;         ;
;      - LEDR[2]~output                                     ; 0                 ; 0       ;
; KEY[0]                                                    ;                   ;         ;
<<<<<<< HEAD
;      - clk_25m                                            ; 0                 ; 0       ;
;      - polygon_rasterizer:u_rasterizer|max_x[8]~1         ; 0                 ; 0       ;
;      - KEY[0]~inputCLKENA0                                ; 0                 ; 0       ;
; CLOCK_50                                                  ;                   ;         ;
; KEY[3]                                                    ;                   ;         ;
;      - board_input_controller:u_input_ctrl|key3_sync[0]~0 ; 0                 ; 0       ;
; KEY[2]                                                    ;                   ;         ;
;      - board_input_controller:u_input_ctrl|key2_sync[0]~0 ; 1                 ; 0       ;
=======
;      - vga_sync:u_vga_sync|hsync~1                        ; 0                 ; 0       ;
;      - vga_sync:u_vga_sync|vsync~1                        ; 0                 ; 0       ;
;      - clk_25m                                            ; 0                 ; 0       ;
;      - KEY[0]~inputCLKENA0                                ; 0                 ; 0       ;
; CLOCK_50                                                  ;                   ;         ;
; KEY[2]                                                    ;                   ;         ;
;      - board_input_controller:u_input_ctrl|key2_sync[0]~0 ; 1                 ; 0       ;
; KEY[3]                                                    ;                   ;         ;
;      - board_input_controller:u_input_ctrl|key3_sync[0]~0 ; 0                 ; 0       ;
>>>>>>> 1ee5570 (busca ativa com erros de exibição)
; KEY[1]                                                    ;                   ;         ;
;      - board_input_controller:u_input_ctrl|key1_sync[0]~0 ; 0                 ; 0       ;
+-----------------------------------------------------------+-------------------+---------+


<<<<<<< HEAD
+-------------------------------------------------------------------------------------------------------------------------------------------------------------------------------------------------------------------------------------------------------------------------+
; Control Signals                                                                                                                                                                                                                                                         ;
+----------------------------------------------------------------------------------------------------------------------------+----------------------+---------+----------------------------+--------+----------------------+------------------+---------------------------+
; Name                                                                                                                       ; Location             ; Fan-Out ; Usage                      ; Global ; Global Resource Used ; Global Line Name ; Enable Signal Source Name ;
+----------------------------------------------------------------------------------------------------------------------------+----------------------+---------+----------------------------+--------+----------------------+------------------+---------------------------+
; CLOCK_50                                                                                                                   ; PIN_AF14             ; 2931    ; Clock                      ; yes    ; Global Clock         ; GCLK6            ; --                        ;
; KEY[0]                                                                                                                     ; PIN_AA14             ; 366     ; Async. clear               ; yes    ; Global Clock         ; GCLK5            ; --                        ;
; KEY[0]                                                                                                                     ; PIN_AA14             ; 3       ; Async. clear               ; no     ; --                   ; --               ; --                        ;
; bg_engine:u_bg_engine|tilemap_ram:u_map_buffer|LessThan1~1                                                                 ; LABCELL_X33_Y71_N33  ; 8       ; Sync. clear                ; no     ; --                   ; --               ; --                        ;
; bg_engine:u_bg_engine|tilemap_ram:u_map_buffer|map_ram~10047                                                               ; LABCELL_X24_Y65_N6   ; 8       ; Clock enable               ; no     ; --                   ; --               ; --                        ;
; bg_engine:u_bg_engine|tilemap_ram:u_map_buffer|map_ram~10049                                                               ; MLABCELL_X28_Y66_N57 ; 8       ; Clock enable               ; no     ; --                   ; --               ; --                        ;
; bg_engine:u_bg_engine|tilemap_ram:u_map_buffer|map_ram~10051                                                               ; LABCELL_X30_Y67_N12  ; 8       ; Clock enable               ; no     ; --                   ; --               ; --                        ;
; bg_engine:u_bg_engine|tilemap_ram:u_map_buffer|map_ram~10053                                                               ; LABCELL_X30_Y67_N54  ; 8       ; Clock enable               ; no     ; --                   ; --               ; --                        ;
; bg_engine:u_bg_engine|tilemap_ram:u_map_buffer|map_ram~10054                                                               ; MLABCELL_X25_Y67_N45 ; 8       ; Clock enable               ; no     ; --                   ; --               ; --                        ;
; bg_engine:u_bg_engine|tilemap_ram:u_map_buffer|map_ram~10055                                                               ; MLABCELL_X25_Y67_N3  ; 8       ; Clock enable               ; no     ; --                   ; --               ; --                        ;
; bg_engine:u_bg_engine|tilemap_ram:u_map_buffer|map_ram~10056                                                               ; LABCELL_X36_Y65_N30  ; 8       ; Clock enable               ; no     ; --                   ; --               ; --                        ;
; bg_engine:u_bg_engine|tilemap_ram:u_map_buffer|map_ram~10057                                                               ; LABCELL_X30_Y67_N57  ; 8       ; Clock enable               ; no     ; --                   ; --               ; --                        ;
; bg_engine:u_bg_engine|tilemap_ram:u_map_buffer|map_ram~10058                                                               ; MLABCELL_X25_Y67_N0  ; 8       ; Clock enable               ; no     ; --                   ; --               ; --                        ;
; bg_engine:u_bg_engine|tilemap_ram:u_map_buffer|map_ram~10059                                                               ; MLABCELL_X25_Y67_N42 ; 8       ; Clock enable               ; no     ; --                   ; --               ; --                        ;
; bg_engine:u_bg_engine|tilemap_ram:u_map_buffer|map_ram~10060                                                               ; LABCELL_X22_Y66_N3   ; 8       ; Clock enable               ; no     ; --                   ; --               ; --                        ;
; bg_engine:u_bg_engine|tilemap_ram:u_map_buffer|map_ram~10061                                                               ; LABCELL_X30_Y67_N48  ; 8       ; Clock enable               ; no     ; --                   ; --               ; --                        ;
; bg_engine:u_bg_engine|tilemap_ram:u_map_buffer|map_ram~10063                                                               ; LABCELL_X27_Y67_N48  ; 8       ; Clock enable               ; no     ; --                   ; --               ; --                        ;
; bg_engine:u_bg_engine|tilemap_ram:u_map_buffer|map_ram~10064                                                               ; LABCELL_X29_Y66_N45  ; 8       ; Clock enable               ; no     ; --                   ; --               ; --                        ;
; bg_engine:u_bg_engine|tilemap_ram:u_map_buffer|map_ram~10065                                                               ; LABCELL_X30_Y67_N51  ; 8       ; Clock enable               ; no     ; --                   ; --               ; --                        ;
; bg_engine:u_bg_engine|tilemap_ram:u_map_buffer|map_ram~10066                                                               ; LABCELL_X30_Y65_N36  ; 8       ; Clock enable               ; no     ; --                   ; --               ; --                        ;
; bg_engine:u_bg_engine|tilemap_ram:u_map_buffer|map_ram~10067                                                               ; LABCELL_X24_Y65_N39  ; 8       ; Clock enable               ; no     ; --                   ; --               ; --                        ;
; bg_engine:u_bg_engine|tilemap_ram:u_map_buffer|map_ram~10068                                                               ; LABCELL_X27_Y66_N3   ; 8       ; Clock enable               ; no     ; --                   ; --               ; --                        ;
; bg_engine:u_bg_engine|tilemap_ram:u_map_buffer|map_ram~10069                                                               ; LABCELL_X36_Y65_N15  ; 8       ; Clock enable               ; no     ; --                   ; --               ; --                        ;
; bg_engine:u_bg_engine|tilemap_ram:u_map_buffer|map_ram~10070                                                               ; LABCELL_X36_Y65_N18  ; 8       ; Clock enable               ; no     ; --                   ; --               ; --                        ;
; bg_engine:u_bg_engine|tilemap_ram:u_map_buffer|map_ram~10072                                                               ; LABCELL_X22_Y67_N54  ; 8       ; Clock enable               ; no     ; --                   ; --               ; --                        ;
; bg_engine:u_bg_engine|tilemap_ram:u_map_buffer|map_ram~10073                                                               ; LABCELL_X27_Y66_N6   ; 8       ; Clock enable               ; no     ; --                   ; --               ; --                        ;
; bg_engine:u_bg_engine|tilemap_ram:u_map_buffer|map_ram~10074                                                               ; LABCELL_X36_Y65_N3   ; 8       ; Clock enable               ; no     ; --                   ; --               ; --                        ;
; bg_engine:u_bg_engine|tilemap_ram:u_map_buffer|map_ram~10075                                                               ; LABCELL_X36_Y65_N42  ; 8       ; Clock enable               ; no     ; --                   ; --               ; --                        ;
; bg_engine:u_bg_engine|tilemap_ram:u_map_buffer|map_ram~10076                                                               ; LABCELL_X27_Y66_N48  ; 8       ; Clock enable               ; no     ; --                   ; --               ; --                        ;
; bg_engine:u_bg_engine|tilemap_ram:u_map_buffer|map_ram~10077                                                               ; LABCELL_X24_Y65_N30  ; 8       ; Clock enable               ; no     ; --                   ; --               ; --                        ;
; bg_engine:u_bg_engine|tilemap_ram:u_map_buffer|map_ram~10078                                                               ; MLABCELL_X34_Y65_N51 ; 8       ; Clock enable               ; no     ; --                   ; --               ; --                        ;
; bg_engine:u_bg_engine|tilemap_ram:u_map_buffer|map_ram~10079                                                               ; MLABCELL_X34_Y65_N21 ; 8       ; Clock enable               ; no     ; --                   ; --               ; --                        ;
; bg_engine:u_bg_engine|tilemap_ram:u_map_buffer|map_ram~10080                                                               ; MLABCELL_X25_Y66_N18 ; 8       ; Clock enable               ; no     ; --                   ; --               ; --                        ;
; bg_engine:u_bg_engine|tilemap_ram:u_map_buffer|map_ram~10081                                                               ; LABCELL_X27_Y66_N9   ; 8       ; Clock enable               ; no     ; --                   ; --               ; --                        ;
; bg_engine:u_bg_engine|tilemap_ram:u_map_buffer|map_ram~10082                                                               ; LABCELL_X36_Y65_N36  ; 8       ; Clock enable               ; no     ; --                   ; --               ; --                        ;
; bg_engine:u_bg_engine|tilemap_ram:u_map_buffer|map_ram~10083                                                               ; LABCELL_X36_Y65_N57  ; 8       ; Clock enable               ; no     ; --                   ; --               ; --                        ;
; bg_engine:u_bg_engine|tilemap_ram:u_map_buffer|map_ram~10672                                                               ; LABCELL_X22_Y67_N33  ; 8       ; Clock enable               ; no     ; --                   ; --               ; --                        ;
; bg_engine:u_bg_engine|tilemap_ram:u_map_buffer|map_ram~10673                                                               ; LABCELL_X23_Y68_N54  ; 8       ; Clock enable               ; no     ; --                   ; --               ; --                        ;
; bg_engine:u_bg_engine|tilemap_ram:u_map_buffer|map_ram~10674                                                               ; MLABCELL_X21_Y70_N24 ; 8       ; Clock enable               ; no     ; --                   ; --               ; --                        ;
; bg_engine:u_bg_engine|tilemap_ram:u_map_buffer|map_ram~10675                                                               ; LABCELL_X22_Y72_N42  ; 8       ; Clock enable               ; no     ; --                   ; --               ; --                        ;
; bg_engine:u_bg_engine|tilemap_ram:u_map_buffer|map_ram~10676                                                               ; LABCELL_X22_Y67_N30  ; 8       ; Clock enable               ; no     ; --                   ; --               ; --                        ;
; bg_engine:u_bg_engine|tilemap_ram:u_map_buffer|map_ram~10677                                                               ; LABCELL_X22_Y72_N45  ; 8       ; Clock enable               ; no     ; --                   ; --               ; --                        ;
; bg_engine:u_bg_engine|tilemap_ram:u_map_buffer|map_ram~10678                                                               ; LABCELL_X23_Y73_N33  ; 8       ; Clock enable               ; no     ; --                   ; --               ; --                        ;
; bg_engine:u_bg_engine|tilemap_ram:u_map_buffer|map_ram~10679                                                               ; LABCELL_X22_Y72_N36  ; 8       ; Clock enable               ; no     ; --                   ; --               ; --                        ;
; bg_engine:u_bg_engine|tilemap_ram:u_map_buffer|map_ram~10681                                                               ; LABCELL_X23_Y71_N9   ; 8       ; Clock enable               ; no     ; --                   ; --               ; --                        ;
; bg_engine:u_bg_engine|tilemap_ram:u_map_buffer|map_ram~10682                                                               ; LABCELL_X22_Y67_N24  ; 8       ; Clock enable               ; no     ; --                   ; --               ; --                        ;
; bg_engine:u_bg_engine|tilemap_ram:u_map_buffer|map_ram~10683                                                               ; LABCELL_X24_Y69_N21  ; 8       ; Clock enable               ; no     ; --                   ; --               ; --                        ;
; bg_engine:u_bg_engine|tilemap_ram:u_map_buffer|map_ram~10684                                                               ; LABCELL_X24_Y69_N18  ; 8       ; Clock enable               ; no     ; --                   ; --               ; --                        ;
; bg_engine:u_bg_engine|tilemap_ram:u_map_buffer|map_ram~10685                                                               ; LABCELL_X23_Y70_N33  ; 8       ; Clock enable               ; no     ; --                   ; --               ; --                        ;
; bg_engine:u_bg_engine|tilemap_ram:u_map_buffer|map_ram~10686                                                               ; LABCELL_X23_Y70_N30  ; 8       ; Clock enable               ; no     ; --                   ; --               ; --                        ;
; bg_engine:u_bg_engine|tilemap_ram:u_map_buffer|map_ram~10687                                                               ; MLABCELL_X21_Y70_N54 ; 8       ; Clock enable               ; no     ; --                   ; --               ; --                        ;
; bg_engine:u_bg_engine|tilemap_ram:u_map_buffer|map_ram~10688                                                               ; LABCELL_X24_Y69_N0   ; 8       ; Clock enable               ; no     ; --                   ; --               ; --                        ;
; bg_engine:u_bg_engine|tilemap_ram:u_map_buffer|map_ram~10727                                                               ; LABCELL_X45_Y73_N39  ; 8       ; Clock enable               ; no     ; --                   ; --               ; --                        ;
; bg_engine:u_bg_engine|tilemap_ram:u_map_buffer|map_ram~10728                                                               ; LABCELL_X40_Y75_N51  ; 8       ; Clock enable               ; no     ; --                   ; --               ; --                        ;
; bg_engine:u_bg_engine|tilemap_ram:u_map_buffer|map_ram~10729                                                               ; LABCELL_X22_Y68_N57  ; 8       ; Clock enable               ; no     ; --                   ; --               ; --                        ;
; bg_engine:u_bg_engine|tilemap_ram:u_map_buffer|map_ram~10730                                                               ; LABCELL_X22_Y68_N48  ; 8       ; Clock enable               ; no     ; --                   ; --               ; --                        ;
; bg_engine:u_bg_engine|tilemap_ram:u_map_buffer|map_ram~10732                                                               ; LABCELL_X45_Y73_N18  ; 8       ; Clock enable               ; no     ; --                   ; --               ; --                        ;
; bg_engine:u_bg_engine|tilemap_ram:u_map_buffer|map_ram~10733                                                               ; MLABCELL_X39_Y69_N9  ; 8       ; Clock enable               ; no     ; --                   ; --               ; --                        ;
; bg_engine:u_bg_engine|tilemap_ram:u_map_buffer|map_ram~10734                                                               ; LABCELL_X45_Y73_N27  ; 8       ; Clock enable               ; no     ; --                   ; --               ; --                        ;
; bg_engine:u_bg_engine|tilemap_ram:u_map_buffer|map_ram~10735                                                               ; LABCELL_X46_Y72_N54  ; 8       ; Clock enable               ; no     ; --                   ; --               ; --                        ;
; bg_engine:u_bg_engine|tilemap_ram:u_map_buffer|map_ram~10736                                                               ; LABCELL_X22_Y68_N33  ; 8       ; Clock enable               ; no     ; --                   ; --               ; --                        ;
; bg_engine:u_bg_engine|tilemap_ram:u_map_buffer|map_ram~10737                                                               ; LABCELL_X46_Y71_N15  ; 8       ; Clock enable               ; no     ; --                   ; --               ; --                        ;
; bg_engine:u_bg_engine|tilemap_ram:u_map_buffer|map_ram~10738                                                               ; MLABCELL_X39_Y73_N57 ; 8       ; Clock enable               ; no     ; --                   ; --               ; --                        ;
; bg_engine:u_bg_engine|tilemap_ram:u_map_buffer|map_ram~10739                                                               ; LABCELL_X22_Y68_N24  ; 8       ; Clock enable               ; no     ; --                   ; --               ; --                        ;
; bg_engine:u_bg_engine|tilemap_ram:u_map_buffer|map_ram~10740                                                               ; LABCELL_X40_Y71_N21  ; 8       ; Clock enable               ; no     ; --                   ; --               ; --                        ;
; bg_engine:u_bg_engine|tilemap_ram:u_map_buffer|map_ram~10741                                                               ; LABCELL_X45_Y73_N42  ; 8       ; Clock enable               ; no     ; --                   ; --               ; --                        ;
; bg_engine:u_bg_engine|tilemap_ram:u_map_buffer|map_ram~10742                                                               ; LABCELL_X43_Y71_N36  ; 8       ; Clock enable               ; no     ; --                   ; --               ; --                        ;
; bg_engine:u_bg_engine|tilemap_ram:u_map_buffer|map_ram~10743                                                               ; LABCELL_X40_Y71_N18  ; 8       ; Clock enable               ; no     ; --                   ; --               ; --                        ;
; bg_engine:u_bg_engine|tilemap_ram:u_map_buffer|map_ram~10745                                                               ; MLABCELL_X28_Y78_N54 ; 8       ; Clock enable               ; no     ; --                   ; --               ; --                        ;
; bg_engine:u_bg_engine|tilemap_ram:u_map_buffer|map_ram~10746                                                               ; LABCELL_X22_Y68_N9   ; 8       ; Clock enable               ; no     ; --                   ; --               ; --                        ;
; bg_engine:u_bg_engine|tilemap_ram:u_map_buffer|map_ram~10747                                                               ; LABCELL_X23_Y76_N9   ; 8       ; Clock enable               ; no     ; --                   ; --               ; --                        ;
; bg_engine:u_bg_engine|tilemap_ram:u_map_buffer|map_ram~10748                                                               ; LABCELL_X23_Y76_N51  ; 8       ; Clock enable               ; no     ; --                   ; --               ; --                        ;
; bg_engine:u_bg_engine|tilemap_ram:u_map_buffer|map_ram~10750                                                               ; LABCELL_X24_Y74_N54  ; 8       ; Clock enable               ; no     ; --                   ; --               ; --                        ;
; bg_engine:u_bg_engine|tilemap_ram:u_map_buffer|map_ram~10751                                                               ; LABCELL_X24_Y74_N57  ; 8       ; Clock enable               ; no     ; --                   ; --               ; --                        ;
; bg_engine:u_bg_engine|tilemap_ram:u_map_buffer|map_ram~10752                                                               ; LABCELL_X22_Y74_N15  ; 8       ; Clock enable               ; no     ; --                   ; --               ; --                        ;
; bg_engine:u_bg_engine|tilemap_ram:u_map_buffer|map_ram~10753                                                               ; LABCELL_X22_Y74_N18  ; 8       ; Clock enable               ; no     ; --                   ; --               ; --                        ;
; bg_engine:u_bg_engine|tilemap_ram:u_map_buffer|map_ram~10754                                                               ; LABCELL_X23_Y76_N45  ; 8       ; Clock enable               ; no     ; --                   ; --               ; --                        ;
; bg_engine:u_bg_engine|tilemap_ram:u_map_buffer|map_ram~10755                                                               ; LABCELL_X23_Y76_N48  ; 8       ; Clock enable               ; no     ; --                   ; --               ; --                        ;
; bg_engine:u_bg_engine|tilemap_ram:u_map_buffer|map_ram~10757                                                               ; LABCELL_X45_Y74_N54  ; 8       ; Clock enable               ; no     ; --                   ; --               ; --                        ;
; bg_engine:u_bg_engine|tilemap_ram:u_map_buffer|map_ram~10758                                                               ; LABCELL_X45_Y74_N9   ; 8       ; Clock enable               ; no     ; --                   ; --               ; --                        ;
; bg_engine:u_bg_engine|tilemap_ram:u_map_buffer|map_ram~10759                                                               ; MLABCELL_X25_Y76_N3  ; 8       ; Clock enable               ; no     ; --                   ; --               ; --                        ;
; bg_engine:u_bg_engine|tilemap_ram:u_map_buffer|map_ram~10760                                                               ; MLABCELL_X25_Y76_N48 ; 8       ; Clock enable               ; no     ; --                   ; --               ; --                        ;
; bg_engine:u_bg_engine|tilemap_ram:u_map_buffer|map_ram~10761                                                               ; LABCELL_X22_Y74_N42  ; 8       ; Clock enable               ; no     ; --                   ; --               ; --                        ;
; bg_engine:u_bg_engine|tilemap_ram:u_map_buffer|map_ram~10762                                                               ; LABCELL_X22_Y74_N21  ; 8       ; Clock enable               ; no     ; --                   ; --               ; --                        ;
; bg_engine:u_bg_engine|tilemap_ram:u_map_buffer|map_ram~10764                                                               ; LABCELL_X24_Y75_N21  ; 8       ; Clock enable               ; no     ; --                   ; --               ; --                        ;
; bg_engine:u_bg_engine|tilemap_ram:u_map_buffer|map_ram~10766                                                               ; LABCELL_X22_Y68_N0   ; 8       ; Clock enable               ; no     ; --                   ; --               ; --                        ;
; bg_engine:u_bg_engine|tilemap_ram:u_map_buffer|map_ram~10767                                                               ; LABCELL_X22_Y68_N18  ; 8       ; Clock enable               ; no     ; --                   ; --               ; --                        ;
; bg_engine:u_bg_engine|tilemap_ram:u_map_buffer|map_ram~10768                                                               ; LABCELL_X24_Y75_N15  ; 8       ; Clock enable               ; no     ; --                   ; --               ; --                        ;
; bg_engine:u_bg_engine|tilemap_ram:u_map_buffer|map_ram~10769                                                               ; MLABCELL_X21_Y68_N36 ; 8       ; Clock enable               ; no     ; --                   ; --               ; --                        ;
; bg_engine:u_bg_engine|tilemap_ram:u_map_buffer|map_ram~10770                                                               ; MLABCELL_X21_Y72_N0  ; 8       ; Clock enable               ; no     ; --                   ; --               ; --                        ;
; bg_engine:u_bg_engine|tilemap_ram:u_map_buffer|map_ram~10771                                                               ; MLABCELL_X21_Y68_N57 ; 8       ; Clock enable               ; no     ; --                   ; --               ; --                        ;
; bg_engine:u_bg_engine|tilemap_ram:u_map_buffer|map_ram~10772                                                               ; LABCELL_X23_Y75_N39  ; 8       ; Clock enable               ; no     ; --                   ; --               ; --                        ;
; bg_engine:u_bg_engine|tilemap_ram:u_map_buffer|map_ram~10773                                                               ; LABCELL_X22_Y68_N3   ; 8       ; Clock enable               ; no     ; --                   ; --               ; --                        ;
; bg_engine:u_bg_engine|tilemap_ram:u_map_buffer|map_ram~10774                                                               ; LABCELL_X24_Y75_N18  ; 8       ; Clock enable               ; no     ; --                   ; --               ; --                        ;
; bg_engine:u_bg_engine|tilemap_ram:u_map_buffer|map_ram~10775                                                               ; LABCELL_X22_Y68_N39  ; 8       ; Clock enable               ; no     ; --                   ; --               ; --                        ;
; bg_engine:u_bg_engine|tilemap_ram:u_map_buffer|map_ram~10776                                                               ; LABCELL_X24_Y75_N30  ; 8       ; Clock enable               ; no     ; --                   ; --               ; --                        ;
; bg_engine:u_bg_engine|tilemap_ram:u_map_buffer|map_ram~10777                                                               ; MLABCELL_X21_Y68_N15 ; 8       ; Clock enable               ; no     ; --                   ; --               ; --                        ;
; bg_engine:u_bg_engine|tilemap_ram:u_map_buffer|map_ram~10778                                                               ; MLABCELL_X21_Y68_N42 ; 8       ; Clock enable               ; no     ; --                   ; --               ; --                        ;
; bg_engine:u_bg_engine|tilemap_ram:u_map_buffer|map_ram~10779                                                               ; LABCELL_X22_Y68_N42  ; 8       ; Clock enable               ; no     ; --                   ; --               ; --                        ;
; bg_engine:u_bg_engine|tilemap_ram:u_map_buffer|map_ram~10780                                                               ; MLABCELL_X21_Y69_N24 ; 8       ; Clock enable               ; no     ; --                   ; --               ; --                        ;
; bg_engine:u_bg_engine|tilemap_ram:u_map_buffer|map_ram~10808                                                               ; LABCELL_X43_Y70_N3   ; 8       ; Clock enable               ; no     ; --                   ; --               ; --                        ;
; bg_engine:u_bg_engine|tilemap_ram:u_map_buffer|map_ram~10809                                                               ; LABCELL_X43_Y70_N45  ; 8       ; Clock enable               ; no     ; --                   ; --               ; --                        ;
; bg_engine:u_bg_engine|tilemap_ram:u_map_buffer|map_ram~10810                                                               ; LABCELL_X43_Y70_N24  ; 8       ; Clock enable               ; no     ; --                   ; --               ; --                        ;
; bg_engine:u_bg_engine|tilemap_ram:u_map_buffer|map_ram~10811                                                               ; LABCELL_X43_Y70_N42  ; 8       ; Clock enable               ; no     ; --                   ; --               ; --                        ;
; bg_engine:u_bg_engine|tilemap_ram:u_map_buffer|map_ram~10812                                                               ; LABCELL_X37_Y69_N3   ; 8       ; Clock enable               ; no     ; --                   ; --               ; --                        ;
; bg_engine:u_bg_engine|tilemap_ram:u_map_buffer|map_ram~10813                                                               ; LABCELL_X37_Y69_N9   ; 8       ; Clock enable               ; no     ; --                   ; --               ; --                        ;
; bg_engine:u_bg_engine|tilemap_ram:u_map_buffer|map_ram~10814                                                               ; LABCELL_X40_Y69_N27  ; 8       ; Clock enable               ; no     ; --                   ; --               ; --                        ;
; bg_engine:u_bg_engine|tilemap_ram:u_map_buffer|map_ram~10815                                                               ; LABCELL_X23_Y68_N33  ; 8       ; Clock enable               ; no     ; --                   ; --               ; --                        ;
; bg_engine:u_bg_engine|tilemap_ram:u_map_buffer|map_ram~10816                                                               ; LABCELL_X43_Y69_N15  ; 8       ; Clock enable               ; no     ; --                   ; --               ; --                        ;
; bg_engine:u_bg_engine|tilemap_ram:u_map_buffer|map_ram~10817                                                               ; LABCELL_X42_Y71_N42  ; 8       ; Clock enable               ; no     ; --                   ; --               ; --                        ;
; bg_engine:u_bg_engine|tilemap_ram:u_map_buffer|map_ram~10818                                                               ; LABCELL_X42_Y71_N33  ; 8       ; Clock enable               ; no     ; --                   ; --               ; --                        ;
; bg_engine:u_bg_engine|tilemap_ram:u_map_buffer|map_ram~10819                                                               ; LABCELL_X45_Y74_N48  ; 8       ; Clock enable               ; no     ; --                   ; --               ; --                        ;
; bg_engine:u_bg_engine|tilemap_ram:u_map_buffer|map_ram~10820                                                               ; LABCELL_X40_Y69_N24  ; 8       ; Clock enable               ; no     ; --                   ; --               ; --                        ;
; bg_engine:u_bg_engine|tilemap_ram:u_map_buffer|map_ram~10821                                                               ; LABCELL_X40_Y69_N30  ; 8       ; Clock enable               ; no     ; --                   ; --               ; --                        ;
; bg_engine:u_bg_engine|tilemap_ram:u_map_buffer|map_ram~10822                                                               ; LABCELL_X42_Y71_N30  ; 8       ; Clock enable               ; no     ; --                   ; --               ; --                        ;
; bg_engine:u_bg_engine|tilemap_ram:u_map_buffer|map_ram~10823                                                               ; LABCELL_X43_Y71_N12  ; 8       ; Clock enable               ; no     ; --                   ; --               ; --                        ;
; bg_engine:u_bg_engine|tilemap_ram:u_map_buffer|map_ram~10825                                                               ; LABCELL_X27_Y67_N12  ; 8       ; Clock enable               ; no     ; --                   ; --               ; --                        ;
; bg_engine:u_bg_engine|tilemap_ram:u_map_buffer|map_ram~10826                                                               ; LABCELL_X27_Y67_N15  ; 8       ; Clock enable               ; no     ; --                   ; --               ; --                        ;
; bg_engine:u_bg_engine|tilemap_ram:u_map_buffer|map_ram~10827                                                               ; LABCELL_X27_Y67_N51  ; 8       ; Clock enable               ; no     ; --                   ; --               ; --                        ;
; bg_engine:u_bg_engine|tilemap_ram:u_map_buffer|map_ram~10828                                                               ; LABCELL_X27_Y67_N57  ; 8       ; Clock enable               ; no     ; --                   ; --               ; --                        ;
; bg_engine:u_bg_engine|tilemap_ram:u_map_buffer|map_ram~10829                                                               ; LABCELL_X27_Y67_N54  ; 8       ; Clock enable               ; no     ; --                   ; --               ; --                        ;
; bg_engine:u_bg_engine|tilemap_ram:u_map_buffer|map_ram~10830                                                               ; MLABCELL_X21_Y69_N33 ; 8       ; Clock enable               ; no     ; --                   ; --               ; --                        ;
; bg_engine:u_bg_engine|tilemap_ram:u_map_buffer|map_ram~10831                                                               ; MLABCELL_X21_Y70_N12 ; 8       ; Clock enable               ; no     ; --                   ; --               ; --                        ;
; bg_engine:u_bg_engine|tilemap_ram:u_map_buffer|map_ram~10832                                                               ; MLABCELL_X21_Y70_N45 ; 8       ; Clock enable               ; no     ; --                   ; --               ; --                        ;
; bg_engine:u_bg_engine|tilemap_ram:u_map_buffer|map_ram~10834                                                               ; LABCELL_X23_Y69_N18  ; 8       ; Clock enable               ; no     ; --                   ; --               ; --                        ;
; bg_engine:u_bg_engine|tilemap_ram:u_map_buffer|map_ram~10835                                                               ; LABCELL_X23_Y69_N27  ; 8       ; Clock enable               ; no     ; --                   ; --               ; --                        ;
; bg_engine:u_bg_engine|tilemap_ram:u_map_buffer|map_ram~10836                                                               ; LABCELL_X24_Y68_N42  ; 8       ; Clock enable               ; no     ; --                   ; --               ; --                        ;
; bg_engine:u_bg_engine|tilemap_ram:u_map_buffer|map_ram~10837                                                               ; LABCELL_X24_Y71_N30  ; 8       ; Clock enable               ; no     ; --                   ; --               ; --                        ;
; bg_engine:u_bg_engine|tilemap_ram:u_map_buffer|map_ram~10838                                                               ; LABCELL_X24_Y70_N18  ; 8       ; Clock enable               ; no     ; --                   ; --               ; --                        ;
; bg_engine:u_bg_engine|tilemap_ram:u_map_buffer|map_ram~10839                                                               ; LABCELL_X24_Y70_N21  ; 8       ; Clock enable               ; no     ; --                   ; --               ; --                        ;
; bg_engine:u_bg_engine|tilemap_ram:u_map_buffer|map_ram~10840                                                               ; LABCELL_X24_Y67_N39  ; 8       ; Clock enable               ; no     ; --                   ; --               ; --                        ;
; bg_engine:u_bg_engine|tilemap_ram:u_map_buffer|map_ram~10841                                                               ; LABCELL_X24_Y67_N42  ; 8       ; Clock enable               ; no     ; --                   ; --               ; --                        ;
; bg_engine:u_bg_engine|tilemap_ram:u_map_buffer|map_ram~10843                                                               ; LABCELL_X30_Y68_N51  ; 8       ; Clock enable               ; no     ; --                   ; --               ; --                        ;
; bg_engine:u_bg_engine|tilemap_ram:u_map_buffer|map_ram~10844                                                               ; MLABCELL_X21_Y68_N51 ; 8       ; Clock enable               ; no     ; --                   ; --               ; --                        ;
; bg_engine:u_bg_engine|tilemap_ram:u_map_buffer|map_ram~10845                                                               ; LABCELL_X30_Y68_N48  ; 8       ; Clock enable               ; no     ; --                   ; --               ; --                        ;
; bg_engine:u_bg_engine|tilemap_ram:u_map_buffer|map_ram~10846                                                               ; LABCELL_X23_Y66_N21  ; 8       ; Clock enable               ; no     ; --                   ; --               ; --                        ;
; bg_engine:u_bg_engine|tilemap_ram:u_map_buffer|map_ram~10847                                                               ; LABCELL_X30_Y68_N42  ; 8       ; Clock enable               ; no     ; --                   ; --               ; --                        ;
; bg_engine:u_bg_engine|tilemap_ram:u_map_buffer|map_ram~10848                                                               ; LABCELL_X27_Y68_N24  ; 8       ; Clock enable               ; no     ; --                   ; --               ; --                        ;
; bg_engine:u_bg_engine|tilemap_ram:u_map_buffer|map_ram~10850                                                               ; LABCELL_X27_Y65_N54  ; 8       ; Clock enable               ; no     ; --                   ; --               ; --                        ;
; bg_engine:u_bg_engine|tilemap_ram:u_map_buffer|map_ram~10851                                                               ; LABCELL_X27_Y65_N57  ; 8       ; Clock enable               ; no     ; --                   ; --               ; --                        ;
; bg_engine:u_bg_engine|tilemap_ram:u_map_buffer|map_ram~10853                                                               ; LABCELL_X22_Y70_N0   ; 8       ; Clock enable               ; no     ; --                   ; --               ; --                        ;
; bg_engine:u_bg_engine|tilemap_ram:u_map_buffer|map_ram~10854                                                               ; LABCELL_X22_Y70_N3   ; 8       ; Clock enable               ; no     ; --                   ; --               ; --                        ;
; bg_engine:u_bg_engine|tilemap_ram:u_map_buffer|map_ram~10855                                                               ; LABCELL_X36_Y68_N54  ; 8       ; Clock enable               ; no     ; --                   ; --               ; --                        ;
; bg_engine:u_bg_engine|tilemap_ram:u_map_buffer|map_ram~10856                                                               ; LABCELL_X36_Y68_N30  ; 8       ; Clock enable               ; no     ; --                   ; --               ; --                        ;
; bg_engine:u_bg_engine|tilemap_ram:u_map_buffer|map_ram~10857                                                               ; LABCELL_X40_Y68_N9   ; 8       ; Clock enable               ; no     ; --                   ; --               ; --                        ;
; bg_engine:u_bg_engine|tilemap_ram:u_map_buffer|map_ram~10858                                                               ; LABCELL_X40_Y68_N6   ; 8       ; Clock enable               ; no     ; --                   ; --               ; --                        ;
; bg_engine:u_bg_engine|tilemap_ram:u_map_buffer|map_ram~10860                                                               ; LABCELL_X23_Y68_N27  ; 8       ; Clock enable               ; no     ; --                   ; --               ; --                        ;
; bg_engine:u_bg_engine|tilemap_ram:u_map_buffer|map_ram~10861                                                               ; LABCELL_X23_Y68_N21  ; 8       ; Clock enable               ; no     ; --                   ; --               ; --                        ;
; bg_engine:u_bg_engine|tilemap_ram:u_map_buffer|map_ram~10902                                                               ; LABCELL_X23_Y68_N51  ; 8       ; Clock enable               ; no     ; --                   ; --               ; --                        ;
; bg_engine:u_bg_engine|tilemap_ram:u_map_buffer|map_ram~10903                                                               ; LABCELL_X23_Y68_N42  ; 8       ; Clock enable               ; no     ; --                   ; --               ; --                        ;
; bg_engine:u_bg_engine|tilemap_ram:u_map_buffer|map_ram~10904                                                               ; LABCELL_X24_Y65_N12  ; 8       ; Clock enable               ; no     ; --                   ; --               ; --                        ;
; bg_engine:u_bg_engine|tilemap_ram:u_map_buffer|map_ram~10905                                                               ; LABCELL_X23_Y68_N45  ; 8       ; Clock enable               ; no     ; --                   ; --               ; --                        ;
; bg_engine:u_bg_engine|tilemap_ram:u_map_buffer|map_ram~10906                                                               ; LABCELL_X23_Y68_N48  ; 8       ; Clock enable               ; no     ; --                   ; --               ; --                        ;
; bg_engine:u_bg_engine|tilemap_ram:u_map_buffer|map_ram~10907                                                               ; MLABCELL_X21_Y67_N33 ; 8       ; Clock enable               ; no     ; --                   ; --               ; --                        ;
; bg_engine:u_bg_engine|tilemap_ram:u_map_buffer|map_ram~10908                                                               ; LABCELL_X23_Y68_N39  ; 8       ; Clock enable               ; no     ; --                   ; --               ; --                        ;
; bg_engine:u_bg_engine|tilemap_ram:u_map_buffer|map_ram~10909                                                               ; LABCELL_X23_Y68_N24  ; 8       ; Clock enable               ; no     ; --                   ; --               ; --                        ;
; bg_engine:u_bg_engine|tilemap_ram:u_map_buffer|map_ram~10910                                                               ; LABCELL_X29_Y67_N57  ; 8       ; Clock enable               ; no     ; --                   ; --               ; --                        ;
; bg_engine:u_bg_engine|tilemap_ram:u_map_buffer|map_ram~10911                                                               ; MLABCELL_X25_Y69_N15 ; 8       ; Clock enable               ; no     ; --                   ; --               ; --                        ;
; bg_engine:u_bg_engine|tilemap_ram:u_map_buffer|map_ram~10912                                                               ; MLABCELL_X28_Y67_N48 ; 8       ; Clock enable               ; no     ; --                   ; --               ; --                        ;
; bg_engine:u_bg_engine|tilemap_ram:u_map_buffer|map_ram~10913                                                               ; MLABCELL_X28_Y68_N9  ; 8       ; Clock enable               ; no     ; --                   ; --               ; --                        ;
; bg_engine:u_bg_engine|tilemap_ram:u_map_buffer|map_ram~10914                                                               ; MLABCELL_X25_Y69_N6  ; 8       ; Clock enable               ; no     ; --                   ; --               ; --                        ;
; bg_engine:u_bg_engine|tilemap_ram:u_map_buffer|map_ram~10915                                                               ; MLABCELL_X25_Y69_N48 ; 8       ; Clock enable               ; no     ; --                   ; --               ; --                        ;
; bg_engine:u_bg_engine|tilemap_ram:u_map_buffer|map_ram~10916                                                               ; LABCELL_X24_Y68_N15  ; 8       ; Clock enable               ; no     ; --                   ; --               ; --                        ;
; bg_engine:u_bg_engine|tilemap_ram:u_map_buffer|map_ram~10917                                                               ; LABCELL_X24_Y68_N12  ; 8       ; Clock enable               ; no     ; --                   ; --               ; --                        ;
; bg_engine:u_bg_engine|tilemap_ram:u_map_buffer|map_ram~11349                                                               ; LABCELL_X29_Y76_N21  ; 8       ; Clock enable               ; no     ; --                   ; --               ; --                        ;
; bg_engine:u_bg_engine|tilemap_ram:u_map_buffer|map_ram~11350                                                               ; LABCELL_X30_Y79_N6   ; 8       ; Clock enable               ; no     ; --                   ; --               ; --                        ;
; bg_engine:u_bg_engine|tilemap_ram:u_map_buffer|map_ram~11351                                                               ; MLABCELL_X28_Y79_N3  ; 8       ; Clock enable               ; no     ; --                   ; --               ; --                        ;
; bg_engine:u_bg_engine|tilemap_ram:u_map_buffer|map_ram~11352                                                               ; MLABCELL_X28_Y79_N21 ; 8       ; Clock enable               ; no     ; --                   ; --               ; --                        ;
; bg_engine:u_bg_engine|tilemap_ram:u_map_buffer|map_ram~11353                                                               ; LABCELL_X27_Y77_N3   ; 8       ; Clock enable               ; no     ; --                   ; --               ; --                        ;
; bg_engine:u_bg_engine|tilemap_ram:u_map_buffer|map_ram~11354                                                               ; LABCELL_X27_Y77_N30  ; 8       ; Clock enable               ; no     ; --                   ; --               ; --                        ;
; bg_engine:u_bg_engine|tilemap_ram:u_map_buffer|map_ram~11355                                                               ; MLABCELL_X28_Y79_N45 ; 8       ; Clock enable               ; no     ; --                   ; --               ; --                        ;
; bg_engine:u_bg_engine|tilemap_ram:u_map_buffer|map_ram~11356                                                               ; MLABCELL_X28_Y79_N42 ; 8       ; Clock enable               ; no     ; --                   ; --               ; --                        ;
; bg_engine:u_bg_engine|tilemap_ram:u_map_buffer|map_ram~11357                                                               ; LABCELL_X30_Y79_N12  ; 8       ; Clock enable               ; no     ; --                   ; --               ; --                        ;
; bg_engine:u_bg_engine|tilemap_ram:u_map_buffer|map_ram~11358                                                               ; LABCELL_X30_Y79_N9   ; 8       ; Clock enable               ; no     ; --                   ; --               ; --                        ;
; bg_engine:u_bg_engine|tilemap_ram:u_map_buffer|map_ram~11359                                                               ; LABCELL_X29_Y76_N42  ; 8       ; Clock enable               ; no     ; --                   ; --               ; --                        ;
; bg_engine:u_bg_engine|tilemap_ram:u_map_buffer|map_ram~11360                                                               ; LABCELL_X24_Y74_N0   ; 8       ; Clock enable               ; no     ; --                   ; --               ; --                        ;
; bg_engine:u_bg_engine|tilemap_ram:u_map_buffer|map_ram~11361                                                               ; LABCELL_X27_Y77_N0   ; 8       ; Clock enable               ; no     ; --                   ; --               ; --                        ;
; bg_engine:u_bg_engine|tilemap_ram:u_map_buffer|map_ram~11362                                                               ; LABCELL_X31_Y78_N15  ; 8       ; Clock enable               ; no     ; --                   ; --               ; --                        ;
; bg_engine:u_bg_engine|tilemap_ram:u_map_buffer|map_ram~11363                                                               ; LABCELL_X27_Y77_N36  ; 8       ; Clock enable               ; no     ; --                   ; --               ; --                        ;
; bg_engine:u_bg_engine|tilemap_ram:u_map_buffer|map_ram~11364                                                               ; LABCELL_X27_Y77_N39  ; 8       ; Clock enable               ; no     ; --                   ; --               ; --                        ;
; bg_engine:u_bg_engine|tilemap_ram:u_map_buffer|map_ram~11366                                                               ; LABCELL_X36_Y78_N54  ; 8       ; Clock enable               ; no     ; --                   ; --               ; --                        ;
; bg_engine:u_bg_engine|tilemap_ram:u_map_buffer|map_ram~11367                                                               ; LABCELL_X36_Y78_N57  ; 8       ; Clock enable               ; no     ; --                   ; --               ; --                        ;
; bg_engine:u_bg_engine|tilemap_ram:u_map_buffer|map_ram~11369                                                               ; LABCELL_X27_Y77_N33  ; 8       ; Clock enable               ; no     ; --                   ; --               ; --                        ;
; bg_engine:u_bg_engine|tilemap_ram:u_map_buffer|map_ram~11370                                                               ; LABCELL_X27_Y77_N42  ; 8       ; Clock enable               ; no     ; --                   ; --               ; --                        ;
; bg_engine:u_bg_engine|tilemap_ram:u_map_buffer|map_ram~11372                                                               ; LABCELL_X46_Y74_N54  ; 8       ; Clock enable               ; no     ; --                   ; --               ; --                        ;
; bg_engine:u_bg_engine|tilemap_ram:u_map_buffer|map_ram~11373                                                               ; LABCELL_X46_Y74_N48  ; 8       ; Clock enable               ; no     ; --                   ; --               ; --                        ;
; bg_engine:u_bg_engine|tilemap_ram:u_map_buffer|map_ram~11374                                                               ; LABCELL_X46_Y74_N27  ; 8       ; Clock enable               ; no     ; --                   ; --               ; --                        ;
; bg_engine:u_bg_engine|tilemap_ram:u_map_buffer|map_ram~11375                                                               ; LABCELL_X46_Y74_N30  ; 8       ; Clock enable               ; no     ; --                   ; --               ; --                        ;
; bg_engine:u_bg_engine|tilemap_ram:u_map_buffer|map_ram~11376                                                               ; LABCELL_X36_Y76_N24  ; 8       ; Clock enable               ; no     ; --                   ; --               ; --                        ;
; bg_engine:u_bg_engine|tilemap_ram:u_map_buffer|map_ram~11377                                                               ; LABCELL_X36_Y77_N24  ; 8       ; Clock enable               ; no     ; --                   ; --               ; --                        ;
; bg_engine:u_bg_engine|tilemap_ram:u_map_buffer|map_ram~11378                                                               ; LABCELL_X30_Y75_N42  ; 8       ; Clock enable               ; no     ; --                   ; --               ; --                        ;
; bg_engine:u_bg_engine|tilemap_ram:u_map_buffer|map_ram~11379                                                               ; LABCELL_X30_Y75_N45  ; 8       ; Clock enable               ; no     ; --                   ; --               ; --                        ;
; bg_engine:u_bg_engine|tilemap_ram:u_map_buffer|map_ram~11380                                                               ; LABCELL_X36_Y78_N51  ; 8       ; Clock enable               ; no     ; --                   ; --               ; --                        ;
; bg_engine:u_bg_engine|tilemap_ram:u_map_buffer|map_ram~11381                                                               ; LABCELL_X36_Y78_N30  ; 8       ; Clock enable               ; no     ; --                   ; --               ; --                        ;
; bg_engine:u_bg_engine|tilemap_ram:u_map_buffer|map_ram~11382                                                               ; LABCELL_X27_Y77_N45  ; 8       ; Clock enable               ; no     ; --                   ; --               ; --                        ;
; bg_engine:u_bg_engine|tilemap_ram:u_map_buffer|map_ram~11383                                                               ; LABCELL_X27_Y77_N24  ; 8       ; Clock enable               ; no     ; --                   ; --               ; --                        ;
; bg_engine:u_bg_engine|tilemap_ram:u_map_buffer|map_ram~11384                                                               ; LABCELL_X24_Y75_N0   ; 8       ; Clock enable               ; no     ; --                   ; --               ; --                        ;
; bg_engine:u_bg_engine|tilemap_ram:u_map_buffer|map_ram~11385                                                               ; LABCELL_X24_Y75_N45  ; 8       ; Clock enable               ; no     ; --                   ; --               ; --                        ;
; bg_engine:u_bg_engine|tilemap_ram:u_map_buffer|map_ram~11386                                                               ; LABCELL_X24_Y75_N42  ; 8       ; Clock enable               ; no     ; --                   ; --               ; --                        ;
; bg_engine:u_bg_engine|tilemap_ram:u_map_buffer|map_ram~11387                                                               ; LABCELL_X24_Y75_N48  ; 8       ; Clock enable               ; no     ; --                   ; --               ; --                        ;
; bg_engine:u_bg_engine|tilemap_ram:u_map_buffer|map_ram~11388                                                               ; LABCELL_X35_Y79_N54  ; 8       ; Clock enable               ; no     ; --                   ; --               ; --                        ;
; bg_engine:u_bg_engine|tilemap_ram:u_map_buffer|map_ram~11389                                                               ; LABCELL_X35_Y79_N51  ; 8       ; Clock enable               ; no     ; --                   ; --               ; --                        ;
; bg_engine:u_bg_engine|tilemap_ram:u_map_buffer|map_ram~11390                                                               ; LABCELL_X19_Y73_N33  ; 8       ; Clock enable               ; no     ; --                   ; --               ; --                        ;
; bg_engine:u_bg_engine|tilemap_ram:u_map_buffer|map_ram~11391                                                               ; LABCELL_X19_Y73_N12  ; 8       ; Clock enable               ; no     ; --                   ; --               ; --                        ;
; bg_engine:u_bg_engine|tilemap_ram:u_map_buffer|map_ram~11392                                                               ; LABCELL_X37_Y76_N45  ; 8       ; Clock enable               ; no     ; --                   ; --               ; --                        ;
; bg_engine:u_bg_engine|tilemap_ram:u_map_buffer|map_ram~11393                                                               ; LABCELL_X24_Y75_N12  ; 8       ; Clock enable               ; no     ; --                   ; --               ; --                        ;
; bg_engine:u_bg_engine|tilemap_ram:u_map_buffer|map_ram~11394                                                               ; LABCELL_X36_Y68_N42  ; 8       ; Clock enable               ; no     ; --                   ; --               ; --                        ;
; bg_engine:u_bg_engine|tilemap_ram:u_map_buffer|map_ram~11395                                                               ; LABCELL_X36_Y79_N24  ; 8       ; Clock enable               ; no     ; --                   ; --               ; --                        ;
; bg_engine:u_bg_engine|tilemap_ram:u_map_buffer|map_ram~11396                                                               ; LABCELL_X29_Y79_N51  ; 8       ; Clock enable               ; no     ; --                   ; --               ; --                        ;
; bg_engine:u_bg_engine|tilemap_ram:u_map_buffer|map_ram~11397                                                               ; LABCELL_X29_Y79_N9   ; 8       ; Clock enable               ; no     ; --                   ; --               ; --                        ;
; bg_engine:u_bg_engine|tilemap_ram:u_map_buffer|map_ram~11398                                                               ; MLABCELL_X28_Y79_N30 ; 8       ; Clock enable               ; no     ; --                   ; --               ; --                        ;
; bg_engine:u_bg_engine|tilemap_ram:u_map_buffer|map_ram~11399                                                               ; LABCELL_X36_Y78_N12  ; 8       ; Clock enable               ; no     ; --                   ; --               ; --                        ;
; bg_engine:u_bg_engine|tilemap_ram:u_map_buffer|map_ram~11401                                                               ; LABCELL_X37_Y79_N54  ; 8       ; Clock enable               ; no     ; --                   ; --               ; --                        ;
; bg_engine:u_bg_engine|tilemap_ram:u_map_buffer|map_ram~11402                                                               ; LABCELL_X29_Y75_N27  ; 8       ; Clock enable               ; no     ; --                   ; --               ; --                        ;
; bg_engine:u_bg_engine|tilemap_ram:u_map_buffer|map_ram~11403                                                               ; LABCELL_X43_Y77_N54  ; 8       ; Clock enable               ; no     ; --                   ; --               ; --                        ;
; bg_engine:u_bg_engine|tilemap_ram:u_map_buffer|map_ram~11405                                                               ; LABCELL_X37_Y79_N3   ; 8       ; Clock enable               ; no     ; --                   ; --               ; --                        ;
; bg_engine:u_bg_engine|tilemap_ram:u_map_buffer|map_ram~11406                                                               ; MLABCELL_X34_Y79_N3  ; 8       ; Clock enable               ; no     ; --                   ; --               ; --                        ;
; bg_engine:u_bg_engine|tilemap_ram:u_map_buffer|map_ram~11407                                                               ; LABCELL_X37_Y79_N21  ; 8       ; Clock enable               ; no     ; --                   ; --               ; --                        ;
; bg_engine:u_bg_engine|tilemap_ram:u_map_buffer|map_ram~11408                                                               ; LABCELL_X37_Y79_N12  ; 8       ; Clock enable               ; no     ; --                   ; --               ; --                        ;
; bg_engine:u_bg_engine|tilemap_ram:u_map_buffer|map_ram~11409                                                               ; LABCELL_X37_Y79_N15  ; 8       ; Clock enable               ; no     ; --                   ; --               ; --                        ;
; bg_engine:u_bg_engine|tilemap_ram:u_map_buffer|map_ram~11410                                                               ; LABCELL_X37_Y79_N18  ; 8       ; Clock enable               ; no     ; --                   ; --               ; --                        ;
; bg_engine:u_bg_engine|tilemap_ram:u_map_buffer|map_ram~11411                                                               ; LABCELL_X29_Y75_N24  ; 8       ; Clock enable               ; no     ; --                   ; --               ; --                        ;
; bg_engine:u_bg_engine|tilemap_ram:u_map_buffer|map_ram~11412                                                               ; LABCELL_X37_Y79_N0   ; 8       ; Clock enable               ; no     ; --                   ; --               ; --                        ;
; bg_engine:u_bg_engine|tilemap_ram:u_map_buffer|map_ram~11413                                                               ; LABCELL_X37_Y79_N33  ; 8       ; Clock enable               ; no     ; --                   ; --               ; --                        ;
; bg_engine:u_bg_engine|tilemap_ram:u_map_buffer|map_ram~11414                                                               ; LABCELL_X29_Y75_N42  ; 8       ; Clock enable               ; no     ; --                   ; --               ; --                        ;
; bg_engine:u_bg_engine|tilemap_ram:u_map_buffer|map_ram~11415                                                               ; LABCELL_X29_Y75_N36  ; 8       ; Clock enable               ; no     ; --                   ; --               ; --                        ;
; bg_engine:u_bg_engine|tilemap_ram:u_map_buffer|map_ram~11416                                                               ; LABCELL_X29_Y75_N45  ; 8       ; Clock enable               ; no     ; --                   ; --               ; --                        ;
; bg_engine:u_bg_engine|tilemap_ram:u_map_buffer|map_ram~11417                                                               ; LABCELL_X37_Y79_N39  ; 8       ; Clock enable               ; no     ; --                   ; --               ; --                        ;
; bg_engine:u_bg_engine|tilemap_ram:u_map_buffer|map_ram~11419                                                               ; MLABCELL_X34_Y79_N42 ; 8       ; Clock enable               ; no     ; --                   ; --               ; --                        ;
; bg_engine:u_bg_engine|tilemap_ram:u_map_buffer|map_ram~11420                                                               ; LABCELL_X33_Y79_N57  ; 8       ; Clock enable               ; no     ; --                   ; --               ; --                        ;
; bg_engine:u_bg_engine|tilemap_ram:u_map_buffer|map_ram~11422                                                               ; LABCELL_X40_Y77_N27  ; 8       ; Clock enable               ; no     ; --                   ; --               ; --                        ;
; bg_engine:u_bg_engine|tilemap_ram:u_map_buffer|map_ram~11423                                                               ; LABCELL_X40_Y77_N24  ; 8       ; Clock enable               ; no     ; --                   ; --               ; --                        ;
; bg_engine:u_bg_engine|tilemap_ram:u_map_buffer|map_ram~11425                                                               ; MLABCELL_X28_Y79_N36 ; 8       ; Clock enable               ; no     ; --                   ; --               ; --                        ;
; bg_engine:u_bg_engine|tilemap_ram:u_map_buffer|map_ram~11426                                                               ; MLABCELL_X28_Y79_N39 ; 8       ; Clock enable               ; no     ; --                   ; --               ; --                        ;
; bg_engine:u_bg_engine|tilemap_ram:u_map_buffer|map_ram~11428                                                               ; LABCELL_X27_Y77_N12  ; 8       ; Clock enable               ; no     ; --                   ; --               ; --                        ;
; bg_engine:u_bg_engine|tilemap_ram:u_map_buffer|map_ram~11429                                                               ; LABCELL_X27_Y77_N15  ; 8       ; Clock enable               ; no     ; --                   ; --               ; --                        ;
; bg_engine:u_bg_engine|tilemap_ram:u_map_buffer|map_ram~11430                                                               ; MLABCELL_X34_Y79_N36 ; 8       ; Clock enable               ; no     ; --                   ; --               ; --                        ;
; bg_engine:u_bg_engine|tilemap_ram:u_map_buffer|map_ram~11431                                                               ; MLABCELL_X34_Y79_N39 ; 8       ; Clock enable               ; no     ; --                   ; --               ; --                        ;
; bg_engine:u_bg_engine|tilemap_ram:u_map_buffer|map_ram~11432                                                               ; MLABCELL_X34_Y79_N33 ; 8       ; Clock enable               ; no     ; --                   ; --               ; --                        ;
; bg_engine:u_bg_engine|tilemap_ram:u_map_buffer|map_ram~11433                                                               ; MLABCELL_X34_Y79_N30 ; 8       ; Clock enable               ; no     ; --                   ; --               ; --                        ;
; bg_engine:u_bg_engine|tilemap_ram:u_map_buffer|map_ram~11434                                                               ; LABCELL_X27_Y77_N6   ; 8       ; Clock enable               ; no     ; --                   ; --               ; --                        ;
; bg_engine:u_bg_engine|tilemap_ram:u_map_buffer|map_ram~11435                                                               ; LABCELL_X27_Y77_N9   ; 8       ; Clock enable               ; no     ; --                   ; --               ; --                        ;
; bg_engine:u_bg_engine|tilemap_ram:u_map_buffer|map_ram~11436                                                               ; LABCELL_X29_Y77_N36  ; 8       ; Clock enable               ; no     ; --                   ; --               ; --                        ;
; bg_engine:u_bg_engine|tilemap_ram:u_map_buffer|map_ram~11437                                                               ; LABCELL_X29_Y77_N39  ; 8       ; Clock enable               ; no     ; --                   ; --               ; --                        ;
; bg_engine:u_bg_engine|tilemap_ram:u_map_buffer|map_ram~11439                                                               ; LABCELL_X27_Y75_N0   ; 8       ; Clock enable               ; no     ; --                   ; --               ; --                        ;
; bg_engine:u_bg_engine|tilemap_ram:u_map_buffer|map_ram~11440                                                               ; MLABCELL_X28_Y75_N45 ; 8       ; Clock enable               ; no     ; --                   ; --               ; --                        ;
; bg_engine:u_bg_engine|tilemap_ram:u_map_buffer|map_ram~11441                                                               ; LABCELL_X27_Y73_N42  ; 8       ; Clock enable               ; no     ; --                   ; --               ; --                        ;
; bg_engine:u_bg_engine|tilemap_ram:u_map_buffer|map_ram~11442                                                               ; LABCELL_X27_Y73_N45  ; 8       ; Clock enable               ; no     ; --                   ; --               ; --                        ;
; bg_engine:u_bg_engine|tilemap_ram:u_map_buffer|map_ram~11443                                                               ; MLABCELL_X28_Y75_N42 ; 8       ; Clock enable               ; no     ; --                   ; --               ; --                        ;
; bg_engine:u_bg_engine|tilemap_ram:u_map_buffer|map_ram~11444                                                               ; LABCELL_X27_Y75_N57  ; 8       ; Clock enable               ; no     ; --                   ; --               ; --                        ;
; bg_engine:u_bg_engine|tilemap_ram:u_map_buffer|map_ram~11446                                                               ; MLABCELL_X39_Y77_N57 ; 8       ; Clock enable               ; no     ; --                   ; --               ; --                        ;
; bg_engine:u_bg_engine|tilemap_ram:u_map_buffer|map_ram~11447                                                               ; LABCELL_X29_Y78_N9   ; 8       ; Clock enable               ; no     ; --                   ; --               ; --                        ;
; bg_engine:u_bg_engine|tilemap_ram:u_map_buffer|map_ram~11449                                                               ; LABCELL_X27_Y76_N33  ; 8       ; Clock enable               ; no     ; --                   ; --               ; --                        ;
; bg_engine:u_bg_engine|tilemap_ram:u_map_buffer|map_ram~11450                                                               ; LABCELL_X27_Y76_N9   ; 8       ; Clock enable               ; no     ; --                   ; --               ; --                        ;
; bg_engine:u_bg_engine|tilemap_ram:u_map_buffer|map_ram~11451                                                               ; MLABCELL_X28_Y72_N12 ; 8       ; Clock enable               ; no     ; --                   ; --               ; --                        ;
; bg_engine:u_bg_engine|tilemap_ram:u_map_buffer|map_ram~11452                                                               ; MLABCELL_X28_Y72_N33 ; 8       ; Clock enable               ; no     ; --                   ; --               ; --                        ;
; bg_engine:u_bg_engine|tilemap_ram:u_map_buffer|map_ram~11453                                                               ; LABCELL_X27_Y76_N21  ; 8       ; Clock enable               ; no     ; --                   ; --               ; --                        ;
; bg_engine:u_bg_engine|tilemap_ram:u_map_buffer|map_ram~11454                                                               ; LABCELL_X27_Y76_N30  ; 8       ; Clock enable               ; no     ; --                   ; --               ; --                        ;
; bg_engine:u_bg_engine|tilemap_ram:u_map_buffer|map_ram~11456                                                               ; LABCELL_X24_Y77_N48  ; 8       ; Clock enable               ; no     ; --                   ; --               ; --                        ;
; bg_engine:u_bg_engine|tilemap_ram:u_map_buffer|map_ram~11457                                                               ; MLABCELL_X25_Y77_N30 ; 8       ; Clock enable               ; no     ; --                   ; --               ; --                        ;
; bg_engine:u_bg_engine|tilemap_ram:u_map_buffer|map_ram~11466                                                               ; LABCELL_X36_Y75_N30  ; 8       ; Clock enable               ; no     ; --                   ; --               ; --                        ;
; bg_engine:u_bg_engine|tilemap_ram:u_map_buffer|map_ram~11467                                                               ; LABCELL_X36_Y75_N9   ; 8       ; Clock enable               ; no     ; --                   ; --               ; --                        ;
; bg_engine:u_bg_engine|tilemap_ram:u_map_buffer|map_ram~11468                                                               ; LABCELL_X37_Y76_N6   ; 8       ; Clock enable               ; no     ; --                   ; --               ; --                        ;
; bg_engine:u_bg_engine|tilemap_ram:u_map_buffer|map_ram~11469                                                               ; LABCELL_X37_Y76_N54  ; 8       ; Clock enable               ; no     ; --                   ; --               ; --                        ;
; bg_engine:u_bg_engine|tilemap_ram:u_map_buffer|map_ram~11470                                                               ; LABCELL_X40_Y75_N6   ; 8       ; Clock enable               ; no     ; --                   ; --               ; --                        ;
; bg_engine:u_bg_engine|tilemap_ram:u_map_buffer|map_ram~11471                                                               ; MLABCELL_X39_Y75_N12 ; 8       ; Clock enable               ; no     ; --                   ; --               ; --                        ;
; bg_engine:u_bg_engine|tilemap_ram:u_map_buffer|map_ram~11472                                                               ; MLABCELL_X39_Y76_N57 ; 8       ; Clock enable               ; no     ; --                   ; --               ; --                        ;
; bg_engine:u_bg_engine|tilemap_ram:u_map_buffer|map_ram~11473                                                               ; LABCELL_X42_Y76_N42  ; 8       ; Clock enable               ; no     ; --                   ; --               ; --                        ;
; bg_engine:u_bg_engine|tilemap_ram:u_map_buffer|map_ram~11474                                                               ; LABCELL_X40_Y76_N12  ; 8       ; Clock enable               ; no     ; --                   ; --               ; --                        ;
; bg_engine:u_bg_engine|tilemap_ram:u_map_buffer|map_ram~11475                                                               ; LABCELL_X37_Y76_N57  ; 8       ; Clock enable               ; no     ; --                   ; --               ; --                        ;
; bg_engine:u_bg_engine|tilemap_ram:u_map_buffer|map_ram~11476                                                               ; LABCELL_X40_Y76_N51  ; 8       ; Clock enable               ; no     ; --                   ; --               ; --                        ;
; bg_engine:u_bg_engine|tilemap_ram:u_map_buffer|map_ram~11477                                                               ; LABCELL_X40_Y76_N42  ; 8       ; Clock enable               ; no     ; --                   ; --               ; --                        ;
; bg_engine:u_bg_engine|tilemap_ram:u_map_buffer|map_ram~11478                                                               ; LABCELL_X40_Y77_N9   ; 8       ; Clock enable               ; no     ; --                   ; --               ; --                        ;
; bg_engine:u_bg_engine|tilemap_ram:u_map_buffer|map_ram~11479                                                               ; LABCELL_X40_Y75_N57  ; 8       ; Clock enable               ; no     ; --                   ; --               ; --                        ;
; bg_engine:u_bg_engine|tilemap_ram:u_map_buffer|map_ram~11480                                                               ; LABCELL_X37_Y76_N21  ; 8       ; Clock enable               ; no     ; --                   ; --               ; --                        ;
; bg_engine:u_bg_engine|tilemap_ram:u_map_buffer|map_ram~11481                                                               ; LABCELL_X42_Y76_N12  ; 8       ; Clock enable               ; no     ; --                   ; --               ; --                        ;
; bg_engine:u_bg_engine|tilemap_ram:u_map_buffer|map_ram~11686                                                               ; LABCELL_X42_Y74_N45  ; 8       ; Clock enable               ; no     ; --                   ; --               ; --                        ;
; bg_engine:u_bg_engine|tilemap_ram:u_map_buffer|map_ram~11687                                                               ; LABCELL_X42_Y74_N0   ; 8       ; Clock enable               ; no     ; --                   ; --               ; --                        ;
; bg_engine:u_bg_engine|tilemap_ram:u_map_buffer|map_ram~11688                                                               ; MLABCELL_X39_Y77_N21 ; 8       ; Clock enable               ; no     ; --                   ; --               ; --                        ;
; bg_engine:u_bg_engine|tilemap_ram:u_map_buffer|map_ram~11689                                                               ; LABCELL_X29_Y79_N45  ; 8       ; Clock enable               ; no     ; --                   ; --               ; --                        ;
; bg_engine:u_bg_engine|tilemap_ram:u_map_buffer|map_ram~11690                                                               ; MLABCELL_X34_Y79_N0  ; 8       ; Clock enable               ; no     ; --                   ; --               ; --                        ;
; bg_engine:u_bg_engine|tilemap_ram:u_map_buffer|map_ram~11691                                                               ; LABCELL_X40_Y77_N15  ; 8       ; Clock enable               ; no     ; --                   ; --               ; --                        ;
; bg_engine:u_bg_engine|tilemap_ram:u_map_buffer|map_ram~11697                                                               ; LABCELL_X37_Y77_N3   ; 8       ; Clock enable               ; no     ; --                   ; --               ; --                        ;
; bg_engine:u_bg_engine|tilemap_ram:u_map_buffer|map_ram~11698                                                               ; LABCELL_X42_Y75_N0   ; 8       ; Clock enable               ; no     ; --                   ; --               ; --                        ;
; bg_engine:u_bg_engine|tilemap_ram:u_map_buffer|map_ram~11775                                                               ; MLABCELL_X39_Y74_N42 ; 8       ; Clock enable               ; no     ; --                   ; --               ; --                        ;
; bg_engine:u_bg_engine|tilemap_ram:u_map_buffer|map_ram~11776                                                               ; MLABCELL_X39_Y74_N12 ; 8       ; Clock enable               ; no     ; --                   ; --               ; --                        ;
; bg_engine:u_bg_engine|tilemap_ram:u_map_buffer|map_ram~11777                                                               ; LABCELL_X42_Y75_N15  ; 8       ; Clock enable               ; no     ; --                   ; --               ; --                        ;
; bg_engine:u_bg_engine|tilemap_ram:u_map_buffer|map_ram~11778                                                               ; LABCELL_X42_Y75_N6   ; 8       ; Clock enable               ; no     ; --                   ; --               ; --                        ;
; bg_engine:u_bg_engine|tilemap_ram:u_map_buffer|map_ram~11779                                                               ; LABCELL_X42_Y74_N24  ; 8       ; Clock enable               ; no     ; --                   ; --               ; --                        ;
; bg_engine:u_bg_engine|tilemap_ram:u_map_buffer|map_ram~11780                                                               ; LABCELL_X42_Y74_N54  ; 8       ; Clock enable               ; no     ; --                   ; --               ; --                        ;
; bg_engine:u_bg_engine|tilemap_ram:u_map_buffer|map_ram~11781                                                               ; LABCELL_X42_Y75_N33  ; 8       ; Clock enable               ; no     ; --                   ; --               ; --                        ;
; bg_engine:u_bg_engine|tilemap_ram:u_map_buffer|map_ram~11782                                                               ; LABCELL_X42_Y75_N51  ; 8       ; Clock enable               ; no     ; --                   ; --               ; --                        ;
; bg_engine:u_bg_engine|tilemap_ram:u_map_buffer|map_ram~9913                                                                ; LABCELL_X27_Y66_N27  ; 8       ; Clock enable               ; no     ; --                   ; --               ; --                        ;
; bg_engine:u_bg_engine|tilemap_ram:u_map_buffer|map_ram~9917                                                                ; LABCELL_X27_Y66_N39  ; 8       ; Clock enable               ; no     ; --                   ; --               ; --                        ;
; bg_engine:u_bg_engine|tilemap_ram:u_map_buffer|map_ram~9918                                                                ; LABCELL_X27_Y66_N33  ; 8       ; Clock enable               ; no     ; --                   ; --               ; --                        ;
; bg_engine:u_bg_engine|tilemap_ram:u_map_buffer|map_ram~9920                                                                ; LABCELL_X27_Y66_N57  ; 8       ; Clock enable               ; no     ; --                   ; --               ; --                        ;
; bg_engine:u_bg_engine|tilemap_ram:u_map_buffer|map_ram~9921                                                                ; LABCELL_X27_Y66_N0   ; 8       ; Clock enable               ; no     ; --                   ; --               ; --                        ;
; bg_engine:u_bg_engine|tilemap_ram:u_map_buffer|map_ram~9923                                                                ; LABCELL_X27_Y66_N21  ; 8       ; Clock enable               ; no     ; --                   ; --               ; --                        ;
; bg_engine:u_bg_engine|tilemap_ram:u_map_buffer|map_ram~9924                                                                ; LABCELL_X27_Y66_N18  ; 8       ; Clock enable               ; no     ; --                   ; --               ; --                        ;
; bg_engine:u_bg_engine|tilemap_ram:u_map_buffer|map_ram~9926                                                                ; LABCELL_X27_Y66_N54  ; 8       ; Clock enable               ; no     ; --                   ; --               ; --                        ;
; bg_engine:u_bg_engine|tilemap_ram:u_map_buffer|map_ram~9928                                                                ; MLABCELL_X28_Y66_N30 ; 8       ; Clock enable               ; no     ; --                   ; --               ; --                        ;
; bg_engine:u_bg_engine|tilemap_ram:u_map_buffer|map_ram~9930                                                                ; LABCELL_X33_Y66_N15  ; 8       ; Clock enable               ; no     ; --                   ; --               ; --                        ;
; bg_engine:u_bg_engine|tilemap_ram:u_map_buffer|map_ram~9932                                                                ; MLABCELL_X28_Y66_N27 ; 8       ; Clock enable               ; no     ; --                   ; --               ; --                        ;
; bg_engine:u_bg_engine|tilemap_ram:u_map_buffer|map_ram~9933                                                                ; MLABCELL_X25_Y66_N21 ; 8       ; Clock enable               ; no     ; --                   ; --               ; --                        ;
; bg_engine:u_bg_engine|tilemap_ram:u_map_buffer|rd_tile_id[7]                                                               ; FF_X34_Y74_N8        ; 17      ; Clock enable               ; no     ; --                   ; --               ; --                        ;
; board_input_controller:u_input_ctrl|Equal0~3                                                                               ; LABCELL_X42_Y65_N48  ; 60      ; Clock enable, Sync. clear  ; no     ; --                   ; --               ; --                        ;
; board_input_controller:u_input_ctrl|LessThan0~1                                                                            ; MLABCELL_X39_Y63_N24 ; 10      ; Sync. clear                ; no     ; --                   ; --               ; --                        ;
; board_input_controller:u_input_ctrl|Selector45~0                                                                           ; MLABCELL_X39_Y63_N9  ; 6       ; Clock enable               ; no     ; --                   ; --               ; --                        ;
; board_input_controller:u_input_ctrl|Selector6~0                                                                            ; LABCELL_X43_Y63_N6   ; 5       ; Clock enable               ; no     ; --                   ; --               ; --                        ;
; board_input_controller:u_input_ctrl|always3~0                                                                              ; LABCELL_X43_Y62_N21  ; 9       ; Sync. load                 ; no     ; --                   ; --               ; --                        ;
; board_input_controller:u_input_ctrl|shape_timer[7]~0                                                                       ; LABCELL_X43_Y62_N15  ; 8       ; Clock enable               ; no     ; --                   ; --               ; --                        ;
; board_input_controller:u_input_ctrl|velocity_y[0]~1                                                                        ; LABCELL_X42_Y65_N21  ; 12      ; Sync. clear                ; no     ; --                   ; --               ; --                        ;
; board_input_controller:u_input_ctrl|velocity_y[7]~3                                                                        ; LABCELL_X42_Y65_N0   ; 12      ; Clock enable               ; no     ; --                   ; --               ; --                        ;
; clk_25m                                                                                                                    ; FF_X40_Y67_N32       ; 110     ; Clock                      ; no     ; --                   ; --               ; --                        ;
; cmd_decoder:u_cmd_decoder|pal_we                                                                                           ; FF_X36_Y63_N40       ; 1       ; Clock enable, Write enable ; no     ; --                   ; --               ; --                        ;
; cmd_decoder:u_cmd_decoder|pal_we~0                                                                                         ; LABCELL_X36_Y63_N21  ; 20      ; Clock enable               ; no     ; --                   ; --               ; --                        ;
; cmd_decoder:u_cmd_decoder|rast_x0[8]~0                                                                                     ; LABCELL_X36_Y63_N24  ; 27      ; Clock enable               ; no     ; --                   ; --               ; --                        ;
; cmd_decoder:u_cmd_decoder|rast_x1[8]~1                                                                                     ; LABCELL_X36_Y63_N18  ; 26      ; Clock enable               ; no     ; --                   ; --               ; --                        ;
; cmd_decoder:u_cmd_decoder|rast_x2[8]~0                                                                                     ; LABCELL_X36_Y63_N57  ; 25      ; Clock enable               ; no     ; --                   ; --               ; --                        ;
; cmd_decoder:u_cmd_decoder|sat_data[0]~0                                                                                    ; LABCELL_X36_Y63_N30  ; 10      ; Clock enable               ; no     ; --                   ; --               ; --                        ;
; cmd_decoder:u_cmd_decoder|sat_we                                                                                           ; FF_X36_Y63_N5        ; 12      ; Clock enable               ; no     ; --                   ; --               ; --                        ;
; cmd_decoder:u_cmd_decoder|scroll_x[8]~1                                                                                    ; LABCELL_X36_Y63_N33  ; 17      ; Clock enable               ; no     ; --                   ; --               ; --                        ;
; cmd_decoder:u_cmd_decoder|tm_tile_id[0]~0                                                                                  ; LABCELL_X36_Y63_N36  ; 17      ; Clock enable               ; no     ; --                   ; --               ; --                        ;
; polygon_buffer:u_poly_buffer|altsyncram:ram_rtl_0|altsyncram_ldl1:auto_generated|decode_g2a:rden_decode_b|w_anode1000w[3]  ; LABCELL_X36_Y67_N48  ; 8       ; Clock enable               ; no     ; --                   ; --               ; --                        ;
; polygon_buffer:u_poly_buffer|altsyncram:ram_rtl_0|altsyncram_ldl1:auto_generated|decode_g2a:rden_decode_b|w_anode1011w[3]  ; LABCELL_X35_Y68_N21  ; 4       ; Clock enable               ; no     ; --                   ; --               ; --                        ;
; polygon_buffer:u_poly_buffer|altsyncram:ram_rtl_0|altsyncram_ldl1:auto_generated|decode_g2a:rden_decode_b|w_anode913w[3]   ; LABCELL_X35_Y71_N45  ; 8       ; Clock enable               ; no     ; --                   ; --               ; --                        ;
; polygon_buffer:u_poly_buffer|altsyncram:ram_rtl_0|altsyncram_ldl1:auto_generated|decode_g2a:rden_decode_b|w_anode930w[3]~0 ; LABCELL_X36_Y71_N51  ; 8       ; Clock enable               ; no     ; --                   ; --               ; --                        ;
; polygon_buffer:u_poly_buffer|altsyncram:ram_rtl_0|altsyncram_ldl1:auto_generated|decode_g2a:rden_decode_b|w_anode940w[3]~0 ; LABCELL_X35_Y71_N39  ; 8       ; Clock enable               ; no     ; --                   ; --               ; --                        ;
; polygon_buffer:u_poly_buffer|altsyncram:ram_rtl_0|altsyncram_ldl1:auto_generated|decode_g2a:rden_decode_b|w_anode950w[3]~0 ; LABCELL_X35_Y71_N36  ; 8       ; Clock enable               ; no     ; --                   ; --               ; --                        ;
; polygon_buffer:u_poly_buffer|altsyncram:ram_rtl_0|altsyncram_ldl1:auto_generated|decode_g2a:rden_decode_b|w_anode960w[3]~0 ; LABCELL_X35_Y71_N48  ; 8       ; Clock enable               ; no     ; --                   ; --               ; --                        ;
; polygon_buffer:u_poly_buffer|altsyncram:ram_rtl_0|altsyncram_ldl1:auto_generated|decode_g2a:rden_decode_b|w_anode970w[3]~0 ; LABCELL_X35_Y71_N42  ; 8       ; Clock enable               ; no     ; --                   ; --               ; --                        ;
; polygon_buffer:u_poly_buffer|altsyncram:ram_rtl_0|altsyncram_ldl1:auto_generated|decode_g2a:rden_decode_b|w_anode980w[3]~0 ; LABCELL_X35_Y67_N24  ; 8       ; Clock enable               ; no     ; --                   ; --               ; --                        ;
; polygon_buffer:u_poly_buffer|altsyncram:ram_rtl_0|altsyncram_ldl1:auto_generated|decode_g2a:rden_decode_b|w_anode990w[3]~0 ; LABCELL_X35_Y71_N51  ; 8       ; Clock enable               ; no     ; --                   ; --               ; --                        ;
; polygon_buffer:u_poly_buffer|altsyncram:ram_rtl_0|altsyncram_ldl1:auto_generated|decode_nma:decode2|w_anode731w[3]~0       ; LABCELL_X35_Y59_N42  ; 8       ; Clock enable, Write enable ; no     ; --                   ; --               ; --                        ;
; polygon_buffer:u_poly_buffer|altsyncram:ram_rtl_0|altsyncram_ldl1:auto_generated|decode_nma:decode2|w_anode748w[3]~0       ; LABCELL_X43_Y68_N21  ; 8       ; Clock enable, Write enable ; no     ; --                   ; --               ; --                        ;
; polygon_buffer:u_poly_buffer|altsyncram:ram_rtl_0|altsyncram_ldl1:auto_generated|decode_nma:decode2|w_anode758w[3]~0       ; LABCELL_X35_Y59_N45  ; 8       ; Clock enable, Write enable ; no     ; --                   ; --               ; --                        ;
; polygon_buffer:u_poly_buffer|altsyncram:ram_rtl_0|altsyncram_ldl1:auto_generated|decode_nma:decode2|w_anode768w[3]~0       ; LABCELL_X43_Y68_N15  ; 8       ; Clock enable, Write enable ; no     ; --                   ; --               ; --                        ;
; polygon_buffer:u_poly_buffer|altsyncram:ram_rtl_0|altsyncram_ldl1:auto_generated|decode_nma:decode2|w_anode778w[3]~0       ; LABCELL_X35_Y59_N54  ; 8       ; Clock enable, Write enable ; no     ; --                   ; --               ; --                        ;
; polygon_buffer:u_poly_buffer|altsyncram:ram_rtl_0|altsyncram_ldl1:auto_generated|decode_nma:decode2|w_anode788w[3]~0       ; LABCELL_X35_Y59_N51  ; 8       ; Clock enable, Write enable ; no     ; --                   ; --               ; --                        ;
; polygon_buffer:u_poly_buffer|altsyncram:ram_rtl_0|altsyncram_ldl1:auto_generated|decode_nma:decode2|w_anode798w[3]~0       ; LABCELL_X35_Y59_N48  ; 8       ; Clock enable, Write enable ; no     ; --                   ; --               ; --                        ;
; polygon_buffer:u_poly_buffer|altsyncram:ram_rtl_0|altsyncram_ldl1:auto_generated|decode_nma:decode2|w_anode808w[3]~0       ; LABCELL_X35_Y59_N57  ; 8       ; Clock enable, Write enable ; no     ; --                   ; --               ; --                        ;
; polygon_buffer:u_poly_buffer|altsyncram:ram_rtl_0|altsyncram_ldl1:auto_generated|decode_nma:decode2|w_anode827w[3]~0       ; LABCELL_X43_Y68_N33  ; 8       ; Clock enable, Write enable ; no     ; --                   ; --               ; --                        ;
; polygon_buffer:u_poly_buffer|altsyncram:ram_rtl_0|altsyncram_ldl1:auto_generated|decode_nma:decode2|w_anode838w[3]~0       ; LABCELL_X43_Y67_N15  ; 4       ; Clock enable, Write enable ; no     ; --                   ; --               ; --                        ;
; polygon_rasterizer:u_rasterizer|Selector10~0                                                                               ; LABCELL_X36_Y63_N51  ; 19      ; Clock enable               ; no     ; --                   ; --               ; --                        ;
; polygon_rasterizer:u_rasterizer|buf_addr[0]~1                                                                              ; MLABCELL_X34_Y59_N30 ; 18      ; Clock enable               ; no     ; --                   ; --               ; --                        ;
; polygon_rasterizer:u_rasterizer|busy                                                                                       ; FF_X36_Y63_N2        ; 51      ; Clock enable               ; no     ; --                   ; --               ; --                        ;
; polygon_rasterizer:u_rasterizer|curr_x[0]~2                                                                                ; LABCELL_X31_Y60_N39  ; 17      ; Sync. clear                ; no     ; --                   ; --               ; --                        ;
; polygon_rasterizer:u_rasterizer|curr_y[6]~1                                                                                ; MLABCELL_X34_Y60_N30 ; 8       ; Clock enable               ; no     ; --                   ; --               ; --                        ;
; polygon_rasterizer:u_rasterizer|max_x[8]~1                                                                                 ; LABCELL_X36_Y63_N6   ; 85      ; Clock enable               ; no     ; --                   ; --               ; --                        ;
; polygon_rasterizer:u_rasterizer|state.IDLE                                                                                 ; FF_X34_Y60_N8        ; 16      ; Sync. clear                ; no     ; --                   ; --               ; --                        ;
; polygon_rasterizer:u_rasterizer|state.SETUP                                                                                ; FF_X36_Y63_N47       ; 13      ; Sync. load                 ; no     ; --                   ; --               ; --                        ;
; vga_sync:u_vga_sync|Equal0~2                                                                                               ; MLABCELL_X34_Y69_N12 ; 26      ; Clock enable, Sync. clear  ; no     ; --                   ; --               ; --                        ;
; vga_sync:u_vga_sync|Equal1~2                                                                                               ; MLABCELL_X34_Y71_N42 ; 12      ; Sync. clear                ; no     ; --                   ; --               ; --                        ;
+----------------------------------------------------------------------------------------------------------------------------+----------------------+---------+----------------------------+--------+----------------------+------------------+---------------------------+
=======
+----------------------------------------------------------------------------------------------------------------------------------------------------------------------------------------------------------+
; Control Signals                                                                                                                                                                                          ;
+--------------------------------------------------------------+----------------------+---------+---------------------------+--------+----------------------+------------------+---------------------------+
; Name                                                         ; Location             ; Fan-Out ; Usage                     ; Global ; Global Resource Used ; Global Line Name ; Enable Signal Source Name ;
+--------------------------------------------------------------+----------------------+---------+---------------------------+--------+----------------------+------------------+---------------------------+
; CLOCK_50                                                     ; PIN_AF14             ; 318     ; Clock                     ; yes    ; Global Clock         ; GCLK6            ; --                        ;
; KEY[0]                                                       ; PIN_AA14             ; 306     ; Async. clear              ; yes    ; Global Clock         ; GCLK5            ; --                        ;
; KEY[0]                                                       ; PIN_AA14             ; 4       ; Async. clear              ; no     ; --                   ; --               ; --                        ;
; bg_engine:u_bg_engine|tilemap_ram:u_map_buffer|always1~0     ; LABCELL_X30_Y78_N30  ; 8       ; Sync. clear               ; no     ; --                   ; --               ; --                        ;
; bg_engine:u_bg_engine|tilemap_ram:u_map_buffer|rd_tile_id[7] ; FF_X31_Y77_N1        ; 17      ; Clock enable              ; no     ; --                   ; --               ; --                        ;
; board_input_controller:u_input_ctrl|Equal0~3                 ; MLABCELL_X25_Y73_N6  ; 69      ; Clock enable, Sync. clear ; no     ; --                   ; --               ; --                        ;
; board_input_controller:u_input_ctrl|LessThan1~1              ; MLABCELL_X28_Y75_N42 ; 10      ; Sync. clear               ; no     ; --                   ; --               ; --                        ;
; board_input_controller:u_input_ctrl|Selector16~0             ; MLABCELL_X25_Y75_N48 ; 4       ; Clock enable              ; no     ; --                   ; --               ; --                        ;
; board_input_controller:u_input_ctrl|always3~0                ; MLABCELL_X25_Y73_N57 ; 9       ; Sync. load                ; no     ; --                   ; --               ; --                        ;
; board_input_controller:u_input_ctrl|shape_timer[7]~0         ; MLABCELL_X25_Y73_N54 ; 8       ; Clock enable              ; no     ; --                   ; --               ; --                        ;
; board_input_controller:u_input_ctrl|state.S_CAPTURE_FRAME    ; FF_X25_Y74_N2        ; 25      ; Clock enable, Sync. clear ; no     ; --                   ; --               ; --                        ;
; board_input_controller:u_input_ctrl|velocity_y~2             ; LABCELL_X29_Y73_N54  ; 8       ; Sync. clear               ; no     ; --                   ; --               ; --                        ;
; clk_25m                                                      ; FF_X35_Y79_N11       ; 22      ; Clock                     ; no     ; --                   ; --               ; --                        ;
; cmd_decoder:u_cmd_decoder|cmd_ready~0                        ; LABCELL_X23_Y73_N33  ; 16      ; Clock enable              ; no     ; --                   ; --               ; --                        ;
; cmd_decoder:u_cmd_decoder|rast_x0[8]~1                       ; LABCELL_X23_Y74_N57  ; 19      ; Clock enable              ; no     ; --                   ; --               ; --                        ;
; cmd_decoder:u_cmd_decoder|rast_x1[8]~0                       ; LABCELL_X22_Y74_N54  ; 16      ; Clock enable              ; no     ; --                   ; --               ; --                        ;
; cmd_decoder:u_cmd_decoder|rast_x2[8]~0                       ; LABCELL_X23_Y74_N54  ; 13      ; Clock enable              ; no     ; --                   ; --               ; --                        ;
; cmd_decoder:u_cmd_decoder|scroll_x[8]~2                      ; LABCELL_X23_Y74_N33  ; 9       ; Clock enable              ; no     ; --                   ; --               ; --                        ;
; polygon_rasterizer:u_rasterizer|Selector10~0                 ; LABCELL_X24_Y71_N9   ; 13      ; Clock enable              ; no     ; --                   ; --               ; --                        ;
; polygon_rasterizer:u_rasterizer|curr_x[6]~2                  ; LABCELL_X24_Y71_N3   ; 11      ; Sync. clear               ; no     ; --                   ; --               ; --                        ;
; polygon_rasterizer:u_rasterizer|curr_y[4]~1                  ; LABCELL_X24_Y71_N48  ; 10      ; Clock enable              ; no     ; --                   ; --               ; --                        ;
; polygon_rasterizer:u_rasterizer|max_x[8]~1                   ; LABCELL_X22_Y74_N45  ; 79      ; Clock enable              ; no     ; --                   ; --               ; --                        ;
; polygon_rasterizer:u_rasterizer|state.IDLE                   ; FF_X21_Y71_N44       ; 14      ; Sync. clear               ; no     ; --                   ; --               ; --                        ;
; polygon_rasterizer:u_rasterizer|state.SETUP                  ; FF_X22_Y74_N35       ; 16      ; Sync. load                ; no     ; --                   ; --               ; --                        ;
; vga_sync:u_vga_sync|Equal0~2                                 ; LABCELL_X36_Y79_N54  ; 20      ; Clock enable, Sync. clear ; no     ; --                   ; --               ; --                        ;
; vga_sync:u_vga_sync|Equal1~2                                 ; LABCELL_X33_Y79_N27  ; 10      ; Sync. clear               ; no     ; --                   ; --               ; --                        ;
+--------------------------------------------------------------+----------------------+---------+---------------------------+--------+----------------------+------------------+---------------------------+
>>>>>>> 1ee5570 (busca ativa com erros de exibição)


+-----------------------------------------------------------------------------------------------------+
; Global & Other Fast Signals                                                                         ;
+----------+----------+---------+----------------------+------------------+---------------------------+
; Name     ; Location ; Fan-Out ; Global Resource Used ; Global Line Name ; Enable Signal Source Name ;
+----------+----------+---------+----------------------+------------------+---------------------------+
<<<<<<< HEAD
; CLOCK_50 ; PIN_AF14 ; 2931    ; Global Clock         ; GCLK6            ; --                        ;
; KEY[0]   ; PIN_AA14 ; 366     ; Global Clock         ; GCLK5            ; --                        ;
+----------+----------+---------+----------------------+------------------+---------------------------+


+-------------------------------------------------------+
; Non-Global High Fan-Out Signals                       ;
+---------------------------------------------+---------+
; Name                                        ; Fan-Out ;
+---------------------------------------------+---------+
; bg_engine:u_bg_engine|Add0~5                ; 1131    ;
; bg_engine:u_bg_engine|Add0~9                ; 1050    ;
; polygon_rasterizer:u_rasterizer|buf_data[4] ; 609     ;
+---------------------------------------------+---------+


+-----------------------------------------------------------------------------------------------------------------------------------------------------------------------------------------------------------------------------------------------------------------------------------------------------------------------------------------------------------------------------------------------------------------------------------------------------------------------------------------------------------------------------------------------------------------------------------------------------------------------------------------------------------------------------------------------------------------------------------------------------------------------------------------------------------------------------------------------------------------------------------------------------------------------------------------------------------------------------------------------------------------------------------------------------------------------------------------------------------------------------------------------------------------------------------------------------------------------------------------------------------------------------------------------------------------------------------------------------------------------------------------------------------------------------------------------------------------------------------------------------------------------------------------------------------------------------------------------------------------------------------------------------------------------------------------------------------------------------------------------------------------------------------------------------------------------------------------------------------------------------------------------------------------------------------------------------------------------------------------------------------------------+
; Fitter RAM Summary                                                                                                                                                                                                                                                                                                                                                                                                                                                                                                                                                                                                                                                                                                                                                                                                                                                                                                                                                                                                                                                                                                                                                                                                                                                                                                                                                                                                                                                                                                                                                                                                                                                                                                                                                                                                                                                                                                                                                                                                    ;
+---------------------------------------------------------------------------------------------+------------+------------------+--------------+--------------+--------------+--------------+--------------+------------------------+-------------------------+------------------------+-------------------------+--------+-----------------------------+-----------------------------+-----------------------------+-----------------------------+---------------------+-------------+-------+--------------------------------------------+--------------------------------------------------------------------------------------------------------------------------------------------------------------------------------------------------------------------------------------------------------------------------------------------------------------------------------------------------------------------------------------------------------------------------------------------------------------------------------------------------------------------------------------------------------------------------------------------------------------------------------------------------------------------------------------------------------------------------------------------------------------------------------------------------------------------------------------------------------------------------------------------------------------------------------------------------------------------------------------------------------------------------------------------------------------------------------------------------------------------------------------------------------------------------------------------------------------------------------------------------------------------------------------------------------------------------------------------+----------------------+-----------------+-----------------+----------+------------------------+----------------------------------+
; Name                                                                                        ; Type       ; Mode             ; Clock Mode   ; Port A Depth ; Port A Width ; Port B Depth ; Port B Width ; Port A Input Registers ; Port A Output Registers ; Port B Input Registers ; Port B Output Registers ; Size   ; Implementation Port A Depth ; Implementation Port A Width ; Implementation Port B Depth ; Implementation Port B Width ; Implementation Bits ; M10K blocks ; MLABs ; MIF                                        ; Location                                                                                                                                                                                                                                                                                                                                                                                                                                                                                                                                                                                                                                                                                                                                                                                                                                                                                                                                                                                                                                                                                                                                                                                                                                                                                                                                   ; Mixed Width RDW Mode ; Port A RDW Mode ; Port B RDW Mode ; ECC Mode ; ECC Pipeline Registers ; Fits in MLABs                    ;
+---------------------------------------------------------------------------------------------+------------+------------------+--------------+--------------+--------------+--------------+--------------+------------------------+-------------------------+------------------------+-------------------------+--------+-----------------------------+-----------------------------+-----------------------------+-----------------------------+---------------------+-------------+-------+--------------------------------------------+--------------------------------------------------------------------------------------------------------------------------------------------------------------------------------------------------------------------------------------------------------------------------------------------------------------------------------------------------------------------------------------------------------------------------------------------------------------------------------------------------------------------------------------------------------------------------------------------------------------------------------------------------------------------------------------------------------------------------------------------------------------------------------------------------------------------------------------------------------------------------------------------------------------------------------------------------------------------------------------------------------------------------------------------------------------------------------------------------------------------------------------------------------------------------------------------------------------------------------------------------------------------------------------------------------------------------------------------+----------------------+-----------------+-----------------+----------+------------------------+----------------------------------+
; color_palette:u_palette|altsyncram:clut_ram_rtl_0|altsyncram_pbp1:auto_generated|ALTSYNCRAM ; M10K block ; Simple Dual Port ; Single Clock ; 256          ; 24           ; 256          ; 24           ; yes                    ; no                      ; yes                    ; no                      ; 6144   ; 256                         ; 24                          ; 256                         ; 24                          ; 6144                ; 1           ; 0     ; db/gpu.ram0_color_palette_5080005f.hdl.mif ; M10K_X41_Y67_N0                                                                                                                                                                                                                                                                                                                                                                                                                                                                                                                                                                                                                                                                                                                                                                                                                                                                                                                                                                                                                                                                                                                                                                                                                                                                                                                            ; Don't care           ; New data        ; New data        ; Off      ; No                     ; No - Block Type Set to Block RAM ;
; pattern_vram:u_patterns|altsyncram:ram_rtl_0|altsyncram_pa12:auto_generated|ALTSYNCRAM      ; M10K block ; True Dual Port   ; Single Clock ; 16384        ; 8            ; 16384        ; 8            ; yes                    ; no                      ; yes                    ; no                      ; 131072 ; 16384                       ; 8                           ; 16384                       ; 8                           ; 131072              ; 16          ; 0     ; db/gpu.ram0_pattern_vram_cc9d1d0f.hdl.mif  ; M10K_X49_Y55_N0, M10K_X38_Y52_N0, M10K_X41_Y53_N0, M10K_X38_Y56_N0, M10K_X49_Y54_N0, M10K_X41_Y54_N0, M10K_X38_Y55_N0, M10K_X41_Y55_N0, M10K_X49_Y56_N0, M10K_X38_Y51_N0, M10K_X38_Y54_N0, M10K_X41_Y49_N0, M10K_X41_Y51_N0, M10K_X38_Y53_N0, M10K_X41_Y52_N0, M10K_X41_Y50_N0                                                                                                                                                                                                                                                                                                                                                                                                                                                                                                                                                                                                                                                                                                                                                                                                                                                                                                                                                                                                                                                             ; Don't care           ; New data        ; New data        ; Off      ; No                     ; No - Unsupported Mode            ;
; polygon_buffer:u_poly_buffer|altsyncram:ram_rtl_0|altsyncram_ldl1:auto_generated|ALTSYNCRAM ; M10K block ; Simple Dual Port ; Dual Clocks  ; 76800        ; 8            ; 76800        ; 8            ; yes                    ; no                      ; yes                    ; no                      ; 614400 ; 76800                       ; 8                           ; 76800                       ; 8                           ; 614400              ; 76          ; 0     ; None                                       ; M10K_X38_Y73_N0, M10K_X38_Y65_N0, M10K_X26_Y69_N0, M10K_X38_Y72_N0, M10K_X26_Y59_N0, M10K_X41_Y73_N0, M10K_X38_Y64_N0, M10K_X26_Y68_N0, M10K_X41_Y76_N0, M10K_X38_Y74_N0, M10K_X41_Y65_N0, M10K_X26_Y75_N0, M10K_X26_Y64_N0, M10K_X49_Y63_N0, M10K_X38_Y57_N0, M10K_X49_Y62_N0, M10K_X41_Y59_N0, M10K_X38_Y61_N0, M10K_X26_Y65_N0, M10K_X49_Y68_N0, M10K_X49_Y67_N0, M10K_X26_Y61_N0, M10K_X38_Y69_N0, M10K_X26_Y62_N0, M10K_X49_Y71_N0, M10K_X49_Y60_N0, M10K_X26_Y60_N0, M10K_X38_Y60_N0, M10K_X49_Y64_N0, M10K_X49_Y70_N0, M10K_X41_Y58_N0, M10K_X49_Y65_N0, M10K_X41_Y60_N0, M10K_X49_Y74_N0, M10K_X38_Y75_N0, M10K_X14_Y67_N0, M10K_X26_Y73_N0, M10K_X26_Y74_N0, M10K_X38_Y68_N0, M10K_X14_Y68_N0, M10K_X26_Y71_N0, M10K_X38_Y62_N0, M10K_X41_Y64_N0, M10K_X41_Y57_N0, M10K_X38_Y71_N0, M10K_X38_Y70_N0, M10K_X26_Y70_N0, M10K_X14_Y70_N0, M10K_X38_Y58_N0, M10K_X14_Y69_N0, M10K_X41_Y72_N0, M10K_X41_Y56_N0, M10K_X41_Y74_N0, M10K_X26_Y66_N0, M10K_X26_Y72_N0, M10K_X38_Y76_N0, M10K_X49_Y72_N0, M10K_X38_Y67_N0, M10K_X38_Y66_N0, M10K_X41_Y69_N0, M10K_X41_Y66_N0, M10K_X49_Y66_N0, M10K_X49_Y73_N0, M10K_X41_Y68_N0, M10K_X41_Y63_N0, M10K_X41_Y70_N0, M10K_X41_Y61_N0, M10K_X38_Y63_N0, M10K_X26_Y63_N0, M10K_X41_Y71_N0, M10K_X26_Y67_N0, M10K_X41_Y62_N0, M10K_X49_Y61_N0, M10K_X49_Y69_N0, M10K_X41_Y75_N0, M10K_X38_Y59_N0 ; Don't care           ; New data        ; New data        ; Off      ; No                     ; No - Address Too Wide            ;
+---------------------------------------------------------------------------------------------+------------+------------------+--------------+--------------+--------------+--------------+--------------+------------------------+-------------------------+------------------------+-------------------------+--------+-----------------------------+-----------------------------+-----------------------------+-----------------------------+---------------------+-------------+-------+--------------------------------------------+--------------------------------------------------------------------------------------------------------------------------------------------------------------------------------------------------------------------------------------------------------------------------------------------------------------------------------------------------------------------------------------------------------------------------------------------------------------------------------------------------------------------------------------------------------------------------------------------------------------------------------------------------------------------------------------------------------------------------------------------------------------------------------------------------------------------------------------------------------------------------------------------------------------------------------------------------------------------------------------------------------------------------------------------------------------------------------------------------------------------------------------------------------------------------------------------------------------------------------------------------------------------------------------------------------------------------------------------+----------------------+-----------------+-----------------+----------+------------------------+----------------------------------+
=======
; CLOCK_50 ; PIN_AF14 ; 318     ; Global Clock         ; GCLK6            ; --                        ;
; KEY[0]   ; PIN_AA14 ; 306     ; Global Clock         ; GCLK5            ; --                        ;
+----------+----------+---------+----------------------+------------------+---------------------------+


+----------------------------------------------------------------------------------------------------------------------------------------------------------------------------------------------------------------------------------------------------------------------------------------------------------------------------------------------------------------------------------------------------------------------------------------------------------------------------------------------------------------------------------------------------------------------------------------------------------------------------------------------------------------------------------------------------------------------------------------------------------------------------------------------------------------------------------------------------------------------------------------------------------------------------------------------------------------------+
; Fitter RAM Summary                                                                                                                                                                                                                                                                                                                                                                                                                                                                                                                                                                                                                                                                                                                                                                                                                                                                                                                                                   ;
+---------------------------------------------------------------------------------------------+------------+------------------+--------------+--------------+--------------+--------------+--------------+------------------------+-------------------------+------------------------+-------------------------+--------+-----------------------------+-----------------------------+-----------------------------+-----------------------------+---------------------+-------------+-------+--------------------------------------------+--------------------------------------------------------------------------------------------------------------------------------------------------------------------------------------------------------------------------------------------------------------------------------+----------------------+-----------------+-----------------+----------+------------------------+---------------------------------------------+
; Name                                                                                        ; Type       ; Mode             ; Clock Mode   ; Port A Depth ; Port A Width ; Port B Depth ; Port B Width ; Port A Input Registers ; Port A Output Registers ; Port B Input Registers ; Port B Output Registers ; Size   ; Implementation Port A Depth ; Implementation Port A Width ; Implementation Port B Depth ; Implementation Port B Width ; Implementation Bits ; M10K blocks ; MLABs ; MIF                                        ; Location                                                                                                                                                                                                                                                                       ; Mixed Width RDW Mode ; Port A RDW Mode ; Port B RDW Mode ; ECC Mode ; ECC Pipeline Registers ; Fits in MLABs                               ;
+---------------------------------------------------------------------------------------------+------------+------------------+--------------+--------------+--------------+--------------+--------------+------------------------+-------------------------+------------------------+-------------------------+--------+-----------------------------+-----------------------------+-----------------------------+-----------------------------+---------------------+-------------+-------+--------------------------------------------+--------------------------------------------------------------------------------------------------------------------------------------------------------------------------------------------------------------------------------------------------------------------------------+----------------------+-----------------+-----------------+----------+------------------------+---------------------------------------------+
; color_palette:u_palette|altsyncram:clut_ram_rtl_0|altsyncram_g9r1:auto_generated|ALTSYNCRAM ; AUTO       ; Simple Dual Port ; Single Clock ; 256          ; 24           ; 256          ; 24           ; yes                    ; no                      ; yes                    ; no                      ; 6144   ; 256                         ; 24                          ; 256                         ; 24                          ; 6144                ; 1           ; 0     ; db/gpu.ram0_color_palette_5080005f.hdl.mif ; M10K_X26_Y79_N0                                                                                                                                                                                                                                                                ; Old data             ; New data        ; New data        ; Off      ; No                     ; No - Unsupported Mixed Feed Through Setting ;
; pattern_vram:u_patterns|altsyncram:ram_rtl_0|altsyncram_udf1:auto_generated|ALTSYNCRAM      ; M10K block ; ROM              ; Single Clock ; 16384        ; 8            ; --           ; --           ; yes                    ; no                      ; --                     ; --                      ; 131072 ; 16384                       ; 8                           ; --                          ; --                          ; 131072              ; 16          ; 0     ; db/gpu.ram0_pattern_vram_cc9d1d0f.hdl.mif  ; M10K_X26_Y78_N0, M10K_X38_Y75_N0, M10K_X41_Y77_N0, M10K_X26_Y75_N0, M10K_X38_Y78_N0, M10K_X26_Y76_N0, M10K_X38_Y76_N0, M10K_X26_Y77_N0, M10K_X14_Y78_N0, M10K_X41_Y75_N0, M10K_X41_Y78_N0, M10K_X38_Y77_N0, M10K_X26_Y73_N0, M10K_X14_Y76_N0, M10K_X26_Y74_N0, M10K_X41_Y76_N0 ; Don't care           ; New data        ; New data        ; Off      ; No                     ; No - Address Too Wide                       ;
+---------------------------------------------------------------------------------------------+------------+------------------+--------------+--------------+--------------+--------------+--------------+------------------------+-------------------------+------------------------+-------------------------+--------+-----------------------------+-----------------------------+-----------------------------+-----------------------------+---------------------+-------------+-------+--------------------------------------------+--------------------------------------------------------------------------------------------------------------------------------------------------------------------------------------------------------------------------------------------------------------------------------+----------------------+-----------------+-----------------+----------+------------------------+---------------------------------------------+
>>>>>>> 1ee5570 (busca ativa com erros de exibição)
Note: Fitter may spread logical memories into multiple blocks to improve timing. The actual required RAM blocks can be found in the Fitter Resource Usage section.


+--------------------------------------------------------+
; Fitter DSP Block Usage Summary                         ;
+------------------------------------------+-------------+
; Statistic                                ; Number Used ;
+------------------------------------------+-------------+
<<<<<<< HEAD
; Independent 27x27                        ; 6           ;
; Total number of DSP blocks               ; 6           ;
;                                          ;             ;
; Fixed Point Signed Multiplier            ; 6           ;
; Fixed Point Dedicated Output Adder Chain ; 3           ;
+------------------------------------------+-------------+


+-----------------------------------------------------------------------------------------------------------------------------------------------------------------------------------------------------------------------------------------------------------------------------------------------------------------------------------------------------------------------------------------------------------------------------------+
; DSP Block Details                                                                                                                                                                                                                                                                                                                                                                                                                 ;
+-------------------------------------------+-------------------+----------------+---------------------+------------------------+------------------------+------------------------+------------------------+------------------------+------------------------+-----------------+--------------------------------+---------------------+-------------------------------+------------------------------+------------------------------+
; Name                                      ; Mode              ; Location       ; Sign Representation ; Data AX Input Register ; Data AY Input Register ; Data AZ Input Register ; Data BX Input Register ; Data BY Input Register ; Data BZ Input Register ; Output Register ; Dedicated Shift Register Chain ; Dedicated Pre-Adder ; Dedicated Coefficient Storage ; Dedicated Output Adder Chain ; Dedicated Output Accumulator ;
+-------------------------------------------+-------------------+----------------+---------------------+------------------------+------------------------+------------------------+------------------------+------------------------+------------------------+-----------------+--------------------------------+---------------------+-------------------------------+------------------------------+------------------------------+
; polygon_rasterizer:u_rasterizer|Mult1~mac ; Independent 27x27 ; DSP_X32_Y55_N0 ; Mixed               ; no                     ; no                     ; --                     ; --                     ; --                     ; --                     ; no              ; no                             ; no                  ; no                            ; yes                          ; no                           ;
; polygon_rasterizer:u_rasterizer|Mult3~mac ; Independent 27x27 ; DSP_X32_Y63_N0 ; Mixed               ; no                     ; no                     ; --                     ; --                     ; --                     ; --                     ; no              ; no                             ; no                  ; no                            ; yes                          ; no                           ;
; polygon_rasterizer:u_rasterizer|Mult5~mac ; Independent 27x27 ; DSP_X32_Y59_N0 ; Mixed               ; no                     ; no                     ; --                     ; --                     ; --                     ; --                     ; no              ; no                             ; no                  ; no                            ; yes                          ; no                           ;
; polygon_rasterizer:u_rasterizer|Mult0~8   ; Independent 27x27 ; DSP_X32_Y57_N0 ; Mixed               ; no                     ; no                     ; --                     ; --                     ; --                     ; --                     ; no              ; no                             ; no                  ; no                            ; no                           ; no                           ;
; polygon_rasterizer:u_rasterizer|Mult2~8   ; Independent 27x27 ; DSP_X32_Y65_N0 ; Mixed               ; no                     ; no                     ; --                     ; --                     ; --                     ; --                     ; no              ; no                             ; no                  ; no                            ; no                           ; no                           ;
; polygon_rasterizer:u_rasterizer|Mult4~8   ; Independent 27x27 ; DSP_X32_Y61_N0 ; Mixed               ; no                     ; no                     ; --                     ; --                     ; --                     ; --                     ; no              ; no                             ; no                  ; no                            ; no                           ; no                           ;
+-------------------------------------------+-------------------+----------------+---------------------+------------------------+------------------------+------------------------+------------------------+------------------------+------------------------+-----------------+--------------------------------+---------------------+-------------------------------+------------------------------+------------------------------+


+------------------------------------------------------------------------+
; Routing Usage Summary                                                  ;
+---------------------------------------------+--------------------------+
; Routing Resource Type                       ; Usage                    ;
+---------------------------------------------+--------------------------+
; Block interconnects                         ; 10,822 / 289,320 ( 4 % ) ;
; C12 interconnects                           ; 253 / 13,420 ( 2 % )     ;
; C2 interconnects                            ; 3,633 / 119,108 ( 3 % )  ;
; C4 interconnects                            ; 1,977 / 56,300 ( 4 % )   ;
; DQS bus muxes                               ; 0 / 25 ( 0 % )           ;
; DQS-18 I/O buses                            ; 0 / 25 ( 0 % )           ;
; DQS-9 I/O buses                             ; 0 / 25 ( 0 % )           ;
; Direct links                                ; 543 / 289,320 ( < 1 % )  ;
; Global clocks                               ; 2 / 16 ( 13 % )          ;
; HPS SDRAM PLL inputs                        ; 0 / 1 ( 0 % )            ;
; HPS SDRAM PLL outputs                       ; 0 / 1 ( 0 % )            ;
; HPS_INTERFACE_BOOT_FROM_FPGA_INPUTs         ; 0 / 9 ( 0 % )            ;
; HPS_INTERFACE_CLOCKS_RESETS_INPUTs          ; 0 / 7 ( 0 % )            ;
; HPS_INTERFACE_CLOCKS_RESETS_OUTPUTs         ; 0 / 6 ( 0 % )            ;
; HPS_INTERFACE_CROSS_TRIGGER_INPUTs          ; 0 / 18 ( 0 % )           ;
; HPS_INTERFACE_CROSS_TRIGGER_OUTPUTs         ; 0 / 24 ( 0 % )           ;
; HPS_INTERFACE_DBG_APB_INPUTs                ; 0 / 37 ( 0 % )           ;
; HPS_INTERFACE_DBG_APB_OUTPUTs               ; 0 / 55 ( 0 % )           ;
; HPS_INTERFACE_DMA_INPUTs                    ; 0 / 16 ( 0 % )           ;
; HPS_INTERFACE_DMA_OUTPUTs                   ; 0 / 8 ( 0 % )            ;
; HPS_INTERFACE_FPGA2HPS_INPUTs               ; 0 / 287 ( 0 % )          ;
; HPS_INTERFACE_FPGA2HPS_OUTPUTs              ; 0 / 154 ( 0 % )          ;
; HPS_INTERFACE_FPGA2SDRAM_INPUTs             ; 0 / 852 ( 0 % )          ;
; HPS_INTERFACE_FPGA2SDRAM_OUTPUTs            ; 0 / 408 ( 0 % )          ;
; HPS_INTERFACE_HPS2FPGA_INPUTs               ; 0 / 165 ( 0 % )          ;
; HPS_INTERFACE_HPS2FPGA_LIGHT_WEIGHT_INPUTs  ; 0 / 67 ( 0 % )           ;
; HPS_INTERFACE_HPS2FPGA_LIGHT_WEIGHT_OUTPUTs ; 0 / 156 ( 0 % )          ;
; HPS_INTERFACE_HPS2FPGA_OUTPUTs              ; 0 / 282 ( 0 % )          ;
; HPS_INTERFACE_INTERRUPTS_INPUTs             ; 0 / 64 ( 0 % )           ;
; HPS_INTERFACE_INTERRUPTS_OUTPUTs            ; 0 / 42 ( 0 % )           ;
; HPS_INTERFACE_JTAG_OUTPUTs                  ; 0 / 5 ( 0 % )            ;
; HPS_INTERFACE_LOAN_IO_INPUTs                ; 0 / 142 ( 0 % )          ;
; HPS_INTERFACE_LOAN_IO_OUTPUTs               ; 0 / 85 ( 0 % )           ;
; HPS_INTERFACE_MPU_EVENT_STANDBY_INPUTs      ; 0 / 1 ( 0 % )            ;
; HPS_INTERFACE_MPU_EVENT_STANDBY_OUTPUTs     ; 0 / 5 ( 0 % )            ;
; HPS_INTERFACE_MPU_GENERAL_PURPOSE_INPUTs    ; 0 / 32 ( 0 % )           ;
; HPS_INTERFACE_MPU_GENERAL_PURPOSE_OUTPUTs   ; 0 / 32 ( 0 % )           ;
; HPS_INTERFACE_PERIPHERAL_CAN_INPUTs         ; 0 / 2 ( 0 % )            ;
; HPS_INTERFACE_PERIPHERAL_CAN_OUTPUTs        ; 0 / 2 ( 0 % )            ;
; HPS_INTERFACE_PERIPHERAL_EMAC_INPUTs        ; 0 / 32 ( 0 % )           ;
; HPS_INTERFACE_PERIPHERAL_EMAC_OUTPUTs       ; 0 / 34 ( 0 % )           ;
; HPS_INTERFACE_PERIPHERAL_I2C_INPUTs         ; 0 / 8 ( 0 % )            ;
; HPS_INTERFACE_PERIPHERAL_I2C_OUTPUTs        ; 0 / 8 ( 0 % )            ;
; HPS_INTERFACE_PERIPHERAL_NAND_INPUTs        ; 0 / 12 ( 0 % )           ;
; HPS_INTERFACE_PERIPHERAL_NAND_OUTPUTs       ; 0 / 18 ( 0 % )           ;
; HPS_INTERFACE_PERIPHERAL_QSPI_INPUTs        ; 0 / 4 ( 0 % )            ;
; HPS_INTERFACE_PERIPHERAL_QSPI_OUTPUTs       ; 0 / 13 ( 0 % )           ;
; HPS_INTERFACE_PERIPHERAL_SDMMC_INPUTs       ; 0 / 13 ( 0 % )           ;
; HPS_INTERFACE_PERIPHERAL_SDMMC_OUTPUTs      ; 0 / 22 ( 0 % )           ;
; HPS_INTERFACE_PERIPHERAL_SPI_MASTER_INPUTs  ; 0 / 4 ( 0 % )            ;
; HPS_INTERFACE_PERIPHERAL_SPI_MASTER_OUTPUTs ; 0 / 14 ( 0 % )           ;
; HPS_INTERFACE_PERIPHERAL_SPI_SLAVE_INPUTs   ; 0 / 6 ( 0 % )            ;
; HPS_INTERFACE_PERIPHERAL_SPI_SLAVE_OUTPUTs  ; 0 / 4 ( 0 % )            ;
; HPS_INTERFACE_PERIPHERAL_UART_INPUTs        ; 0 / 10 ( 0 % )           ;
; HPS_INTERFACE_PERIPHERAL_UART_OUTPUTs       ; 0 / 10 ( 0 % )           ;
; HPS_INTERFACE_PERIPHERAL_USB_INPUTs         ; 0 / 22 ( 0 % )           ;
; HPS_INTERFACE_PERIPHERAL_USB_OUTPUTs        ; 0 / 34 ( 0 % )           ;
; HPS_INTERFACE_STM_EVENT_INPUTs              ; 0 / 28 ( 0 % )           ;
; HPS_INTERFACE_TEST_INPUTs                   ; 0 / 610 ( 0 % )          ;
; HPS_INTERFACE_TEST_OUTPUTs                  ; 0 / 513 ( 0 % )          ;
; HPS_INTERFACE_TPIU_TRACE_INPUTs             ; 0 / 2 ( 0 % )            ;
; HPS_INTERFACE_TPIU_TRACE_OUTPUTs            ; 0 / 33 ( 0 % )           ;
; Horizontal periphery clocks                 ; 0 / 72 ( 0 % )           ;
; Local interconnects                         ; 1,541 / 84,580 ( 2 % )   ;
; Quadrant clocks                             ; 0 / 66 ( 0 % )           ;
; R14 interconnects                           ; 375 / 12,676 ( 3 % )     ;
; R14/C12 interconnect drivers                ; 499 / 20,720 ( 2 % )     ;
; R3 interconnects                            ; 4,330 / 130,992 ( 3 % )  ;
; R6 interconnects                            ; 6,548 / 266,960 ( 2 % )  ;
; Spine clocks                                ; 9 / 360 ( 3 % )          ;
; Wire stub REs                               ; 0 / 15,858 ( 0 % )       ;
+---------------------------------------------+--------------------------+
=======
; Independent 27x27                        ; 2           ;
; Total number of DSP blocks               ; 2           ;
;                                          ;             ;
; Fixed Point Signed Multiplier            ; 2           ;
; Fixed Point Dedicated Output Adder Chain ; 1           ;
+------------------------------------------+-------------+


+-------------------------------------------------------------------------------------------------------------------------------------------------------------------------------------------------------------------------------------------------------------------------------------------------------------------------------------------------------------------------------------------------------------------------------------------------------+
; DSP Block Details                                                                                                                                                                                                                                                                                                                                                                                                                                     ;
+---------------------------------------------------------------+-------------------+----------------+---------------------+------------------------+------------------------+------------------------+------------------------+------------------------+------------------------+-----------------+--------------------------------+---------------------+-------------------------------+------------------------------+------------------------------+
; Name                                                          ; Mode              ; Location       ; Sign Representation ; Data AX Input Register ; Data AY Input Register ; Data AZ Input Register ; Data BX Input Register ; Data BY Input Register ; Data BZ Input Register ; Output Register ; Dedicated Shift Register Chain ; Dedicated Pre-Adder ; Dedicated Coefficient Storage ; Dedicated Output Adder Chain ; Dedicated Output Accumulator ;
+---------------------------------------------------------------+-------------------+----------------+---------------------+------------------------+------------------------+------------------------+------------------------+------------------------+------------------------+-----------------+--------------------------------+---------------------+-------------------------------+------------------------------+------------------------------+
; polygon_rasterizer:u_rasterizer|raster_alu:datapath|Mult7~mac ; Independent 27x27 ; DSP_X20_Y71_N0 ; Mixed               ; no                     ; no                     ; --                     ; --                     ; --                     ; --                     ; no              ; no                             ; no                  ; no                            ; yes                          ; no                           ;
; polygon_rasterizer:u_rasterizer|raster_alu:datapath|Mult6~8   ; Independent 27x27 ; DSP_X20_Y73_N0 ; Mixed               ; no                     ; no                     ; --                     ; --                     ; --                     ; --                     ; no              ; no                             ; no                  ; no                            ; no                           ; no                           ;
+---------------------------------------------------------------+-------------------+----------------+---------------------+------------------------+------------------------+------------------------+------------------------+------------------------+------------------------+-----------------+--------------------------------+---------------------+-------------------------------+------------------------------+------------------------------+


+-------------------------------------------------------------------------+
; Routing Usage Summary                                                   ;
+---------------------------------------------+---------------------------+
; Routing Resource Type                       ; Usage                     ;
+---------------------------------------------+---------------------------+
; Block interconnects                         ; 1,342 / 289,320 ( < 1 % ) ;
; C12 interconnects                           ; 22 / 13,420 ( < 1 % )     ;
; C2 interconnects                            ; 347 / 119,108 ( < 1 % )   ;
; C4 interconnects                            ; 193 / 56,300 ( < 1 % )    ;
; DQS bus muxes                               ; 0 / 25 ( 0 % )            ;
; DQS-18 I/O buses                            ; 0 / 25 ( 0 % )            ;
; DQS-9 I/O buses                             ; 0 / 25 ( 0 % )            ;
; Direct links                                ; 172 / 289,320 ( < 1 % )   ;
; Global clocks                               ; 2 / 16 ( 13 % )           ;
; HPS SDRAM PLL inputs                        ; 0 / 1 ( 0 % )             ;
; HPS SDRAM PLL outputs                       ; 0 / 1 ( 0 % )             ;
; HPS_INTERFACE_BOOT_FROM_FPGA_INPUTs         ; 0 / 9 ( 0 % )             ;
; HPS_INTERFACE_CLOCKS_RESETS_INPUTs          ; 0 / 7 ( 0 % )             ;
; HPS_INTERFACE_CLOCKS_RESETS_OUTPUTs         ; 0 / 6 ( 0 % )             ;
; HPS_INTERFACE_CROSS_TRIGGER_INPUTs          ; 0 / 18 ( 0 % )            ;
; HPS_INTERFACE_CROSS_TRIGGER_OUTPUTs         ; 0 / 24 ( 0 % )            ;
; HPS_INTERFACE_DBG_APB_INPUTs                ; 0 / 37 ( 0 % )            ;
; HPS_INTERFACE_DBG_APB_OUTPUTs               ; 0 / 55 ( 0 % )            ;
; HPS_INTERFACE_DMA_INPUTs                    ; 0 / 16 ( 0 % )            ;
; HPS_INTERFACE_DMA_OUTPUTs                   ; 0 / 8 ( 0 % )             ;
; HPS_INTERFACE_FPGA2HPS_INPUTs               ; 0 / 287 ( 0 % )           ;
; HPS_INTERFACE_FPGA2HPS_OUTPUTs              ; 0 / 154 ( 0 % )           ;
; HPS_INTERFACE_FPGA2SDRAM_INPUTs             ; 0 / 852 ( 0 % )           ;
; HPS_INTERFACE_FPGA2SDRAM_OUTPUTs            ; 0 / 408 ( 0 % )           ;
; HPS_INTERFACE_HPS2FPGA_INPUTs               ; 0 / 165 ( 0 % )           ;
; HPS_INTERFACE_HPS2FPGA_LIGHT_WEIGHT_INPUTs  ; 0 / 67 ( 0 % )            ;
; HPS_INTERFACE_HPS2FPGA_LIGHT_WEIGHT_OUTPUTs ; 0 / 156 ( 0 % )           ;
; HPS_INTERFACE_HPS2FPGA_OUTPUTs              ; 0 / 282 ( 0 % )           ;
; HPS_INTERFACE_INTERRUPTS_INPUTs             ; 0 / 64 ( 0 % )            ;
; HPS_INTERFACE_INTERRUPTS_OUTPUTs            ; 0 / 42 ( 0 % )            ;
; HPS_INTERFACE_JTAG_OUTPUTs                  ; 0 / 5 ( 0 % )             ;
; HPS_INTERFACE_LOAN_IO_INPUTs                ; 0 / 142 ( 0 % )           ;
; HPS_INTERFACE_LOAN_IO_OUTPUTs               ; 0 / 85 ( 0 % )            ;
; HPS_INTERFACE_MPU_EVENT_STANDBY_INPUTs      ; 0 / 1 ( 0 % )             ;
; HPS_INTERFACE_MPU_EVENT_STANDBY_OUTPUTs     ; 0 / 5 ( 0 % )             ;
; HPS_INTERFACE_MPU_GENERAL_PURPOSE_INPUTs    ; 0 / 32 ( 0 % )            ;
; HPS_INTERFACE_MPU_GENERAL_PURPOSE_OUTPUTs   ; 0 / 32 ( 0 % )            ;
; HPS_INTERFACE_PERIPHERAL_CAN_INPUTs         ; 0 / 2 ( 0 % )             ;
; HPS_INTERFACE_PERIPHERAL_CAN_OUTPUTs        ; 0 / 2 ( 0 % )             ;
; HPS_INTERFACE_PERIPHERAL_EMAC_INPUTs        ; 0 / 32 ( 0 % )            ;
; HPS_INTERFACE_PERIPHERAL_EMAC_OUTPUTs       ; 0 / 34 ( 0 % )            ;
; HPS_INTERFACE_PERIPHERAL_I2C_INPUTs         ; 0 / 8 ( 0 % )             ;
; HPS_INTERFACE_PERIPHERAL_I2C_OUTPUTs        ; 0 / 8 ( 0 % )             ;
; HPS_INTERFACE_PERIPHERAL_NAND_INPUTs        ; 0 / 12 ( 0 % )            ;
; HPS_INTERFACE_PERIPHERAL_NAND_OUTPUTs       ; 0 / 18 ( 0 % )            ;
; HPS_INTERFACE_PERIPHERAL_QSPI_INPUTs        ; 0 / 4 ( 0 % )             ;
; HPS_INTERFACE_PERIPHERAL_QSPI_OUTPUTs       ; 0 / 13 ( 0 % )            ;
; HPS_INTERFACE_PERIPHERAL_SDMMC_INPUTs       ; 0 / 13 ( 0 % )            ;
; HPS_INTERFACE_PERIPHERAL_SDMMC_OUTPUTs      ; 0 / 22 ( 0 % )            ;
; HPS_INTERFACE_PERIPHERAL_SPI_MASTER_INPUTs  ; 0 / 4 ( 0 % )             ;
; HPS_INTERFACE_PERIPHERAL_SPI_MASTER_OUTPUTs ; 0 / 14 ( 0 % )            ;
; HPS_INTERFACE_PERIPHERAL_SPI_SLAVE_INPUTs   ; 0 / 6 ( 0 % )             ;
; HPS_INTERFACE_PERIPHERAL_SPI_SLAVE_OUTPUTs  ; 0 / 4 ( 0 % )             ;
; HPS_INTERFACE_PERIPHERAL_UART_INPUTs        ; 0 / 10 ( 0 % )            ;
; HPS_INTERFACE_PERIPHERAL_UART_OUTPUTs       ; 0 / 10 ( 0 % )            ;
; HPS_INTERFACE_PERIPHERAL_USB_INPUTs         ; 0 / 22 ( 0 % )            ;
; HPS_INTERFACE_PERIPHERAL_USB_OUTPUTs        ; 0 / 34 ( 0 % )            ;
; HPS_INTERFACE_STM_EVENT_INPUTs              ; 0 / 28 ( 0 % )            ;
; HPS_INTERFACE_TEST_INPUTs                   ; 0 / 610 ( 0 % )           ;
; HPS_INTERFACE_TEST_OUTPUTs                  ; 0 / 513 ( 0 % )           ;
; HPS_INTERFACE_TPIU_TRACE_INPUTs             ; 0 / 2 ( 0 % )             ;
; HPS_INTERFACE_TPIU_TRACE_OUTPUTs            ; 0 / 33 ( 0 % )            ;
; Horizontal periphery clocks                 ; 0 / 72 ( 0 % )            ;
; Local interconnects                         ; 323 / 84,580 ( < 1 % )    ;
; Quadrant clocks                             ; 0 / 66 ( 0 % )            ;
; R14 interconnects                           ; 29 / 12,676 ( < 1 % )     ;
; R14/C12 interconnect drivers                ; 48 / 20,720 ( < 1 % )     ;
; R3 interconnects                            ; 524 / 130,992 ( < 1 % )   ;
; R6 interconnects                            ; 705 / 266,960 ( < 1 % )   ;
; Spine clocks                                ; 7 / 360 ( 2 % )           ;
; Wire stub REs                               ; 0 / 15,858 ( 0 % )        ;
+---------------------------------------------+---------------------------+
>>>>>>> 1ee5570 (busca ativa com erros de exibição)


+------------------------------------------+
; I/O Rules Summary                        ;
+----------------------------------+-------+
; I/O Rules Statistic              ; Total ;
+----------------------------------+-------+
; Total I/O Rules                  ; 28    ;
; Number of I/O Rules Passed       ; 6     ;
; Number of I/O Rules Failed       ; 0     ;
; Number of I/O Rules Unchecked    ; 0     ;
; Number of I/O Rules Inapplicable ; 22    ;
+----------------------------------+-------+


+--------------------------------------------------------------------------------------------------------------------------------------------------------------------------------------------------------------------------------------------------------------------+
; I/O Rules Details                                                                                                                                                                                                                                                  ;
+--------------+-----------+-----------------------------------+------------------------------------------------------------------------------------+----------+--------------------------------------------------------------------------+------+-------------------+
; Status       ; ID        ; Category                          ; Rule Description                                                                   ; Severity ; Information                                                              ; Area ; Extra Information ;
+--------------+-----------+-----------------------------------+------------------------------------------------------------------------------------+----------+--------------------------------------------------------------------------+------+-------------------+
; Inapplicable ; IO_000002 ; Capacity Checks                   ; Number of clocks in an I/O bank should not exceed the number of clocks available.  ; Critical ; No Global Signal assignments found.                                      ; I/O  ;                   ;
; Pass         ; IO_000001 ; Capacity Checks                   ; Number of pins in an I/O bank should not exceed the number of locations available. ; Critical ; 0 such failures found.                                                   ; I/O  ;                   ;
; Pass         ; IO_000003 ; Capacity Checks                   ; Number of pins in a Vrefgroup should not exceed the number of locations available. ; Critical ; 0 such failures found.                                                   ; I/O  ;                   ;
; Inapplicable ; IO_000004 ; Voltage Compatibility Checks      ; The I/O bank should support the requested VCCIO.                                   ; Critical ; No IOBANK_VCCIO assignments found.                                       ; I/O  ;                   ;
; Inapplicable ; IO_000005 ; Voltage Compatibility Checks      ; The I/O bank should not have competing VREF values.                                ; Critical ; No VREF I/O Standard assignments found.                                  ; I/O  ;                   ;
; Pass         ; IO_000006 ; Voltage Compatibility Checks      ; The I/O bank should not have competing VCCIO values.                               ; Critical ; 0 such failures found.                                                   ; I/O  ;                   ;
; Pass         ; IO_000007 ; Valid Location Checks             ; Checks for unavailable locations.                                                  ; Critical ; 0 such failures found.                                                   ; I/O  ;                   ;
; Inapplicable ; IO_000008 ; Valid Location Checks             ; Checks for reserved locations.                                                     ; Critical ; No reserved LogicLock region found.                                      ; I/O  ;                   ;
; Inapplicable ; IO_000047 ; I/O Properties Checks for One I/O ; On Chip Termination and Slew Rate should not be used at the same time.             ; Critical ; No Slew Rate assignments found.                                          ; I/O  ;                   ;
; Inapplicable ; IO_000046 ; I/O Properties Checks for One I/O ; The location should support the requested Slew Rate value.                         ; Critical ; No Slew Rate assignments found.                                          ; I/O  ;                   ;
; Inapplicable ; IO_000045 ; I/O Properties Checks for One I/O ; The I/O standard should support the requested Slew Rate value.                     ; Critical ; No Slew Rate assignments found.                                          ; I/O  ;                   ;
; Inapplicable ; IO_000027 ; I/O Properties Checks for One I/O ; Weak Pull Up and Bus Hold should not be used at the same time.                     ; Critical ; No Enable Bus-Hold Circuitry or Weak Pull-Up Resistor assignments found. ; I/O  ;                   ;
; Inapplicable ; IO_000026 ; I/O Properties Checks for One I/O ; On Chip Termination and Current Strength should not be used at the same time.      ; Critical ; No Current Strength or Termination assignments found.                    ; I/O  ;                   ;
; Inapplicable ; IO_000024 ; I/O Properties Checks for One I/O ; The I/O direction should support the On Chip Termination value.                    ; Critical ; No Termination assignments found.                                        ; I/O  ;                   ;
; Inapplicable ; IO_000023 ; I/O Properties Checks for One I/O ; The I/O standard should support the Open Drain value.                              ; Critical ; No open drain assignments found.                                         ; I/O  ;                   ;
; Inapplicable ; IO_000022 ; I/O Properties Checks for One I/O ; The I/O standard should support the requested Bus Hold value.                      ; Critical ; No Enable Bus-Hold Circuitry assignments found.                          ; I/O  ;                   ;
; Inapplicable ; IO_000021 ; I/O Properties Checks for One I/O ; The I/O standard should support the requested Weak Pull Up value.                  ; Critical ; No Weak Pull-Up Resistor assignments found.                              ; I/O  ;                   ;
; Inapplicable ; IO_000020 ; I/O Properties Checks for One I/O ; The I/O standard should support the requested PCI Clamp Diode.                     ; Critical ; No Clamping Diode assignments found.                                     ; I/O  ;                   ;
; Inapplicable ; IO_000019 ; I/O Properties Checks for One I/O ; The I/O standard should support the requested On Chip Termination value.           ; Critical ; No Termination assignments found.                                        ; I/O  ;                   ;
; Inapplicable ; IO_000018 ; I/O Properties Checks for One I/O ; The I/O standard should support the requested Current Strength.                    ; Critical ; No Current Strength assignments found.                                   ; I/O  ;                   ;
; Inapplicable ; IO_000015 ; I/O Properties Checks for One I/O ; The location should support the requested PCI Clamp Diode.                         ; Critical ; No Clamping Diode assignments found.                                     ; I/O  ;                   ;
; Inapplicable ; IO_000014 ; I/O Properties Checks for One I/O ; The location should support the requested Weak Pull Up value.                      ; Critical ; No Weak Pull-Up Resistor assignments found.                              ; I/O  ;                   ;
; Inapplicable ; IO_000013 ; I/O Properties Checks for One I/O ; The location should support the requested Bus Hold value.                          ; Critical ; No Enable Bus-Hold Circuitry assignments found.                          ; I/O  ;                   ;
; Inapplicable ; IO_000012 ; I/O Properties Checks for One I/O ; The location should support the requested On Chip Termination value.               ; Critical ; No Termination assignments found.                                        ; I/O  ;                   ;
; Inapplicable ; IO_000011 ; I/O Properties Checks for One I/O ; The location should support the requested Current Strength.                        ; Critical ; No Current Strength assignments found.                                   ; I/O  ;                   ;
; Pass         ; IO_000010 ; I/O Properties Checks for One I/O ; The location should support the requested I/O direction.                           ; Critical ; 0 such failures found.                                                   ; I/O  ;                   ;
; Pass         ; IO_000009 ; I/O Properties Checks for One I/O ; The location should support the requested I/O standard.                            ; Critical ; 0 such failures found.                                                   ; I/O  ;                   ;
; Inapplicable ; IO_000034 ; SI Related Distance Checks        ; Single-ended outputs should be 0 LAB row(s) away from a differential I/O.          ; High     ; No Differential I/O Standard assignments found.                          ; I/O  ;                   ;
+--------------+-----------+-----------------------------------+------------------------------------------------------------------------------------+----------+--------------------------------------------------------------------------+------+-------------------+


+--------------------------------------------------------------------------------------------------------------------------------------------------------------------------------------------------------------------------------------------------------------------------------------------------------------------------------------------------------------------------------------------------------------------------------------+
; I/O Rules Matrix                                                                                                                                                                                                                                                                                                                                                                                                                     ;
+--------------------+--------------+-----------+-----------+--------------+--------------+-----------+-----------+--------------+--------------+--------------+--------------+--------------+--------------+--------------+--------------+--------------+--------------+--------------+--------------+--------------+--------------+--------------+--------------+--------------+--------------+-----------+-----------+--------------+
; Pin/Rules          ; IO_000002    ; IO_000001 ; IO_000003 ; IO_000004    ; IO_000005    ; IO_000006 ; IO_000007 ; IO_000008    ; IO_000047    ; IO_000046    ; IO_000045    ; IO_000027    ; IO_000026    ; IO_000024    ; IO_000023    ; IO_000022    ; IO_000021    ; IO_000020    ; IO_000019    ; IO_000018    ; IO_000015    ; IO_000014    ; IO_000013    ; IO_000012    ; IO_000011    ; IO_000010 ; IO_000009 ; IO_000034    ;
+--------------------+--------------+-----------+-----------+--------------+--------------+-----------+-----------+--------------+--------------+--------------+--------------+--------------+--------------+--------------+--------------+--------------+--------------+--------------+--------------+--------------+--------------+--------------+--------------+--------------+--------------+-----------+-----------+--------------+
; Total Pass         ; 0            ; 54        ; 54        ; 0            ; 0            ; 54        ; 54        ; 0            ; 0            ; 0            ; 0            ; 0            ; 0            ; 0            ; 0            ; 0            ; 0            ; 0            ; 0            ; 0            ; 0            ; 0            ; 0            ; 0            ; 0            ; 54        ; 54        ; 0            ;
; Total Unchecked    ; 0            ; 0         ; 0         ; 0            ; 0            ; 0         ; 0         ; 0            ; 0            ; 0            ; 0            ; 0            ; 0            ; 0            ; 0            ; 0            ; 0            ; 0            ; 0            ; 0            ; 0            ; 0            ; 0            ; 0            ; 0            ; 0         ; 0         ; 0            ;
; Total Inapplicable ; 54           ; 0         ; 0         ; 54           ; 54           ; 0         ; 0         ; 54           ; 54           ; 54           ; 54           ; 54           ; 54           ; 54           ; 54           ; 54           ; 54           ; 54           ; 54           ; 54           ; 54           ; 54           ; 54           ; 54           ; 54           ; 0         ; 0         ; 54           ;
; Total Fail         ; 0            ; 0         ; 0         ; 0            ; 0            ; 0         ; 0         ; 0            ; 0            ; 0            ; 0            ; 0            ; 0            ; 0            ; 0            ; 0            ; 0            ; 0            ; 0            ; 0            ; 0            ; 0            ; 0            ; 0            ; 0            ; 0         ; 0         ; 0            ;
; SW[1]              ; Inapplicable ; Pass      ; Pass      ; Inapplicable ; Inapplicable ; Pass      ; Pass      ; Inapplicable ; Inapplicable ; Inapplicable ; Inapplicable ; Inapplicable ; Inapplicable ; Inapplicable ; Inapplicable ; Inapplicable ; Inapplicable ; Inapplicable ; Inapplicable ; Inapplicable ; Inapplicable ; Inapplicable ; Inapplicable ; Inapplicable ; Inapplicable ; Pass      ; Pass      ; Inapplicable ;
; SW[2]              ; Inapplicable ; Pass      ; Pass      ; Inapplicable ; Inapplicable ; Pass      ; Pass      ; Inapplicable ; Inapplicable ; Inapplicable ; Inapplicable ; Inapplicable ; Inapplicable ; Inapplicable ; Inapplicable ; Inapplicable ; Inapplicable ; Inapplicable ; Inapplicable ; Inapplicable ; Inapplicable ; Inapplicable ; Inapplicable ; Inapplicable ; Inapplicable ; Pass      ; Pass      ; Inapplicable ;
; SW[3]              ; Inapplicable ; Pass      ; Pass      ; Inapplicable ; Inapplicable ; Pass      ; Pass      ; Inapplicable ; Inapplicable ; Inapplicable ; Inapplicable ; Inapplicable ; Inapplicable ; Inapplicable ; Inapplicable ; Inapplicable ; Inapplicable ; Inapplicable ; Inapplicable ; Inapplicable ; Inapplicable ; Inapplicable ; Inapplicable ; Inapplicable ; Inapplicable ; Pass      ; Pass      ; Inapplicable ;
; SW[4]              ; Inapplicable ; Pass      ; Pass      ; Inapplicable ; Inapplicable ; Pass      ; Pass      ; Inapplicable ; Inapplicable ; Inapplicable ; Inapplicable ; Inapplicable ; Inapplicable ; Inapplicable ; Inapplicable ; Inapplicable ; Inapplicable ; Inapplicable ; Inapplicable ; Inapplicable ; Inapplicable ; Inapplicable ; Inapplicable ; Inapplicable ; Inapplicable ; Pass      ; Pass      ; Inapplicable ;
; SW[5]              ; Inapplicable ; Pass      ; Pass      ; Inapplicable ; Inapplicable ; Pass      ; Pass      ; Inapplicable ; Inapplicable ; Inapplicable ; Inapplicable ; Inapplicable ; Inapplicable ; Inapplicable ; Inapplicable ; Inapplicable ; Inapplicable ; Inapplicable ; Inapplicable ; Inapplicable ; Inapplicable ; Inapplicable ; Inapplicable ; Inapplicable ; Inapplicable ; Pass      ; Pass      ; Inapplicable ;
; SW[6]              ; Inapplicable ; Pass      ; Pass      ; Inapplicable ; Inapplicable ; Pass      ; Pass      ; Inapplicable ; Inapplicable ; Inapplicable ; Inapplicable ; Inapplicable ; Inapplicable ; Inapplicable ; Inapplicable ; Inapplicable ; Inapplicable ; Inapplicable ; Inapplicable ; Inapplicable ; Inapplicable ; Inapplicable ; Inapplicable ; Inapplicable ; Inapplicable ; Pass      ; Pass      ; Inapplicable ;
; SW[7]              ; Inapplicable ; Pass      ; Pass      ; Inapplicable ; Inapplicable ; Pass      ; Pass      ; Inapplicable ; Inapplicable ; Inapplicable ; Inapplicable ; Inapplicable ; Inapplicable ; Inapplicable ; Inapplicable ; Inapplicable ; Inapplicable ; Inapplicable ; Inapplicable ; Inapplicable ; Inapplicable ; Inapplicable ; Inapplicable ; Inapplicable ; Inapplicable ; Pass      ; Pass      ; Inapplicable ;
; SW[8]              ; Inapplicable ; Pass      ; Pass      ; Inapplicable ; Inapplicable ; Pass      ; Pass      ; Inapplicable ; Inapplicable ; Inapplicable ; Inapplicable ; Inapplicable ; Inapplicable ; Inapplicable ; Inapplicable ; Inapplicable ; Inapplicable ; Inapplicable ; Inapplicable ; Inapplicable ; Inapplicable ; Inapplicable ; Inapplicable ; Inapplicable ; Inapplicable ; Pass      ; Pass      ; Inapplicable ;
; SW[9]              ; Inapplicable ; Pass      ; Pass      ; Inapplicable ; Inapplicable ; Pass      ; Pass      ; Inapplicable ; Inapplicable ; Inapplicable ; Inapplicable ; Inapplicable ; Inapplicable ; Inapplicable ; Inapplicable ; Inapplicable ; Inapplicable ; Inapplicable ; Inapplicable ; Inapplicable ; Inapplicable ; Inapplicable ; Inapplicable ; Inapplicable ; Inapplicable ; Pass      ; Pass      ; Inapplicable ;
; LEDR[0]            ; Inapplicable ; Pass      ; Pass      ; Inapplicable ; Inapplicable ; Pass      ; Pass      ; Inapplicable ; Inapplicable ; Inapplicable ; Inapplicable ; Inapplicable ; Inapplicable ; Inapplicable ; Inapplicable ; Inapplicable ; Inapplicable ; Inapplicable ; Inapplicable ; Inapplicable ; Inapplicable ; Inapplicable ; Inapplicable ; Inapplicable ; Inapplicable ; Pass      ; Pass      ; Inapplicable ;
; LEDR[1]            ; Inapplicable ; Pass      ; Pass      ; Inapplicable ; Inapplicable ; Pass      ; Pass      ; Inapplicable ; Inapplicable ; Inapplicable ; Inapplicable ; Inapplicable ; Inapplicable ; Inapplicable ; Inapplicable ; Inapplicable ; Inapplicable ; Inapplicable ; Inapplicable ; Inapplicable ; Inapplicable ; Inapplicable ; Inapplicable ; Inapplicable ; Inapplicable ; Pass      ; Pass      ; Inapplicable ;
; LEDR[2]            ; Inapplicable ; Pass      ; Pass      ; Inapplicable ; Inapplicable ; Pass      ; Pass      ; Inapplicable ; Inapplicable ; Inapplicable ; Inapplicable ; Inapplicable ; Inapplicable ; Inapplicable ; Inapplicable ; Inapplicable ; Inapplicable ; Inapplicable ; Inapplicable ; Inapplicable ; Inapplicable ; Inapplicable ; Inapplicable ; Inapplicable ; Inapplicable ; Pass      ; Pass      ; Inapplicable ;
; LEDR[3]            ; Inapplicable ; Pass      ; Pass      ; Inapplicable ; Inapplicable ; Pass      ; Pass      ; Inapplicable ; Inapplicable ; Inapplicable ; Inapplicable ; Inapplicable ; Inapplicable ; Inapplicable ; Inapplicable ; Inapplicable ; Inapplicable ; Inapplicable ; Inapplicable ; Inapplicable ; Inapplicable ; Inapplicable ; Inapplicable ; Inapplicable ; Inapplicable ; Pass      ; Pass      ; Inapplicable ;
; LEDR[4]            ; Inapplicable ; Pass      ; Pass      ; Inapplicable ; Inapplicable ; Pass      ; Pass      ; Inapplicable ; Inapplicable ; Inapplicable ; Inapplicable ; Inapplicable ; Inapplicable ; Inapplicable ; Inapplicable ; Inapplicable ; Inapplicable ; Inapplicable ; Inapplicable ; Inapplicable ; Inapplicable ; Inapplicable ; Inapplicable ; Inapplicable ; Inapplicable ; Pass      ; Pass      ; Inapplicable ;
; LEDR[5]            ; Inapplicable ; Pass      ; Pass      ; Inapplicable ; Inapplicable ; Pass      ; Pass      ; Inapplicable ; Inapplicable ; Inapplicable ; Inapplicable ; Inapplicable ; Inapplicable ; Inapplicable ; Inapplicable ; Inapplicable ; Inapplicable ; Inapplicable ; Inapplicable ; Inapplicable ; Inapplicable ; Inapplicable ; Inapplicable ; Inapplicable ; Inapplicable ; Pass      ; Pass      ; Inapplicable ;
; LEDR[6]            ; Inapplicable ; Pass      ; Pass      ; Inapplicable ; Inapplicable ; Pass      ; Pass      ; Inapplicable ; Inapplicable ; Inapplicable ; Inapplicable ; Inapplicable ; Inapplicable ; Inapplicable ; Inapplicable ; Inapplicable ; Inapplicable ; Inapplicable ; Inapplicable ; Inapplicable ; Inapplicable ; Inapplicable ; Inapplicable ; Inapplicable ; Inapplicable ; Pass      ; Pass      ; Inapplicable ;
; LEDR[7]            ; Inapplicable ; Pass      ; Pass      ; Inapplicable ; Inapplicable ; Pass      ; Pass      ; Inapplicable ; Inapplicable ; Inapplicable ; Inapplicable ; Inapplicable ; Inapplicable ; Inapplicable ; Inapplicable ; Inapplicable ; Inapplicable ; Inapplicable ; Inapplicable ; Inapplicable ; Inapplicable ; Inapplicable ; Inapplicable ; Inapplicable ; Inapplicable ; Pass      ; Pass      ; Inapplicable ;
; LEDR[8]            ; Inapplicable ; Pass      ; Pass      ; Inapplicable ; Inapplicable ; Pass      ; Pass      ; Inapplicable ; Inapplicable ; Inapplicable ; Inapplicable ; Inapplicable ; Inapplicable ; Inapplicable ; Inapplicable ; Inapplicable ; Inapplicable ; Inapplicable ; Inapplicable ; Inapplicable ; Inapplicable ; Inapplicable ; Inapplicable ; Inapplicable ; Inapplicable ; Pass      ; Pass      ; Inapplicable ;
; LEDR[9]            ; Inapplicable ; Pass      ; Pass      ; Inapplicable ; Inapplicable ; Pass      ; Pass      ; Inapplicable ; Inapplicable ; Inapplicable ; Inapplicable ; Inapplicable ; Inapplicable ; Inapplicable ; Inapplicable ; Inapplicable ; Inapplicable ; Inapplicable ; Inapplicable ; Inapplicable ; Inapplicable ; Inapplicable ; Inapplicable ; Inapplicable ; Inapplicable ; Pass      ; Pass      ; Inapplicable ;
; VGA_HS             ; Inapplicable ; Pass      ; Pass      ; Inapplicable ; Inapplicable ; Pass      ; Pass      ; Inapplicable ; Inapplicable ; Inapplicable ; Inapplicable ; Inapplicable ; Inapplicable ; Inapplicable ; Inapplicable ; Inapplicable ; Inapplicable ; Inapplicable ; Inapplicable ; Inapplicable ; Inapplicable ; Inapplicable ; Inapplicable ; Inapplicable ; Inapplicable ; Pass      ; Pass      ; Inapplicable ;
; VGA_VS             ; Inapplicable ; Pass      ; Pass      ; Inapplicable ; Inapplicable ; Pass      ; Pass      ; Inapplicable ; Inapplicable ; Inapplicable ; Inapplicable ; Inapplicable ; Inapplicable ; Inapplicable ; Inapplicable ; Inapplicable ; Inapplicable ; Inapplicable ; Inapplicable ; Inapplicable ; Inapplicable ; Inapplicable ; Inapplicable ; Inapplicable ; Inapplicable ; Pass      ; Pass      ; Inapplicable ;
; VGA_R[0]           ; Inapplicable ; Pass      ; Pass      ; Inapplicable ; Inapplicable ; Pass      ; Pass      ; Inapplicable ; Inapplicable ; Inapplicable ; Inapplicable ; Inapplicable ; Inapplicable ; Inapplicable ; Inapplicable ; Inapplicable ; Inapplicable ; Inapplicable ; Inapplicable ; Inapplicable ; Inapplicable ; Inapplicable ; Inapplicable ; Inapplicable ; Inapplicable ; Pass      ; Pass      ; Inapplicable ;
; VGA_R[1]           ; Inapplicable ; Pass      ; Pass      ; Inapplicable ; Inapplicable ; Pass      ; Pass      ; Inapplicable ; Inapplicable ; Inapplicable ; Inapplicable ; Inapplicable ; Inapplicable ; Inapplicable ; Inapplicable ; Inapplicable ; Inapplicable ; Inapplicable ; Inapplicable ; Inapplicable ; Inapplicable ; Inapplicable ; Inapplicable ; Inapplicable ; Inapplicable ; Pass      ; Pass      ; Inapplicable ;
; VGA_R[2]           ; Inapplicable ; Pass      ; Pass      ; Inapplicable ; Inapplicable ; Pass      ; Pass      ; Inapplicable ; Inapplicable ; Inapplicable ; Inapplicable ; Inapplicable ; Inapplicable ; Inapplicable ; Inapplicable ; Inapplicable ; Inapplicable ; Inapplicable ; Inapplicable ; Inapplicable ; Inapplicable ; Inapplicable ; Inapplicable ; Inapplicable ; Inapplicable ; Pass      ; Pass      ; Inapplicable ;
; VGA_R[3]           ; Inapplicable ; Pass      ; Pass      ; Inapplicable ; Inapplicable ; Pass      ; Pass      ; Inapplicable ; Inapplicable ; Inapplicable ; Inapplicable ; Inapplicable ; Inapplicable ; Inapplicable ; Inapplicable ; Inapplicable ; Inapplicable ; Inapplicable ; Inapplicable ; Inapplicable ; Inapplicable ; Inapplicable ; Inapplicable ; Inapplicable ; Inapplicable ; Pass      ; Pass      ; Inapplicable ;
; VGA_R[4]           ; Inapplicable ; Pass      ; Pass      ; Inapplicable ; Inapplicable ; Pass      ; Pass      ; Inapplicable ; Inapplicable ; Inapplicable ; Inapplicable ; Inapplicable ; Inapplicable ; Inapplicable ; Inapplicable ; Inapplicable ; Inapplicable ; Inapplicable ; Inapplicable ; Inapplicable ; Inapplicable ; Inapplicable ; Inapplicable ; Inapplicable ; Inapplicable ; Pass      ; Pass      ; Inapplicable ;
; VGA_R[5]           ; Inapplicable ; Pass      ; Pass      ; Inapplicable ; Inapplicable ; Pass      ; Pass      ; Inapplicable ; Inapplicable ; Inapplicable ; Inapplicable ; Inapplicable ; Inapplicable ; Inapplicable ; Inapplicable ; Inapplicable ; Inapplicable ; Inapplicable ; Inapplicable ; Inapplicable ; Inapplicable ; Inapplicable ; Inapplicable ; Inapplicable ; Inapplicable ; Pass      ; Pass      ; Inapplicable ;
; VGA_R[6]           ; Inapplicable ; Pass      ; Pass      ; Inapplicable ; Inapplicable ; Pass      ; Pass      ; Inapplicable ; Inapplicable ; Inapplicable ; Inapplicable ; Inapplicable ; Inapplicable ; Inapplicable ; Inapplicable ; Inapplicable ; Inapplicable ; Inapplicable ; Inapplicable ; Inapplicable ; Inapplicable ; Inapplicable ; Inapplicable ; Inapplicable ; Inapplicable ; Pass      ; Pass      ; Inapplicable ;
; VGA_R[7]           ; Inapplicable ; Pass      ; Pass      ; Inapplicable ; Inapplicable ; Pass      ; Pass      ; Inapplicable ; Inapplicable ; Inapplicable ; Inapplicable ; Inapplicable ; Inapplicable ; Inapplicable ; Inapplicable ; Inapplicable ; Inapplicable ; Inapplicable ; Inapplicable ; Inapplicable ; Inapplicable ; Inapplicable ; Inapplicable ; Inapplicable ; Inapplicable ; Pass      ; Pass      ; Inapplicable ;
; VGA_G[0]           ; Inapplicable ; Pass      ; Pass      ; Inapplicable ; Inapplicable ; Pass      ; Pass      ; Inapplicable ; Inapplicable ; Inapplicable ; Inapplicable ; Inapplicable ; Inapplicable ; Inapplicable ; Inapplicable ; Inapplicable ; Inapplicable ; Inapplicable ; Inapplicable ; Inapplicable ; Inapplicable ; Inapplicable ; Inapplicable ; Inapplicable ; Inapplicable ; Pass      ; Pass      ; Inapplicable ;
; VGA_G[1]           ; Inapplicable ; Pass      ; Pass      ; Inapplicable ; Inapplicable ; Pass      ; Pass      ; Inapplicable ; Inapplicable ; Inapplicable ; Inapplicable ; Inapplicable ; Inapplicable ; Inapplicable ; Inapplicable ; Inapplicable ; Inapplicable ; Inapplicable ; Inapplicable ; Inapplicable ; Inapplicable ; Inapplicable ; Inapplicable ; Inapplicable ; Inapplicable ; Pass      ; Pass      ; Inapplicable ;
; VGA_G[2]           ; Inapplicable ; Pass      ; Pass      ; Inapplicable ; Inapplicable ; Pass      ; Pass      ; Inapplicable ; Inapplicable ; Inapplicable ; Inapplicable ; Inapplicable ; Inapplicable ; Inapplicable ; Inapplicable ; Inapplicable ; Inapplicable ; Inapplicable ; Inapplicable ; Inapplicable ; Inapplicable ; Inapplicable ; Inapplicable ; Inapplicable ; Inapplicable ; Pass      ; Pass      ; Inapplicable ;
; VGA_G[3]           ; Inapplicable ; Pass      ; Pass      ; Inapplicable ; Inapplicable ; Pass      ; Pass      ; Inapplicable ; Inapplicable ; Inapplicable ; Inapplicable ; Inapplicable ; Inapplicable ; Inapplicable ; Inapplicable ; Inapplicable ; Inapplicable ; Inapplicable ; Inapplicable ; Inapplicable ; Inapplicable ; Inapplicable ; Inapplicable ; Inapplicable ; Inapplicable ; Pass      ; Pass      ; Inapplicable ;
; VGA_G[4]           ; Inapplicable ; Pass      ; Pass      ; Inapplicable ; Inapplicable ; Pass      ; Pass      ; Inapplicable ; Inapplicable ; Inapplicable ; Inapplicable ; Inapplicable ; Inapplicable ; Inapplicable ; Inapplicable ; Inapplicable ; Inapplicable ; Inapplicable ; Inapplicable ; Inapplicable ; Inapplicable ; Inapplicable ; Inapplicable ; Inapplicable ; Inapplicable ; Pass      ; Pass      ; Inapplicable ;
; VGA_G[5]           ; Inapplicable ; Pass      ; Pass      ; Inapplicable ; Inapplicable ; Pass      ; Pass      ; Inapplicable ; Inapplicable ; Inapplicable ; Inapplicable ; Inapplicable ; Inapplicable ; Inapplicable ; Inapplicable ; Inapplicable ; Inapplicable ; Inapplicable ; Inapplicable ; Inapplicable ; Inapplicable ; Inapplicable ; Inapplicable ; Inapplicable ; Inapplicable ; Pass      ; Pass      ; Inapplicable ;
; VGA_G[6]           ; Inapplicable ; Pass      ; Pass      ; Inapplicable ; Inapplicable ; Pass      ; Pass      ; Inapplicable ; Inapplicable ; Inapplicable ; Inapplicable ; Inapplicable ; Inapplicable ; Inapplicable ; Inapplicable ; Inapplicable ; Inapplicable ; Inapplicable ; Inapplicable ; Inapplicable ; Inapplicable ; Inapplicable ; Inapplicable ; Inapplicable ; Inapplicable ; Pass      ; Pass      ; Inapplicable ;
; VGA_G[7]           ; Inapplicable ; Pass      ; Pass      ; Inapplicable ; Inapplicable ; Pass      ; Pass      ; Inapplicable ; Inapplicable ; Inapplicable ; Inapplicable ; Inapplicable ; Inapplicable ; Inapplicable ; Inapplicable ; Inapplicable ; Inapplicable ; Inapplicable ; Inapplicable ; Inapplicable ; Inapplicable ; Inapplicable ; Inapplicable ; Inapplicable ; Inapplicable ; Pass      ; Pass      ; Inapplicable ;
; VGA_B[0]           ; Inapplicable ; Pass      ; Pass      ; Inapplicable ; Inapplicable ; Pass      ; Pass      ; Inapplicable ; Inapplicable ; Inapplicable ; Inapplicable ; Inapplicable ; Inapplicable ; Inapplicable ; Inapplicable ; Inapplicable ; Inapplicable ; Inapplicable ; Inapplicable ; Inapplicable ; Inapplicable ; Inapplicable ; Inapplicable ; Inapplicable ; Inapplicable ; Pass      ; Pass      ; Inapplicable ;
; VGA_B[1]           ; Inapplicable ; Pass      ; Pass      ; Inapplicable ; Inapplicable ; Pass      ; Pass      ; Inapplicable ; Inapplicable ; Inapplicable ; Inapplicable ; Inapplicable ; Inapplicable ; Inapplicable ; Inapplicable ; Inapplicable ; Inapplicable ; Inapplicable ; Inapplicable ; Inapplicable ; Inapplicable ; Inapplicable ; Inapplicable ; Inapplicable ; Inapplicable ; Pass      ; Pass      ; Inapplicable ;
; VGA_B[2]           ; Inapplicable ; Pass      ; Pass      ; Inapplicable ; Inapplicable ; Pass      ; Pass      ; Inapplicable ; Inapplicable ; Inapplicable ; Inapplicable ; Inapplicable ; Inapplicable ; Inapplicable ; Inapplicable ; Inapplicable ; Inapplicable ; Inapplicable ; Inapplicable ; Inapplicable ; Inapplicable ; Inapplicable ; Inapplicable ; Inapplicable ; Inapplicable ; Pass      ; Pass      ; Inapplicable ;
; VGA_B[3]           ; Inapplicable ; Pass      ; Pass      ; Inapplicable ; Inapplicable ; Pass      ; Pass      ; Inapplicable ; Inapplicable ; Inapplicable ; Inapplicable ; Inapplicable ; Inapplicable ; Inapplicable ; Inapplicable ; Inapplicable ; Inapplicable ; Inapplicable ; Inapplicable ; Inapplicable ; Inapplicable ; Inapplicable ; Inapplicable ; Inapplicable ; Inapplicable ; Pass      ; Pass      ; Inapplicable ;
; VGA_B[4]           ; Inapplicable ; Pass      ; Pass      ; Inapplicable ; Inapplicable ; Pass      ; Pass      ; Inapplicable ; Inapplicable ; Inapplicable ; Inapplicable ; Inapplicable ; Inapplicable ; Inapplicable ; Inapplicable ; Inapplicable ; Inapplicable ; Inapplicable ; Inapplicable ; Inapplicable ; Inapplicable ; Inapplicable ; Inapplicable ; Inapplicable ; Inapplicable ; Pass      ; Pass      ; Inapplicable ;
; VGA_B[5]           ; Inapplicable ; Pass      ; Pass      ; Inapplicable ; Inapplicable ; Pass      ; Pass      ; Inapplicable ; Inapplicable ; Inapplicable ; Inapplicable ; Inapplicable ; Inapplicable ; Inapplicable ; Inapplicable ; Inapplicable ; Inapplicable ; Inapplicable ; Inapplicable ; Inapplicable ; Inapplicable ; Inapplicable ; Inapplicable ; Inapplicable ; Inapplicable ; Pass      ; Pass      ; Inapplicable ;
; VGA_B[6]           ; Inapplicable ; Pass      ; Pass      ; Inapplicable ; Inapplicable ; Pass      ; Pass      ; Inapplicable ; Inapplicable ; Inapplicable ; Inapplicable ; Inapplicable ; Inapplicable ; Inapplicable ; Inapplicable ; Inapplicable ; Inapplicable ; Inapplicable ; Inapplicable ; Inapplicable ; Inapplicable ; Inapplicable ; Inapplicable ; Inapplicable ; Inapplicable ; Pass      ; Pass      ; Inapplicable ;
; VGA_B[7]           ; Inapplicable ; Pass      ; Pass      ; Inapplicable ; Inapplicable ; Pass      ; Pass      ; Inapplicable ; Inapplicable ; Inapplicable ; Inapplicable ; Inapplicable ; Inapplicable ; Inapplicable ; Inapplicable ; Inapplicable ; Inapplicable ; Inapplicable ; Inapplicable ; Inapplicable ; Inapplicable ; Inapplicable ; Inapplicable ; Inapplicable ; Inapplicable ; Pass      ; Pass      ; Inapplicable ;
; VGA_BLANK_N        ; Inapplicable ; Pass      ; Pass      ; Inapplicable ; Inapplicable ; Pass      ; Pass      ; Inapplicable ; Inapplicable ; Inapplicable ; Inapplicable ; Inapplicable ; Inapplicable ; Inapplicable ; Inapplicable ; Inapplicable ; Inapplicable ; Inapplicable ; Inapplicable ; Inapplicable ; Inapplicable ; Inapplicable ; Inapplicable ; Inapplicable ; Inapplicable ; Pass      ; Pass      ; Inapplicable ;
; VGA_SYNC_N         ; Inapplicable ; Pass      ; Pass      ; Inapplicable ; Inapplicable ; Pass      ; Pass      ; Inapplicable ; Inapplicable ; Inapplicable ; Inapplicable ; Inapplicable ; Inapplicable ; Inapplicable ; Inapplicable ; Inapplicable ; Inapplicable ; Inapplicable ; Inapplicable ; Inapplicable ; Inapplicable ; Inapplicable ; Inapplicable ; Inapplicable ; Inapplicable ; Pass      ; Pass      ; Inapplicable ;
; VGA_CLK            ; Inapplicable ; Pass      ; Pass      ; Inapplicable ; Inapplicable ; Pass      ; Pass      ; Inapplicable ; Inapplicable ; Inapplicable ; Inapplicable ; Inapplicable ; Inapplicable ; Inapplicable ; Inapplicable ; Inapplicable ; Inapplicable ; Inapplicable ; Inapplicable ; Inapplicable ; Inapplicable ; Inapplicable ; Inapplicable ; Inapplicable ; Inapplicable ; Pass      ; Pass      ; Inapplicable ;
; SW[0]              ; Inapplicable ; Pass      ; Pass      ; Inapplicable ; Inapplicable ; Pass      ; Pass      ; Inapplicable ; Inapplicable ; Inapplicable ; Inapplicable ; Inapplicable ; Inapplicable ; Inapplicable ; Inapplicable ; Inapplicable ; Inapplicable ; Inapplicable ; Inapplicable ; Inapplicable ; Inapplicable ; Inapplicable ; Inapplicable ; Inapplicable ; Inapplicable ; Pass      ; Pass      ; Inapplicable ;
; KEY[0]             ; Inapplicable ; Pass      ; Pass      ; Inapplicable ; Inapplicable ; Pass      ; Pass      ; Inapplicable ; Inapplicable ; Inapplicable ; Inapplicable ; Inapplicable ; Inapplicable ; Inapplicable ; Inapplicable ; Inapplicable ; Inapplicable ; Inapplicable ; Inapplicable ; Inapplicable ; Inapplicable ; Inapplicable ; Inapplicable ; Inapplicable ; Inapplicable ; Pass      ; Pass      ; Inapplicable ;
; CLOCK_50           ; Inapplicable ; Pass      ; Pass      ; Inapplicable ; Inapplicable ; Pass      ; Pass      ; Inapplicable ; Inapplicable ; Inapplicable ; Inapplicable ; Inapplicable ; Inapplicable ; Inapplicable ; Inapplicable ; Inapplicable ; Inapplicable ; Inapplicable ; Inapplicable ; Inapplicable ; Inapplicable ; Inapplicable ; Inapplicable ; Inapplicable ; Inapplicable ; Pass      ; Pass      ; Inapplicable ;
<<<<<<< HEAD
; KEY[3]             ; Inapplicable ; Pass      ; Pass      ; Inapplicable ; Inapplicable ; Pass      ; Pass      ; Inapplicable ; Inapplicable ; Inapplicable ; Inapplicable ; Inapplicable ; Inapplicable ; Inapplicable ; Inapplicable ; Inapplicable ; Inapplicable ; Inapplicable ; Inapplicable ; Inapplicable ; Inapplicable ; Inapplicable ; Inapplicable ; Inapplicable ; Inapplicable ; Pass      ; Pass      ; Inapplicable ;
; KEY[2]             ; Inapplicable ; Pass      ; Pass      ; Inapplicable ; Inapplicable ; Pass      ; Pass      ; Inapplicable ; Inapplicable ; Inapplicable ; Inapplicable ; Inapplicable ; Inapplicable ; Inapplicable ; Inapplicable ; Inapplicable ; Inapplicable ; Inapplicable ; Inapplicable ; Inapplicable ; Inapplicable ; Inapplicable ; Inapplicable ; Inapplicable ; Inapplicable ; Pass      ; Pass      ; Inapplicable ;
=======
; KEY[2]             ; Inapplicable ; Pass      ; Pass      ; Inapplicable ; Inapplicable ; Pass      ; Pass      ; Inapplicable ; Inapplicable ; Inapplicable ; Inapplicable ; Inapplicable ; Inapplicable ; Inapplicable ; Inapplicable ; Inapplicable ; Inapplicable ; Inapplicable ; Inapplicable ; Inapplicable ; Inapplicable ; Inapplicable ; Inapplicable ; Inapplicable ; Inapplicable ; Pass      ; Pass      ; Inapplicable ;
; KEY[3]             ; Inapplicable ; Pass      ; Pass      ; Inapplicable ; Inapplicable ; Pass      ; Pass      ; Inapplicable ; Inapplicable ; Inapplicable ; Inapplicable ; Inapplicable ; Inapplicable ; Inapplicable ; Inapplicable ; Inapplicable ; Inapplicable ; Inapplicable ; Inapplicable ; Inapplicable ; Inapplicable ; Inapplicable ; Inapplicable ; Inapplicable ; Inapplicable ; Pass      ; Pass      ; Inapplicable ;
>>>>>>> 1ee5570 (busca ativa com erros de exibição)
; KEY[1]             ; Inapplicable ; Pass      ; Pass      ; Inapplicable ; Inapplicable ; Pass      ; Pass      ; Inapplicable ; Inapplicable ; Inapplicable ; Inapplicable ; Inapplicable ; Inapplicable ; Inapplicable ; Inapplicable ; Inapplicable ; Inapplicable ; Inapplicable ; Inapplicable ; Inapplicable ; Inapplicable ; Inapplicable ; Inapplicable ; Inapplicable ; Inapplicable ; Pass      ; Pass      ; Inapplicable ;
+--------------------+--------------+-----------+-----------+--------------+--------------+-----------+-----------+--------------+--------------+--------------+--------------+--------------+--------------+--------------+--------------+--------------+--------------+--------------+--------------+--------------+--------------+--------------+--------------+--------------+--------------+-----------+-----------+--------------+


+------------------------------------------------------------------------------------------------+
; Fitter Device Options                                                                          ;
+------------------------------------------------------------------+-----------------------------+
; Option                                                           ; Setting                     ;
+------------------------------------------------------------------+-----------------------------+
; Enable user-supplied start-up clock (CLKUSR)                     ; Off                         ;
; Enable device-wide reset (DEV_CLRn)                              ; Off                         ;
; Enable device-wide output enable (DEV_OE)                        ; Off                         ;
; Enable INIT_DONE output                                          ; Off                         ;
; Configuration scheme                                             ; Passive Serial              ;
; Enable Error Detection CRC_ERROR pin                             ; Off                         ;
; Enable CvP_CONFDONE pin                                          ; Off                         ;
; Enable open drain on CRC_ERROR pin                               ; On                          ;
; Enable open drain on CvP_CONFDONE pin                            ; On                          ;
; Enable open drain on INIT_DONE pin                               ; On                          ;
; Enable open drain on Partial Reconfiguration pins                ; Off                         ;
; Enable open drain on nCEO pin                                    ; On                          ;
; Enable Partial Reconfiguration pins                              ; Off                         ;
; Enable input tri-state on active configuration pins in user mode ; Off                         ;
; Enable internal scrubbing                                        ; Off                         ;
; Active Serial clock source                                       ; 100 MHz Internal Oscillator ;
; Device initialization clock source                               ; Internal Oscillator         ;
; Configuration via Protocol                                       ; Off                         ;
; Configuration Voltage Level                                      ; Auto                        ;
; Force Configuration Voltage Level                                ; Off                         ;
; Enable nCEO output                                               ; Off                         ;
; Data[15..8]                                                      ; Unreserved                  ;
; Data[7..5]                                                       ; Unreserved                  ;
; Base pin-out file on sameframe device                            ; Off                         ;
+------------------------------------------------------------------+-----------------------------+


+------------------------------------+
; Operating Settings and Conditions  ;
+---------------------------+--------+
; Setting                   ; Value  ;
+---------------------------+--------+
; Nominal Core Voltage      ; 1.10 V ;
; Low Junction Temperature  ; 0 �C   ;
; High Junction Temperature ; 85 �C  ;
+---------------------------+--------+


<<<<<<< HEAD
+-------------------------------------------------------------+
; Estimated Delay Added for Hold Timing Summary               ;
+------------------+----------------------+-------------------+
; Source Clock(s)  ; Destination Clock(s) ; Delay Added in ns ;
+------------------+----------------------+-------------------+
; clk_25m,CLOCK_50 ; CLOCK_50             ; 587.2             ;
; CLOCK_50         ; CLOCK_50             ; 87.6              ;
; clk_25m          ; CLOCK_50             ; 72.1              ;
; clk_25m          ; clk_25m              ; 55.8              ;
; CLOCK_50         ; clk_25m              ; 23.6              ;
+------------------+----------------------+-------------------+
=======
+------------------------------------------------------------+
; Estimated Delay Added for Hold Timing Summary              ;
+-----------------+----------------------+-------------------+
; Source Clock(s) ; Destination Clock(s) ; Delay Added in ns ;
+-----------------+----------------------+-------------------+
; CLOCK_50        ; CLOCK_50             ; 26.2              ;
+-----------------+----------------------+-------------------+
>>>>>>> 1ee5570 (busca ativa com erros de exibição)
Note: For more information on problematic transfers, consider running the Fitter again with the Optimize hold timing option (Settings Menu) turned off.
This will disable optimization of problematic paths and expose them for further analysis using the Timing Analyzer.


<<<<<<< HEAD
+-----------------------------------------------------------------------------------------------------------------------------------------------------------------------------------------------------------------------------------------------------------+
; Estimated Delay Added for Hold Timing Details                                                                                                                                                                                                             ;
+-------------------------------------------------------------------------------------------------------------------+-------------------------------------------------------------------------------------------------------------------+-------------------+
; Source Register                                                                                                   ; Destination Register                                                                                              ; Delay Added in ns ;
+-------------------------------------------------------------------------------------------------------------------+-------------------------------------------------------------------------------------------------------------------+-------------------+
; clk_25m                                                                                                           ; clk_25m                                                                                                           ; 3.470             ;
; vga_sync:u_vga_sync|h_cnt[9]                                                                                      ; bg_engine:u_bg_engine|tilemap_ram:u_map_buffer|rd_tile_id[3]                                                      ; 2.380             ;
; vga_sync:u_vga_sync|h_cnt[7]                                                                                      ; bg_engine:u_bg_engine|tilemap_ram:u_map_buffer|rd_tile_id[3]                                                      ; 2.370             ;
; vga_sync:u_vga_sync|h_cnt[8]                                                                                      ; bg_engine:u_bg_engine|tilemap_ram:u_map_buffer|rd_tile_id[3]                                                      ; 2.287             ;
; vga_sync:u_vga_sync|h_cnt[5]                                                                                      ; bg_engine:u_bg_engine|tilemap_ram:u_map_buffer|rd_tile_id[3]                                                      ; 2.250             ;
; vga_sync:u_vga_sync|v_cnt[4]                                                                                      ; bg_engine:u_bg_engine|tilemap_ram:u_map_buffer|rd_tile_id[3]                                                      ; 2.204             ;
; vga_sync:u_vga_sync|h_cnt[3]                                                                                      ; pattern_vram:u_patterns|altsyncram:ram_rtl_0|altsyncram_pa12:auto_generated|ram_block1a2~portb_address_reg0       ; 2.192             ;
; vga_sync:u_vga_sync|v_cnt[5]                                                                                      ; bg_engine:u_bg_engine|tilemap_ram:u_map_buffer|rd_tile_id[3]                                                      ; 2.094             ;
; vga_sync:u_vga_sync|v_cnt[6]                                                                                      ; bg_engine:u_bg_engine|tilemap_ram:u_map_buffer|rd_tile_id[3]                                                      ; 2.081             ;
; vga_sync:u_vga_sync|h_cnt[2]                                                                                      ; pattern_vram:u_patterns|altsyncram:ram_rtl_0|altsyncram_pa12:auto_generated|ram_block1a2~portb_address_reg0       ; 2.069             ;
; vga_sync:u_vga_sync|h_cnt[1]                                                                                      ; bg_engine:u_bg_engine|tilemap_ram:u_map_buffer|rd_tile_id[3]                                                      ; 2.068             ;
; vga_sync:u_vga_sync|v_cnt[9]                                                                                      ; bg_engine:u_bg_engine|tilemap_ram:u_map_buffer|rd_tile_id[3]                                                      ; 2.067             ;
; vga_sync:u_vga_sync|v_cnt[8]                                                                                      ; bg_engine:u_bg_engine|tilemap_ram:u_map_buffer|rd_tile_id[3]                                                      ; 2.056             ;
; vga_sync:u_vga_sync|v_cnt[7]                                                                                      ; bg_engine:u_bg_engine|tilemap_ram:u_map_buffer|rd_tile_id[3]                                                      ; 2.034             ;
; cmd_decoder:u_cmd_decoder|scroll_x[6]                                                                             ; bg_engine:u_bg_engine|tilemap_ram:u_map_buffer|rd_tile_id[3]                                                      ; 2.012             ;
; cmd_decoder:u_cmd_decoder|scroll_x[5]                                                                             ; bg_engine:u_bg_engine|tilemap_ram:u_map_buffer|rd_tile_id[3]                                                      ; 2.012             ;
; cmd_decoder:u_cmd_decoder|scroll_x[4]                                                                             ; bg_engine:u_bg_engine|tilemap_ram:u_map_buffer|rd_tile_id[3]                                                      ; 2.012             ;
; cmd_decoder:u_cmd_decoder|scroll_x[3]                                                                             ; bg_engine:u_bg_engine|tilemap_ram:u_map_buffer|rd_tile_id[3]                                                      ; 2.012             ;
; cmd_decoder:u_cmd_decoder|scroll_x[2]                                                                             ; bg_engine:u_bg_engine|tilemap_ram:u_map_buffer|rd_tile_id[3]                                                      ; 2.012             ;
; cmd_decoder:u_cmd_decoder|scroll_x[1]                                                                             ; bg_engine:u_bg_engine|tilemap_ram:u_map_buffer|rd_tile_id[3]                                                      ; 2.012             ;
; cmd_decoder:u_cmd_decoder|scroll_x[0]                                                                             ; bg_engine:u_bg_engine|tilemap_ram:u_map_buffer|rd_tile_id[3]                                                      ; 2.012             ;
; vga_sync:u_vga_sync|h_cnt[4]                                                                                      ; bg_engine:u_bg_engine|tilemap_ram:u_map_buffer|rd_tile_id[3]                                                      ; 2.012             ;
; vga_sync:u_vga_sync|h_cnt[6]                                                                                      ; bg_engine:u_bg_engine|tilemap_ram:u_map_buffer|rd_tile_id[3]                                                      ; 2.012             ;
; cmd_decoder:u_cmd_decoder|scroll_x[7]                                                                             ; bg_engine:u_bg_engine|tilemap_ram:u_map_buffer|rd_tile_id[3]                                                      ; 1.951             ;
; vga_sync:u_vga_sync|v_cnt[3]                                                                                      ; bg_engine:u_bg_engine|tilemap_ram:u_map_buffer|rd_tile_id[3]                                                      ; 1.940             ;
; vga_sync:u_vga_sync|v_cnt[1]                                                                                      ; bg_engine:u_bg_engine|tilemap_ram:u_map_buffer|rd_tile_id[3]                                                      ; 1.929             ;
; vga_sync:u_vga_sync|v_cnt[2]                                                                                      ; bg_engine:u_bg_engine|tilemap_ram:u_map_buffer|rd_tile_id[3]                                                      ; 1.919             ;
; cmd_decoder:u_cmd_decoder|scroll_y[5]                                                                             ; bg_engine:u_bg_engine|tilemap_ram:u_map_buffer|rd_tile_id[3]                                                      ; 1.812             ;
; cmd_decoder:u_cmd_decoder|scroll_y[4]                                                                             ; bg_engine:u_bg_engine|tilemap_ram:u_map_buffer|rd_tile_id[3]                                                      ; 1.812             ;
; cmd_decoder:u_cmd_decoder|scroll_y[3]                                                                             ; bg_engine:u_bg_engine|tilemap_ram:u_map_buffer|rd_tile_id[3]                                                      ; 1.812             ;
; cmd_decoder:u_cmd_decoder|scroll_y[2]                                                                             ; bg_engine:u_bg_engine|tilemap_ram:u_map_buffer|rd_tile_id[3]                                                      ; 1.812             ;
; cmd_decoder:u_cmd_decoder|scroll_y[1]                                                                             ; bg_engine:u_bg_engine|tilemap_ram:u_map_buffer|rd_tile_id[3]                                                      ; 1.812             ;
; cmd_decoder:u_cmd_decoder|scroll_y[0]                                                                             ; bg_engine:u_bg_engine|tilemap_ram:u_map_buffer|rd_tile_id[3]                                                      ; 1.812             ;
; cmd_decoder:u_cmd_decoder|scroll_x[8]                                                                             ; bg_engine:u_bg_engine|tilemap_ram:u_map_buffer|rd_tile_id[3]                                                      ; 1.754             ;
; cmd_decoder:u_cmd_decoder|scroll_y[6]                                                                             ; bg_engine:u_bg_engine|tilemap_ram:u_map_buffer|rd_tile_id[3]                                                      ; 1.734             ;
; cmd_decoder:u_cmd_decoder|scroll_y[7]                                                                             ; bg_engine:u_bg_engine|tilemap_ram:u_map_buffer|rd_tile_id[3]                                                      ; 1.684             ;
; polygon_buffer:u_poly_buffer|altsyncram:ram_rtl_0|altsyncram_ldl1:auto_generated|address_reg_b[2]                 ; color_palette:u_palette|altsyncram:clut_ram_rtl_0|altsyncram_pbp1:auto_generated|ram_block1a16~portb_address_reg0 ; 1.592             ;
; polygon_buffer:u_poly_buffer|altsyncram:ram_rtl_0|altsyncram_ldl1:auto_generated|address_reg_b[1]                 ; color_palette:u_palette|altsyncram:clut_ram_rtl_0|altsyncram_pbp1:auto_generated|ram_block1a16~portb_address_reg0 ; 1.579             ;
; polygon_buffer:u_poly_buffer|altsyncram:ram_rtl_0|altsyncram_ldl1:auto_generated|address_reg_b[3]                 ; color_palette:u_palette|altsyncram:clut_ram_rtl_0|altsyncram_pbp1:auto_generated|ram_block1a16~portb_address_reg0 ; 1.525             ;
; polygon_buffer:u_poly_buffer|altsyncram:ram_rtl_0|altsyncram_ldl1:auto_generated|address_reg_b[0]                 ; color_palette:u_palette|altsyncram:clut_ram_rtl_0|altsyncram_pbp1:auto_generated|ram_block1a16~portb_address_reg0 ; 1.472             ;
; bg_engine:u_bg_engine|tilemap_ram:u_map_buffer|map_ram~2059                                                       ; bg_engine:u_bg_engine|tilemap_ram:u_map_buffer|rd_tile_id[3]                                                      ; 1.112             ;
; bg_engine:u_bg_engine|tilemap_ram:u_map_buffer|map_ram~2051                                                       ; bg_engine:u_bg_engine|tilemap_ram:u_map_buffer|rd_tile_id[3]                                                      ; 1.112             ;
; bg_engine:u_bg_engine|tilemap_ram:u_map_buffer|map_ram~3660                                                       ; bg_engine:u_bg_engine|tilemap_ram:u_map_buffer|rd_tile_id[4]                                                      ; 1.058             ;
; bg_engine:u_bg_engine|tilemap_ram:u_map_buffer|map_ram~3652                                                       ; bg_engine:u_bg_engine|tilemap_ram:u_map_buffer|rd_tile_id[4]                                                      ; 1.058             ;
; bg_engine:u_bg_engine|tilemap_ram:u_map_buffer|map_ram~6990                                                       ; bg_engine:u_bg_engine|tilemap_ram:u_map_buffer|rd_tile_id[6]                                                      ; 0.998             ;
; bg_engine:u_bg_engine|tilemap_ram:u_map_buffer|map_ram~6982                                                       ; bg_engine:u_bg_engine|tilemap_ram:u_map_buffer|rd_tile_id[6]                                                      ; 0.998             ;
; sprite_engine:u_sprite_engine|sat_ram[0][0]                                                                       ; pattern_vram:u_patterns|altsyncram:ram_rtl_0|altsyncram_pa12:auto_generated|ram_block1a2~portb_address_reg0       ; 0.974             ;
; sprite_engine:u_sprite_engine|sat_ram[0][15]                                                                      ; pattern_vram:u_patterns|altsyncram:ram_rtl_0|altsyncram_pa12:auto_generated|ram_block1a2~portb_address_reg0       ; 0.974             ;
; sprite_engine:u_sprite_engine|sat_ram[0][14]                                                                      ; pattern_vram:u_patterns|altsyncram:ram_rtl_0|altsyncram_pa12:auto_generated|ram_block1a2~portb_address_reg0       ; 0.974             ;
; sprite_engine:u_sprite_engine|sat_ram[0][13]                                                                      ; pattern_vram:u_patterns|altsyncram:ram_rtl_0|altsyncram_pa12:auto_generated|ram_block1a2~portb_address_reg0       ; 0.966             ;
; bg_engine:u_bg_engine|tilemap_ram:u_map_buffer|map_ram~6926                                                       ; bg_engine:u_bg_engine|tilemap_ram:u_map_buffer|rd_tile_id[6]                                                      ; 0.939             ;
; bg_engine:u_bg_engine|tilemap_ram:u_map_buffer|map_ram~6918                                                       ; bg_engine:u_bg_engine|tilemap_ram:u_map_buffer|rd_tile_id[6]                                                      ; 0.939             ;
; sprite_engine:u_sprite_engine|sat_ram[0][12]                                                                      ; pattern_vram:u_patterns|altsyncram:ram_rtl_0|altsyncram_pa12:auto_generated|ram_block1a2~portb_address_reg0       ; 0.927             ;
; sprite_engine:u_sprite_engine|sat_ram[0][19]                                                                      ; pattern_vram:u_patterns|altsyncram:ram_rtl_0|altsyncram_pa12:auto_generated|ram_block1a2~portb_address_reg0       ; 0.921             ;
; sprite_engine:u_sprite_engine|sat_ram[0][18]                                                                      ; pattern_vram:u_patterns|altsyncram:ram_rtl_0|altsyncram_pa12:auto_generated|ram_block1a2~portb_address_reg0       ; 0.921             ;
; bg_engine:u_bg_engine|tilemap_ram:u_map_buffer|map_ram~7110                                                       ; bg_engine:u_bg_engine|tilemap_ram:u_map_buffer|rd_tile_id[6]                                                      ; 0.913             ;
; bg_engine:u_bg_engine|tilemap_ram:u_map_buffer|map_ram~7118                                                       ; bg_engine:u_bg_engine|tilemap_ram:u_map_buffer|rd_tile_id[6]                                                      ; 0.913             ;
; sprite_engine:u_sprite_engine|sat_ram[0][11]                                                                      ; pattern_vram:u_patterns|altsyncram:ram_rtl_0|altsyncram_pa12:auto_generated|ram_block1a2~portb_address_reg0       ; 0.893             ;
; sprite_engine:u_sprite_engine|sat_ram[0][10]                                                                      ; pattern_vram:u_patterns|altsyncram:ram_rtl_0|altsyncram_pa12:auto_generated|ram_block1a2~portb_address_reg0       ; 0.893             ;
; sprite_engine:u_sprite_engine|sat_ram[0][9]                                                                       ; pattern_vram:u_patterns|altsyncram:ram_rtl_0|altsyncram_pa12:auto_generated|ram_block1a2~portb_address_reg0       ; 0.893             ;
; sprite_engine:u_sprite_engine|sat_ram[0][8]                                                                       ; pattern_vram:u_patterns|altsyncram:ram_rtl_0|altsyncram_pa12:auto_generated|ram_block1a2~portb_address_reg0       ; 0.893             ;
; bg_engine:u_bg_engine|tilemap_ram:u_map_buffer|map_ram~7936                                                       ; bg_engine:u_bg_engine|tilemap_ram:u_map_buffer|rd_tile_id[0]                                                      ; 0.872             ;
; bg_engine:u_bg_engine|tilemap_ram:u_map_buffer|map_ram~7944                                                       ; bg_engine:u_bg_engine|tilemap_ram:u_map_buffer|rd_tile_id[0]                                                      ; 0.872             ;
; bg_engine:u_bg_engine|tilemap_ram:u_map_buffer|map_ram~3785                                                       ; bg_engine:u_bg_engine|tilemap_ram:u_map_buffer|rd_tile_id[1]                                                      ; 0.862             ;
; bg_engine:u_bg_engine|tilemap_ram:u_map_buffer|map_ram~3777                                                       ; bg_engine:u_bg_engine|tilemap_ram:u_map_buffer|rd_tile_id[1]                                                      ; 0.862             ;
; bg_engine:u_bg_engine|tilemap_ram:u_map_buffer|map_ram~8064                                                       ; bg_engine:u_bg_engine|tilemap_ram:u_map_buffer|rd_tile_id[0]                                                      ; 0.862             ;
; bg_engine:u_bg_engine|tilemap_ram:u_map_buffer|map_ram~8072                                                       ; bg_engine:u_bg_engine|tilemap_ram:u_map_buffer|rd_tile_id[0]                                                      ; 0.862             ;
; bg_engine:u_bg_engine|tilemap_ram:u_map_buffer|map_ram~4032                                                       ; bg_engine:u_bg_engine|tilemap_ram:u_map_buffer|rd_tile_id[0]                                                      ; 0.857             ;
; bg_engine:u_bg_engine|tilemap_ram:u_map_buffer|map_ram~4040                                                       ; bg_engine:u_bg_engine|tilemap_ram:u_map_buffer|rd_tile_id[0]                                                      ; 0.857             ;
; bg_engine:u_bg_engine|tilemap_ram:u_map_buffer|map_ram~3904                                                       ; bg_engine:u_bg_engine|tilemap_ram:u_map_buffer|rd_tile_id[0]                                                      ; 0.856             ;
; bg_engine:u_bg_engine|tilemap_ram:u_map_buffer|map_ram~3912                                                       ; bg_engine:u_bg_engine|tilemap_ram:u_map_buffer|rd_tile_id[0]                                                      ; 0.856             ;
; bg_engine:u_bg_engine|tilemap_ram:u_map_buffer|map_ram~3852                                                       ; bg_engine:u_bg_engine|tilemap_ram:u_map_buffer|rd_tile_id[4]                                                      ; 0.853             ;
; bg_engine:u_bg_engine|tilemap_ram:u_map_buffer|map_ram~3844                                                       ; bg_engine:u_bg_engine|tilemap_ram:u_map_buffer|rd_tile_id[4]                                                      ; 0.853             ;
; bg_engine:u_bg_engine|tilemap_ram:u_map_buffer|map_ram~3980                                                       ; bg_engine:u_bg_engine|tilemap_ram:u_map_buffer|rd_tile_id[4]                                                      ; 0.848             ;
; bg_engine:u_bg_engine|tilemap_ram:u_map_buffer|map_ram~3972                                                       ; bg_engine:u_bg_engine|tilemap_ram:u_map_buffer|rd_tile_id[4]                                                      ; 0.848             ;
; bg_engine:u_bg_engine|tilemap_ram:u_map_buffer|map_ram~1997                                                       ; bg_engine:u_bg_engine|tilemap_ram:u_map_buffer|rd_tile_id[5]                                                      ; 0.831             ;
; bg_engine:u_bg_engine|tilemap_ram:u_map_buffer|map_ram~1989                                                       ; bg_engine:u_bg_engine|tilemap_ram:u_map_buffer|rd_tile_id[5]                                                      ; 0.831             ;
; bg_engine:u_bg_engine|tilemap_ram:u_map_buffer|map_ram~6150                                                       ; bg_engine:u_bg_engine|tilemap_ram:u_map_buffer|rd_tile_id[6]                                                      ; 0.826             ;
; bg_engine:u_bg_engine|tilemap_ram:u_map_buffer|map_ram~6158                                                       ; bg_engine:u_bg_engine|tilemap_ram:u_map_buffer|rd_tile_id[6]                                                      ; 0.826             ;
; bg_engine:u_bg_engine|tilemap_ram:u_map_buffer|map_ram~3714                                                       ; bg_engine:u_bg_engine|tilemap_ram:u_map_buffer|rd_tile_id[2]                                                      ; 0.821             ;
; bg_engine:u_bg_engine|tilemap_ram:u_map_buffer|map_ram~3722                                                       ; bg_engine:u_bg_engine|tilemap_ram:u_map_buffer|rd_tile_id[2]                                                      ; 0.821             ;
; bg_engine:u_bg_engine|tilemap_ram:u_map_buffer|map_ram~3778                                                       ; bg_engine:u_bg_engine|tilemap_ram:u_map_buffer|rd_tile_id[2]                                                      ; 0.821             ;
; bg_engine:u_bg_engine|tilemap_ram:u_map_buffer|map_ram~3786                                                       ; bg_engine:u_bg_engine|tilemap_ram:u_map_buffer|rd_tile_id[2]                                                      ; 0.821             ;
; bg_engine:u_bg_engine|tilemap_ram:u_map_buffer|map_ram~7744                                                       ; bg_engine:u_bg_engine|tilemap_ram:u_map_buffer|rd_tile_id[0]                                                      ; 0.816             ;
; bg_engine:u_bg_engine|tilemap_ram:u_map_buffer|map_ram~7752                                                       ; bg_engine:u_bg_engine|tilemap_ram:u_map_buffer|rd_tile_id[0]                                                      ; 0.816             ;
; bg_engine:u_bg_engine|tilemap_ram:u_map_buffer|map_ram~6278                                                       ; bg_engine:u_bg_engine|tilemap_ram:u_map_buffer|rd_tile_id[6]                                                      ; 0.814             ;
; bg_engine:u_bg_engine|tilemap_ram:u_map_buffer|map_ram~6286                                                       ; bg_engine:u_bg_engine|tilemap_ram:u_map_buffer|rd_tile_id[6]                                                      ; 0.814             ;
; bg_engine:u_bg_engine|tilemap_ram:u_map_buffer|map_ram~3593                                                       ; bg_engine:u_bg_engine|tilemap_ram:u_map_buffer|rd_tile_id[1]                                                      ; 0.810             ;
; bg_engine:u_bg_engine|tilemap_ram:u_map_buffer|map_ram~3585                                                       ; bg_engine:u_bg_engine|tilemap_ram:u_map_buffer|rd_tile_id[1]                                                      ; 0.810             ;
; polygon_buffer:u_poly_buffer|altsyncram:ram_rtl_0|altsyncram_ldl1:auto_generated|ram_block1a73~portb_address_reg0 ; color_palette:u_palette|altsyncram:clut_ram_rtl_0|altsyncram_pbp1:auto_generated|ram_block1a16~portb_address_reg0 ; 0.808             ;
; polygon_buffer:u_poly_buffer|altsyncram:ram_rtl_0|altsyncram_ldl1:auto_generated|ram_block1a65~portb_address_reg0 ; color_palette:u_palette|altsyncram:clut_ram_rtl_0|altsyncram_pbp1:auto_generated|ram_block1a16~portb_address_reg0 ; 0.808             ;
; bg_engine:u_bg_engine|tilemap_ram:u_map_buffer|map_ram~7680                                                       ; bg_engine:u_bg_engine|tilemap_ram:u_map_buffer|rd_tile_id[0]                                                      ; 0.804             ;
; bg_engine:u_bg_engine|tilemap_ram:u_map_buffer|map_ram~7688                                                       ; bg_engine:u_bg_engine|tilemap_ram:u_map_buffer|rd_tile_id[0]                                                      ; 0.804             ;
; bg_engine:u_bg_engine|tilemap_ram:u_map_buffer|map_ram~3970                                                       ; bg_engine:u_bg_engine|tilemap_ram:u_map_buffer|rd_tile_id[2]                                                      ; 0.801             ;
; bg_engine:u_bg_engine|tilemap_ram:u_map_buffer|map_ram~3978                                                       ; bg_engine:u_bg_engine|tilemap_ram:u_map_buffer|rd_tile_id[2]                                                      ; 0.801             ;
; bg_engine:u_bg_engine|tilemap_ram:u_map_buffer|map_ram~4034                                                       ; bg_engine:u_bg_engine|tilemap_ram:u_map_buffer|rd_tile_id[2]                                                      ; 0.801             ;
; bg_engine:u_bg_engine|tilemap_ram:u_map_buffer|map_ram~4042                                                       ; bg_engine:u_bg_engine|tilemap_ram:u_map_buffer|rd_tile_id[2]                                                      ; 0.801             ;
; polygon_buffer:u_poly_buffer|altsyncram:ram_rtl_0|altsyncram_ldl1:auto_generated|ram_block1a79~portb_address_reg0 ; color_palette:u_palette|altsyncram:clut_ram_rtl_0|altsyncram_pbp1:auto_generated|ram_block1a16~portb_address_reg0 ; 0.800             ;
; polygon_buffer:u_poly_buffer|altsyncram:ram_rtl_0|altsyncram_ldl1:auto_generated|ram_block1a71~portb_address_reg0 ; color_palette:u_palette|altsyncram:clut_ram_rtl_0|altsyncram_pbp1:auto_generated|ram_block1a16~portb_address_reg0 ; 0.800             ;
; polygon_buffer:u_poly_buffer|altsyncram:ram_rtl_0|altsyncram_ldl1:auto_generated|ram_block1a74~portb_address_reg0 ; color_palette:u_palette|altsyncram:clut_ram_rtl_0|altsyncram_pbp1:auto_generated|ram_block1a16~portb_address_reg0 ; 0.788             ;
+-------------------------------------------------------------------------------------------------------------------+-------------------------------------------------------------------------------------------------------------------+-------------------+
=======
+-------------------------------------------------------------------------------------------------------------------------------------------------------------------------------------------------+
; Estimated Delay Added for Hold Timing Details                                                                                                                                                   ;
+--------------------------------------------------------------+--------------------------------------------------------------------------------------------------------------+-------------------+
; Source Register                                              ; Destination Register                                                                                         ; Delay Added in ns ;
+--------------------------------------------------------------+--------------------------------------------------------------------------------------------------------------+-------------------+
; board_input_controller:u_input_ctrl|state.S_SEND_P3          ; cmd_decoder:u_cmd_decoder|sat_we                                                                             ; 0.556             ;
; board_input_controller:u_input_ctrl|state.S_SEND_P2          ; cmd_decoder:u_cmd_decoder|sat_we                                                                             ; 0.548             ;
; board_input_controller:u_input_ctrl|state.S_SEND_R3          ; cmd_decoder:u_cmd_decoder|sat_we                                                                             ; 0.537             ;
; board_input_controller:u_input_ctrl|bird_y_sub[10]           ; board_input_controller:u_input_ctrl|bird_y_sub[10]                                                           ; 0.529             ;
; board_input_controller:u_input_ctrl|bird_y_sub[4]            ; board_input_controller:u_input_ctrl|bird_y_sub[10]                                                           ; 0.507             ;
; board_input_controller:u_input_ctrl|state.S_SEND_R6          ; cmd_decoder:u_cmd_decoder|sat_we                                                                             ; 0.469             ;
; board_input_controller:u_input_ctrl|bird_y_sub[8]            ; board_input_controller:u_input_ctrl|bird_y_sub[10]                                                           ; 0.449             ;
; vga_sync:u_vga_sync|v_cnt[9]                                 ; vga_sync:u_vga_sync|v_cnt[6]                                                                                 ; 0.431             ;
; vga_sync:u_vga_sync|v_cnt[7]                                 ; vga_sync:u_vga_sync|v_cnt[6]                                                                                 ; 0.431             ;
; vga_sync:u_vga_sync|v_cnt[8]                                 ; vga_sync:u_vga_sync|v_cnt[6]                                                                                 ; 0.431             ;
; vga_sync:u_vga_sync|v_cnt[5]                                 ; vga_sync:u_vga_sync|v_cnt[6]                                                                                 ; 0.431             ;
; vga_sync:u_vga_sync|v_cnt[4]                                 ; vga_sync:u_vga_sync|v_cnt[6]                                                                                 ; 0.431             ;
; vga_sync:u_vga_sync|v_cnt[3]                                 ; vga_sync:u_vga_sync|v_cnt[6]                                                                                 ; 0.431             ;
; vga_sync:u_vga_sync|v_cnt[2]                                 ; vga_sync:u_vga_sync|v_cnt[6]                                                                                 ; 0.431             ;
; vga_sync:u_vga_sync|v_cnt[6]                                 ; vga_sync:u_vga_sync|v_cnt[6]                                                                                 ; 0.431             ;
; vga_sync:u_vga_sync|v_cnt[0]                                 ; vga_sync:u_vga_sync|v_cnt[6]                                                                                 ; 0.431             ;
; vga_sync:u_vga_sync|v_cnt[1]                                 ; vga_sync:u_vga_sync|v_cnt[6]                                                                                 ; 0.431             ;
; board_input_controller:u_input_ctrl|state.S_SEND_R5          ; cmd_decoder:u_cmd_decoder|sat_we                                                                             ; 0.416             ;
; board_input_controller:u_input_ctrl|state.S_SEND_R2          ; cmd_decoder:u_cmd_decoder|sat_we                                                                             ; 0.407             ;
; board_input_controller:u_input_ctrl|state.S_SEND_CLR         ; cmd_decoder:u_cmd_decoder|sat_we                                                                             ; 0.407             ;
; vga_sync:u_vga_sync|h_cnt[1]                                 ; vga_sync:u_vga_sync|h_cnt[9]                                                                                 ; 0.363             ;
; board_input_controller:u_input_ctrl|bird_y_sub[6]            ; board_input_controller:u_input_ctrl|bird_y_sub[10]                                                           ; 0.362             ;
; cmd_decoder:u_cmd_decoder|rast_x2[5]                         ; polygon_rasterizer:u_rasterizer|max_x[5]                                                                     ; 0.348             ;
; cmd_decoder:u_cmd_decoder|rast_x2[7]                         ; polygon_rasterizer:u_rasterizer|max_x[7]                                                                     ; 0.343             ;
; cmd_decoder:u_cmd_decoder|rast_y1[6]                         ; polygon_rasterizer:u_rasterizer|max_y[6]                                                                     ; 0.339             ;
; cmd_decoder:u_cmd_decoder|rast_x0[7]                         ; polygon_rasterizer:u_rasterizer|max_x[7]                                                                     ; 0.314             ;
; board_input_controller:u_input_ctrl|state.S_IDLE             ; board_input_controller:u_input_ctrl|state.S_SEND_P1                                                          ; 0.311             ;
; cmd_decoder:u_cmd_decoder|rast_y2[6]                         ; polygon_rasterizer:u_rasterizer|min_y[6]                                                                     ; 0.310             ;
; cmd_decoder:u_cmd_decoder|rast_y0[6]                         ; polygon_rasterizer:u_rasterizer|max_y[6]                                                                     ; 0.310             ;
; cmd_decoder:u_cmd_decoder|rast_y0[4]                         ; polygon_rasterizer:u_rasterizer|max_y[4]                                                                     ; 0.305             ;
; bg_engine:u_bg_engine|sub_x_delay[0]                         ; pattern_vram:u_patterns|altsyncram:ram_rtl_0|altsyncram_udf1:auto_generated|ram_block1a15~porta_address_reg0 ; 0.303             ;
; bg_engine:u_bg_engine|sub_y_delay[0]                         ; pattern_vram:u_patterns|altsyncram:ram_rtl_0|altsyncram_udf1:auto_generated|ram_block1a10~porta_address_reg0 ; 0.303             ;
; cmd_decoder:u_cmd_decoder|rast_y0[5]                         ; polygon_rasterizer:u_rasterizer|max_y[4]                                                                     ; 0.303             ;
; cmd_decoder:u_cmd_decoder|rast_x0[1]                         ; polygon_rasterizer:u_rasterizer|min_x[1]                                                                     ; 0.302             ;
; board_input_controller:u_input_ctrl|key1_sync[2]             ; board_input_controller:u_input_ctrl|jump_request                                                             ; 0.288             ;
; board_input_controller:u_input_ctrl|key2_sync[2]             ; board_input_controller:u_input_ctrl|tri_request                                                              ; 0.286             ;
; polygon_rasterizer:u_rasterizer|busy                         ; cmd_decoder:u_cmd_decoder|sat_we                                                                             ; 0.285             ;
; cmd_decoder:u_cmd_decoder|rast_start                         ; cmd_decoder:u_cmd_decoder|sat_we                                                                             ; 0.285             ;
; board_input_controller:u_input_ctrl|state.S_SEND_R4          ; cmd_decoder:u_cmd_decoder|sat_we                                                                             ; 0.285             ;
; board_input_controller:u_input_ctrl|state.S_SEND_SPR         ; cmd_decoder:u_cmd_decoder|sat_we                                                                             ; 0.285             ;
; board_input_controller:u_input_ctrl|state.S_CAPTURE_FRAME    ; cmd_decoder:u_cmd_decoder|sat_we                                                                             ; 0.285             ;
; board_input_controller:u_input_ctrl|state.S_SEND_R1          ; cmd_decoder:u_cmd_decoder|sat_we                                                                             ; 0.285             ;
; board_input_controller:u_input_ctrl|state.S_SEND_P1          ; cmd_decoder:u_cmd_decoder|sat_we                                                                             ; 0.285             ;
; cmd_decoder:u_cmd_decoder|sat_we                             ; cmd_decoder:u_cmd_decoder|sat_we                                                                             ; 0.285             ;
; vga_sync:u_vga_sync|h_cnt[7]                                 ; vga_sync:u_vga_sync|h_cnt[9]                                                                                 ; 0.283             ;
; vga_sync:u_vga_sync|h_cnt[8]                                 ; vga_sync:u_vga_sync|h_cnt[9]                                                                                 ; 0.283             ;
; vga_sync:u_vga_sync|h_cnt[4]                                 ; vga_sync:u_vga_sync|h_cnt[9]                                                                                 ; 0.283             ;
; vga_sync:u_vga_sync|h_cnt[9]                                 ; vga_sync:u_vga_sync|h_cnt[9]                                                                                 ; 0.283             ;
; cmd_decoder:u_cmd_decoder|rast_x1[7]                         ; polygon_rasterizer:u_rasterizer|max_x[7]                                                                     ; 0.278             ;
; bg_engine:u_bg_engine|sub_y_delay[2]                         ; pattern_vram:u_patterns|altsyncram:ram_rtl_0|altsyncram_udf1:auto_generated|ram_block1a3~porta_address_reg0  ; 0.251             ;
; vga_sync:u_vga_sync|h_cnt[5]                                 ; vga_sync:u_vga_sync|h_cnt[9]                                                                                 ; 0.236             ;
; vga_sync:u_vga_sync|h_cnt[6]                                 ; vga_sync:u_vga_sync|h_cnt[9]                                                                                 ; 0.236             ;
; vga_sync:u_vga_sync|h_cnt[3]                                 ; vga_sync:u_vga_sync|h_cnt[9]                                                                                 ; 0.236             ;
; vga_sync:u_vga_sync|h_cnt[0]                                 ; vga_sync:u_vga_sync|h_cnt[9]                                                                                 ; 0.236             ;
; vga_sync:u_vga_sync|h_cnt[2]                                 ; vga_sync:u_vga_sync|h_cnt[9]                                                                                 ; 0.236             ;
; bg_engine:u_bg_engine|sub_x_delay[1]                         ; pattern_vram:u_patterns|altsyncram:ram_rtl_0|altsyncram_udf1:auto_generated|ram_block1a1~porta_address_reg0  ; 0.236             ;
; board_input_controller:u_input_ctrl|frame_scroll_x[3]        ; cmd_decoder:u_cmd_decoder|scroll_x[3]                                                                        ; 0.235             ;
; cmd_decoder:u_cmd_decoder|rast_x2[2]                         ; polygon_rasterizer:u_rasterizer|min_x[2]                                                                     ; 0.229             ;
; cmd_decoder:u_cmd_decoder|rast_y1[7]                         ; polygon_rasterizer:u_rasterizer|max_y[4]                                                                     ; 0.229             ;
; cmd_decoder:u_cmd_decoder|rast_y1[5]                         ; polygon_rasterizer:u_rasterizer|max_y[4]                                                                     ; 0.229             ;
; cmd_decoder:u_cmd_decoder|rast_y1[4]                         ; polygon_rasterizer:u_rasterizer|max_y[4]                                                                     ; 0.229             ;
; cmd_decoder:u_cmd_decoder|rast_y1[3]                         ; polygon_rasterizer:u_rasterizer|max_y[4]                                                                     ; 0.229             ;
; cmd_decoder:u_cmd_decoder|rast_y1[2]                         ; polygon_rasterizer:u_rasterizer|max_y[4]                                                                     ; 0.229             ;
; cmd_decoder:u_cmd_decoder|rast_y0[2]                         ; polygon_rasterizer:u_rasterizer|max_y[4]                                                                     ; 0.229             ;
; cmd_decoder:u_cmd_decoder|rast_y1[1]                         ; polygon_rasterizer:u_rasterizer|max_y[4]                                                                     ; 0.229             ;
; cmd_decoder:u_cmd_decoder|rast_y0[1]                         ; polygon_rasterizer:u_rasterizer|max_y[4]                                                                     ; 0.229             ;
; board_input_controller:u_input_ctrl|shape_timer[0]           ; board_input_controller:u_input_ctrl|clear_pending                                                            ; 0.227             ;
; board_input_controller:u_input_ctrl|bird_y_sub[0]            ; board_input_controller:u_input_ctrl|bird_y_sub[10]                                                           ; 0.224             ;
; cmd_decoder:u_cmd_decoder|rast_x1[6]                         ; polygon_rasterizer:u_rasterizer|max_x[6]                                                                     ; 0.215             ;
; bg_engine:u_bg_engine|tilemap_ram:u_map_buffer|rd_tile_id[1] ; pattern_vram:u_patterns|altsyncram:ram_rtl_0|altsyncram_udf1:auto_generated|ram_block1a8~porta_address_reg0  ; 0.214             ;
; bg_engine:u_bg_engine|tilemap_ram:u_map_buffer|rd_tile_id[3] ; pattern_vram:u_patterns|altsyncram:ram_rtl_0|altsyncram_udf1:auto_generated|ram_block1a8~porta_address_reg0  ; 0.213             ;
; cmd_decoder:u_cmd_decoder|rast_y2[7]                         ; polygon_rasterizer:u_rasterizer|min_y[6]                                                                     ; 0.209             ;
; cmd_decoder:u_cmd_decoder|rast_y2[5]                         ; polygon_rasterizer:u_rasterizer|min_y[6]                                                                     ; 0.209             ;
; cmd_decoder:u_cmd_decoder|rast_y2[4]                         ; polygon_rasterizer:u_rasterizer|min_y[6]                                                                     ; 0.209             ;
; cmd_decoder:u_cmd_decoder|rast_y2[3]                         ; polygon_rasterizer:u_rasterizer|min_y[6]                                                                     ; 0.209             ;
; cmd_decoder:u_cmd_decoder|rast_y2[2]                         ; polygon_rasterizer:u_rasterizer|min_y[6]                                                                     ; 0.209             ;
; cmd_decoder:u_cmd_decoder|rast_y2[1]                         ; polygon_rasterizer:u_rasterizer|min_y[6]                                                                     ; 0.209             ;
; cmd_decoder:u_cmd_decoder|rast_x1[5]                         ; polygon_rasterizer:u_rasterizer|max_x[5]                                                                     ; 0.193             ;
; board_input_controller:u_input_ctrl|frame_bird_y[1]          ; cmd_decoder:u_cmd_decoder|rast_y2[1]                                                                         ; 0.189             ;
; bg_engine:u_bg_engine|sub_y_delay[1]                         ; pattern_vram:u_patterns|altsyncram:ram_rtl_0|altsyncram_udf1:auto_generated|ram_block1a15~porta_address_reg0 ; 0.187             ;
; board_input_controller:u_input_ctrl|draw_tri_pending         ; board_input_controller:u_input_ctrl|state.S_SEND_R1                                                          ; 0.183             ;
; polygon_rasterizer:u_rasterizer|max_y[5]                     ; polygon_rasterizer:u_rasterizer|curr_y[8]                                                                    ; 0.174             ;
; polygon_rasterizer:u_rasterizer|max_y[4]                     ; polygon_rasterizer:u_rasterizer|curr_y[8]                                                                    ; 0.174             ;
; polygon_rasterizer:u_rasterizer|max_y[3]                     ; polygon_rasterizer:u_rasterizer|curr_y[8]                                                                    ; 0.174             ;
; polygon_rasterizer:u_rasterizer|max_y[2]                     ; polygon_rasterizer:u_rasterizer|curr_y[8]                                                                    ; 0.174             ;
; polygon_rasterizer:u_rasterizer|max_y[7]                     ; polygon_rasterizer:u_rasterizer|curr_y[8]                                                                    ; 0.174             ;
; polygon_rasterizer:u_rasterizer|max_x[7]                     ; polygon_rasterizer:u_rasterizer|curr_y[8]                                                                    ; 0.174             ;
; polygon_rasterizer:u_rasterizer|max_x[6]                     ; polygon_rasterizer:u_rasterizer|curr_y[8]                                                                    ; 0.174             ;
; polygon_rasterizer:u_rasterizer|max_x[5]                     ; polygon_rasterizer:u_rasterizer|curr_y[8]                                                                    ; 0.174             ;
; polygon_rasterizer:u_rasterizer|max_x[4]                     ; polygon_rasterizer:u_rasterizer|curr_y[8]                                                                    ; 0.174             ;
; polygon_rasterizer:u_rasterizer|max_x[3]                     ; polygon_rasterizer:u_rasterizer|curr_y[8]                                                                    ; 0.174             ;
; polygon_rasterizer:u_rasterizer|state.RAST_TRI               ; polygon_rasterizer:u_rasterizer|curr_y[8]                                                                    ; 0.174             ;
; polygon_rasterizer:u_rasterizer|max_x[8]                     ; polygon_rasterizer:u_rasterizer|curr_y[8]                                                                    ; 0.174             ;
; polygon_rasterizer:u_rasterizer|curr_x[7]                    ; polygon_rasterizer:u_rasterizer|curr_y[8]                                                                    ; 0.174             ;
; polygon_rasterizer:u_rasterizer|curr_x[6]                    ; polygon_rasterizer:u_rasterizer|curr_y[8]                                                                    ; 0.174             ;
; polygon_rasterizer:u_rasterizer|curr_x[5]                    ; polygon_rasterizer:u_rasterizer|curr_y[8]                                                                    ; 0.174             ;
; polygon_rasterizer:u_rasterizer|curr_x[4]                    ; polygon_rasterizer:u_rasterizer|curr_y[8]                                                                    ; 0.174             ;
; polygon_rasterizer:u_rasterizer|curr_x[3]                    ; polygon_rasterizer:u_rasterizer|curr_y[8]                                                                    ; 0.174             ;
; polygon_rasterizer:u_rasterizer|min_x[2]                     ; polygon_rasterizer:u_rasterizer|curr_x[2]                                                                    ; 0.174             ;
; polygon_rasterizer:u_rasterizer|curr_x[2]                    ; polygon_rasterizer:u_rasterizer|curr_y[8]                                                                    ; 0.174             ;
+--------------------------------------------------------------+--------------------------------------------------------------------------------------------------------------+-------------------+
>>>>>>> 1ee5570 (busca ativa com erros de exibição)
Note: This table only shows the top 100 path(s) that have the largest delay added for hold.


+-----------------+
; Fitter Messages ;
+-----------------+
Warning (18236): Number of processors has not been specified which may cause overloading on shared machines.  Set the global assignment NUM_PARALLEL_PROCESSORS in your QSF to an appropriate value for best performance.
Info (20030): Parallel compilation is enabled and will use 14 of the 14 processors detected
Info (119006): Selected device 5CSEMA5F31C6 for design "gpu"
Info (21077): Low junction temperature is 0 degrees C
Info (21077): High junction temperature is 85 degrees C
Warning (18550): Found RAM instances implemented as ROM because the write logic is disabled. One instance is listed below as an example.
<<<<<<< HEAD
    Info (119043): Atom "pattern_vram:u_patterns|altsyncram:ram_rtl_0|altsyncram_pa12:auto_generated|ram_block1a0" is instantiated as RAM, but it is actually implemented as ROM function because the write logic is always disabled
=======
    Info (119043): Atom "color_palette:u_palette|altsyncram:clut_ram_rtl_0|altsyncram_g9r1:auto_generated|ram_block1a16" is instantiated as RAM, but it is actually implemented as ROM function because the write logic is always disabled
>>>>>>> 1ee5570 (busca ativa com erros de exibição)
Info (171003): Fitter is performing an Auto Fit compilation, which may decrease Fitter effort to reduce compilation time
Warning (292013): Feature LogicLock is only available with a valid subscription license. You can purchase a software subscription to gain full access to this feature.
Warning (15714): Some pins have incomplete I/O assignments. Refer to the I/O Assignment Warnings report for details
Info (176045): Design uses memory blocks. Violating setup or hold times of memory block address registers for either read or write operations could cause memory contents to be corrupted. Make sure that all memory block address registers meet the setup and hold time requirements.
Info (184020): Starting Fitter periphery placement operations
Info (11178): Promoted 1 clock (1 global)
<<<<<<< HEAD
    Info (11162): CLOCK_50~inputCLKENA0 with 2945 fanout uses global clock CLKCTRL_G6
Info (11191): Automatically promoted 1 clock (1 global)
    Info (11162): KEY[0]~inputCLKENA0 with 307 fanout uses global clock CLKCTRL_G5
=======
    Info (11162): CLOCK_50~inputCLKENA0 with 308 fanout uses global clock CLKCTRL_G6
Info (11191): Automatically promoted 1 clock (1 global)
    Info (11162): KEY[0]~inputCLKENA0 with 273 fanout uses global clock CLKCTRL_G5
>>>>>>> 1ee5570 (busca ativa com erros de exibição)
        Info (12525): This signal is driven by core routing -- it may be moved during placement to reduce routing delays
Warning (16406): 1 global input pin(s) will use non-dedicated clock routing
    Warning (16407): Source REFCLK I/O is not placed onto a dedicated REFCLK input pin for global clock driver KEY[0]~inputCLKENA0, placed at CLKCTRL_G5
        Info (179012): Refclk input I/O pad KEY[0] is placed onto PIN_AA14
Info (184021): Fitter periphery placement operations ending: elapsed time is 00:00:00
Info (176233): Starting register packing
<<<<<<< HEAD
Critical Warning (332012): Synopsys Design Constraints File file not found: 'gpu.sdc'. A Synopsys Design Constraints File is required by the Timing Analyzer to get proper timing constraints. Without it, the Compiler will not properly optimize the design.
Info (332144): No user constrained base clocks found in the design
Info (332143): No user constrained clock uncertainty found in the design. Calling "derive_clock_uncertainty"
Info (332123): Deriving Clock Uncertainty. Please refer to report_sdc in the Timing Analyzer to see clock uncertainties.
Info (332130): Timing requirements not specified -- quality metrics such as performance may be sacrificed to reduce compilation time.
=======
Info (332104): Reading SDC File: 'gpu.sdc'
Info (332151): Clock uncertainty is not calculated until you update the timing netlist.
Warning (332088): No paths exist between clock target "VGA_CLK" of clock "VGA_FORWARD" and its clock source. Assuming zero source clock latency.
Info (332123): Deriving Clock Uncertainty. Please refer to report_sdc in the Timing Analyzer to see clock uncertainties.
Info (332129): Detected timing requirements -- optimizing circuit to achieve only the specified requirements
Info (332111): Found 3 clocks
    Info (332111):   Period   Clock Name
    Info (332111): ======== ============
    Info (332111):   40.000      CLK_25M
    Info (332111):   20.000     CLOCK_50
    Info (332111):   40.000  VGA_FORWARD
>>>>>>> 1ee5570 (busca ativa com erros de exibição)
Info (176235): Finished register packing
    Extra Info (176219): No registers were packed into other blocks
Info (11798): Fitter preparation operations ending: elapsed time is 00:00:06
Info (170189): Fitter placement preparation operations beginning
Info (14951): The Fitter is using Advanced Physical Optimization.
<<<<<<< HEAD
Info (170190): Fitter placement preparation operations ending: elapsed time is 00:00:07
Info (170191): Fitter placement operations beginning
Info (170137): Fitter placement was successful
Info (170192): Fitter placement operations ending: elapsed time is 00:00:04
Info (170193): Fitter routing operations beginning
Info (170195): Router estimated average interconnect usage is 2% of the available device resources
    Info (170196): Router estimated peak interconnect usage is 25% of the available device resources in the region that extends from location X33_Y70 to location X44_Y81
Info (170199): The Fitter performed an Auto Fit compilation.  Optimizations were skipped to reduce compilation time.
    Info (170201): Optimizations that may affect the design's routability were skipped
Info (170194): Fitter routing operations ending: elapsed time is 00:00:16
Info (11888): Total time spent on timing analysis during the Fitter is 4.63 seconds.
=======
Info (170190): Fitter placement preparation operations ending: elapsed time is 00:00:02
Info (170191): Fitter placement operations beginning
Info (170137): Fitter placement was successful
Info (170192): Fitter placement operations ending: elapsed time is 00:00:01
Info (170193): Fitter routing operations beginning
Info (170195): Router estimated average interconnect usage is 0% of the available device resources
    Info (170196): Router estimated peak interconnect usage is 7% of the available device resources in the region that extends from location X22_Y70 to location X32_Y81
Info (170199): The Fitter performed an Auto Fit compilation.  Optimizations were skipped to reduce compilation time.
    Info (170201): Optimizations that may affect the design's routability were skipped
    Info (170200): Optimizations that may affect the design's timing were skipped
Info (170194): Fitter routing operations ending: elapsed time is 00:00:01
Info (11888): Total time spent on timing analysis during the Fitter is 1.15 seconds.
>>>>>>> 1ee5570 (busca ativa com erros de exibição)
Info (334003): Started post-fitting delay annotation
Info (334004): Delay annotation completed successfully
Info (334003): Started post-fitting delay annotation
Info (334004): Delay annotation completed successfully
<<<<<<< HEAD
Info (11801): Fitter post-fit operations ending: elapsed time is 00:00:05
Warning (171167): Found invalid Fitter assignments. See the Ignored Assignments panel in the Fitter Compilation Report for more information.
Info: Quartus Prime Fitter was successful. 0 errors, 8 warnings
    Info: Peak virtual memory: 2632 megabytes
    Info: Processing ended: Tue Sep  1 16:44:12 2026
    Info: Elapsed time: 00:00:52
    Info: Total CPU time (on all processors): 00:04:14
=======
Info (11801): Fitter post-fit operations ending: elapsed time is 00:00:03
Warning (171167): Found invalid Fitter assignments. See the Ignored Assignments panel in the Fitter Compilation Report for more information.
Info: Quartus Prime Fitter was successful. 0 errors, 8 warnings
    Info: Peak virtual memory: 2598 megabytes
    Info: Processing ended: Sat Oct 10 17:23:09 2026
    Info: Elapsed time: 00:00:24
    Info: Total CPU time (on all processors): 00:01:49
>>>>>>> 1ee5570 (busca ativa com erros de exibição)


